,Arg7B_O -- H -- B:ARG:7:N,Arg7B_O -- H -- B:ARG:7:NH1,Arg7B_O -- H -- B:LYS:8:N,Arg7B_O -- H -- B:ILE:9:N,Arg7B_O -- H -- B:MET:10:N
0,0.36442906,0.7940923,0.22781162,0.35876936,0.43555537
1,0.35124087,0.7760273,0.22301124,0.34027562,0.38093027
2,0.3702246,0.7703222,0.22371,0.44293362,0.48724005
3,0.36159596,0.7989553,0.2277646,0.40796322,0.47483665
4,0.36031866,0.7382693,0.21505891,0.36893582,0.40763903
5,0.36057463,0.7284258,0.22937189,0.37236482,0.45346513
6,0.35104284,0.76799005,0.2240715,0.36731273,0.3684809
7,0.3677978,0.74780387,0.23273417,0.40414512,0.45570084
8,0.351998,0.6626699,0.22231385,0.32669216,0.35798192
9,0.36266398,0.7249869,0.22743353,0.4580907,0.47914878
10,0.36105955,0.7250691,0.22638494,0.3877841,0.39967632
11,0.3571231,0.71886146,0.22394533,0.39884874,0.4696972
12,0.36213335,0.7508417,0.22416973,0.34114084,0.34926742
13,0.35332668,0.72174704,0.22087707,0.31830347,0.32669464
14,0.34825432,0.71301216,0.22847073,0.3469286,0.36699146
15,0.3529203,0.70953894,0.22061339,0.35211426,0.3925172
16,0.3715549,0.71081316,0.22548868,0.38894543,0.439278
17,0.37143657,0.78852254,0.23062043,0.412655,0.47276634
18,0.3637911,0.75582415,0.22664726,0.34978357,0.36153552
19,0.3542857,0.8363037,0.22403827,0.34022602,0.3786002
20,0.35575873,0.8439634,0.2235044,0.38019156,0.40466124
21,0.3557309,0.81528807,0.22537917,0.40993702,0.4642884
22,0.34432638,0.8531605,0.22625555,0.3758427,0.38403326
23,0.36415333,0.8161252,0.22544973,0.41609526,0.52022326
24,0.35221618,0.8488686,0.2278355,0.37201625,0.40636647
25,0.35425818,0.8182789,0.2162157,0.34597278,0.39426115
26,0.36429593,0.727929,0.22438969,0.4507107,0.46589068
27,0.3548065,0.64305866,0.23095918,0.4649303,0.54595184
28,0.36698148,0.605146,0.22102779,0.44946146,0.53437144
29,0.35718793,0.6468225,0.22698385,0.40409163,0.48652846
30,0.36442152,0.6147838,0.21983664,0.38387522,0.45605716
31,0.3520265,0.56413096,0.22231491,0.31445456,0.3794003
32,0.36784542,0.6258067,0.22152741,0.35871756,0.45111203
33,0.3603406,0.6095876,0.22886011,0.34131762,0.37560064
34,0.36367595,0.6150023,0.2243721,0.36704803,0.43290523
35,0.36128658,0.6078753,0.22799344,0.37446943,0.46788117
36,0.3586953,0.6948023,0.22200425,0.33785462,0.38672358
37,0.35424587,0.6880162,0.22567543,0.3471115,0.34317157
38,0.36487162,0.7015648,0.22227246,0.3673068,0.41152558
39,0.3598951,0.8577047,0.21757457,0.29804417,0.32558197
40,0.36174664,0.824794,0.22488555,0.32144475,0.34509274
41,0.37525338,0.8225136,0.2322295,0.34931776,0.35111177
42,0.35794935,0.8212919,0.23111156,0.36853093,0.3451745
43,0.35082528,0.7940881,0.22992833,0.3541612,0.39751616
44,0.36118835,0.76407534,0.22270598,0.32885456,0.38835064
45,0.352887,0.74623716,0.22153978,0.34466797,0.3582808
46,0.36428127,0.7254494,0.22367024,0.38007775,0.48405215
47,0.35770947,0.7666376,0.22457597,0.37913364,0.4100021
48,0.36210227,0.783713,0.22160456,0.33341557,0.39568833
49,0.35333514,0.8230276,0.21577,0.3123744,0.35010132
50,0.35550326,0.80302405,0.23127343,0.3287329,0.33934134
51,0.36626256,0.7444327,0.22595094,0.36109048,0.35916066
52,0.36868948,0.7903359,0.22053108,0.3854037,0.3981756
53,0.36327016,0.76571923,0.22187783,0.34954733,0.37285674
54,0.36775213,0.7644295,0.21598402,0.32038406,0.38211155
55,0.37372822,0.74270004,0.22582102,0.29624975,0.30131435
56,0.36486107,0.8231142,0.22222954,0.31488627,0.3320606
57,0.36209124,0.8287684,0.22107954,0.32269508,0.31502622
58,0.3608454,0.836033,0.23844482,0.30287918,0.32529593
59,0.3657638,0.78925484,0.22263874,0.35350987,0.38183188
60,0.36039543,0.81038445,0.2237058,0.29859027,0.320231
61,0.35789043,0.7764572,0.21959648,0.32124966,0.36966252
62,0.3621525,0.79439276,0.22398777,0.33446148,0.35882673
63,0.36040115,0.80551744,0.2211514,0.34883916,0.33278224
64,0.3526444,0.82626116,0.22572757,0.3490929,0.34067675
65,0.35771903,0.8200366,0.2228196,0.35090402,0.33929113
66,0.36995554,0.80534726,0.2238509,0.37332693,0.34953028
67,0.3561459,0.73107815,0.22156636,0.36417297,0.39158076
68,0.36144304,0.82253474,0.23010758,0.37023702,0.34841487
69,0.34706894,0.80341417,0.22130993,0.36966002,0.36891705
70,0.37045962,0.77355707,0.2300565,0.38603455,0.3920192
71,0.3437662,0.81069064,0.2244982,0.3487099,0.34167272
72,0.3621735,0.8138414,0.2187182,0.41708887,0.3981833
73,0.36877954,0.849323,0.22652812,0.37265706,0.36715415
74,0.3639858,0.82897305,0.22383384,0.36092255,0.3404704
75,0.36406693,0.7626709,0.22601408,0.41154984,0.47822258
76,0.35681513,0.7471782,0.22089896,0.37231705,0.39929575
77,0.3509892,0.7348295,0.22606012,0.36115536,0.332812
78,0.36268824,0.56045586,0.224115,0.3201768,0.3179866
79,0.36046666,0.5673207,0.22367966,0.34708363,0.31970266
80,0.35177267,0.56648207,0.23005478,0.36554414,0.3626122
81,0.36297315,0.5933243,0.22288017,0.35717702,0.41173258
82,0.35506463,0.6065476,0.22152375,0.37656456,0.46230558
83,0.36303708,0.65509504,0.22621183,0.33369586,0.42190263
84,0.36683407,0.6390892,0.2252223,0.37293157,0.39748907
85,0.37107384,0.57957506,0.23335612,0.43423548,0.5894004
86,0.36477065,0.63034046,0.22626878,0.35124213,0.4097234
87,0.3632215,0.61786544,0.2260563,0.3716452,0.42242342
88,0.34336373,0.7967019,0.22806534,0.29877588,0.3433965
89,0.37089077,0.74874306,0.2234734,0.39226758,0.4695975
90,0.35842782,0.6559424,0.21904293,0.4412392,0.5267447
91,0.3636819,0.6946967,0.22201277,0.35596833,0.41570017
92,0.36430126,0.54709804,0.22640826,0.408826,0.42708907
93,0.35729912,0.5523875,0.22909161,0.39540076,0.40929994
94,0.3636729,0.5741405,0.21907777,0.39958605,0.43429607
95,0.36900508,0.5649313,0.22365722,0.42858392,0.4458551
96,0.36463928,0.6328108,0.2256268,0.3929457,0.3872091
97,0.36233437,0.7092885,0.22552837,0.44247028,0.4746269
98,0.3604355,0.56983733,0.2285805,0.39971617,0.3802049
99,0.3618378,0.55097383,0.22370563,0.38644308,0.38352618
100,0.358185,0.6016753,0.22075981,0.32693383,0.33917353
101,0.34263414,0.6154937,0.22300003,0.3316616,0.34057757
102,0.3535791,0.6575047,0.22129597,0.37298825,0.38753125
103,0.3670097,0.63351405,0.2309208,0.36265633,0.3717915
104,0.35872364,0.5234349,0.22912145,0.3726859,0.34302634
105,0.3559468,0.58608466,0.22714646,0.38505477,0.3964532
106,0.3682473,0.68984807,0.22404589,0.3830709,0.42028767
107,0.352311,0.6205826,0.22157086,0.35464135,0.39400923
108,0.35772148,0.5647756,0.21611954,0.36906877,0.4150606
109,0.36670762,0.6251518,0.22722757,0.37890166,0.42650437
110,0.35258737,0.6994178,0.21993063,0.32522902,0.33937684
111,0.36671507,0.57351434,0.2210896,0.35830468,0.41498566
112,0.36709893,0.5946378,0.23015074,0.37711015,0.43904692
113,0.36114588,0.5078982,0.22209212,0.4235397,0.4361461
114,0.36056662,0.585213,0.22949603,0.41015223,0.40755105
115,0.37559798,0.5464025,0.23405096,0.43545493,0.49091753
116,0.3625732,0.61854535,0.21994622,0.4574768,0.42454273
117,0.3667011,0.56224936,0.2255542,0.42675713,0.44061437
118,0.36741254,0.56047314,0.234069,0.39700663,0.40737262
119,0.3647821,0.615906,0.22678962,0.38200188,0.3653188
120,0.3388925,0.6076127,0.224472,0.35562423,0.35950717
121,0.35248077,0.59501344,0.21387498,0.3584143,0.3359373
122,0.35807315,0.53281736,0.21926156,0.35811666,0.35866886
123,0.36757168,0.5652755,0.22907278,0.35821962,0.3706176
124,0.36176094,0.63287926,0.2282871,0.30922526,0.3129406
125,0.36287025,0.5125361,0.22667772,0.36895588,0.42048398
126,0.36367837,0.5597914,0.22493957,0.36849123,0.32634738
127,0.3482699,0.69902396,0.22711942,0.30598152,0.29529282
128,0.3588244,0.6534521,0.2232074,0.31129128,0.32424343
129,0.3572371,0.63908446,0.21308783,0.33696517,0.3570107
130,0.3618916,0.5863942,0.22038676,0.32191107,0.30706042
131,0.36705607,0.6088506,0.22457884,0.3218837,0.3466105
132,0.35568705,0.6831923,0.22875349,0.30078632,0.2977997
133,0.3612715,0.5780353,0.22275777,0.2928607,0.2962702
134,0.36184603,0.6962208,0.22730933,0.29584303,0.28564563
135,0.3674746,0.6560876,0.22239669,0.30802107,0.3210449
136,0.36440843,0.62614775,0.22376558,0.31161112,0.31162483
137,0.3632288,0.6031406,0.22009286,0.35357088,0.3190286
138,0.34062326,0.689269,0.21959697,0.3093915,0.3023942
139,0.34563497,0.73600084,0.21816121,0.3377721,0.3295338
140,0.35812938,0.69315267,0.22067678,0.316518,0.35202137
141,0.35496318,0.65828305,0.22180289,0.34773076,0.39447367
142,0.36232722,0.6882411,0.21870564,0.2952415,0.3149226
143,0.36390686,0.6473454,0.2228248,0.33090007,0.33163112
144,0.35825667,0.6557998,0.22144194,0.31302553,0.33570993
145,0.3606363,0.6135384,0.22876717,0.35007933,0.36292642
146,0.360805,0.676055,0.22687458,0.3555076,0.38575527
147,0.36282584,0.66533,0.23130615,0.36074093,0.39018074
148,0.3594668,0.66148937,0.2156375,0.35897556,0.36084574
149,0.3549299,0.6422909,0.22788453,0.3460092,0.3412397
150,0.35308325,0.697607,0.22803085,0.32366157,0.34939772
151,0.35483852,0.7725686,0.21877895,0.33826274,0.3210276
152,0.36886448,0.72953963,0.22963157,0.33277732,0.32323968
153,0.36234772,0.7366508,0.22480439,0.33792403,0.32821086
154,0.3507697,0.7671851,0.22010273,0.3142343,0.31405187
155,0.34266326,0.7831495,0.22870535,0.3257948,0.34383893
156,0.3471545,0.7272963,0.22230627,0.31583682,0.31641892
157,0.35639474,0.7340465,0.22283086,0.37186784,0.44966164
158,0.35506612,0.7423427,0.22096275,0.31251577,0.39536473
159,0.36333323,0.7535561,0.23300779,0.39833212,0.48489985
160,0.34917504,0.7450208,0.22224797,0.3627356,0.38181567
161,0.33509642,0.80113304,0.22246614,0.32241273,0.3226781
162,0.3479976,0.75769687,0.22813721,0.3461277,0.32631123
163,0.3596196,0.6477876,0.22434725,0.35806763,0.38070023
164,0.3622151,0.7428417,0.22258364,0.34017965,0.38471407
165,0.3548659,0.72592974,0.21898057,0.36348358,0.37854835
166,0.36809123,0.74269646,0.22361064,0.39997473,0.3771258
167,0.35395315,0.76586413,0.22354165,0.359155,0.4396938
168,0.36060604,0.7465288,0.23609807,0.3520309,0.41428995
169,0.36132857,0.75691545,0.22434323,0.3719859,0.3890519
170,0.35771403,0.7258474,0.22527365,0.34866998,0.41083366
171,0.367366,0.7244311,0.22769396,0.40523478,0.41030383
172,0.36420593,0.6643853,0.22416104,0.36567128,0.44357798
173,0.3520496,0.7378944,0.22214092,0.3322152,0.32773358
174,0.36112663,0.7313668,0.22612226,0.35181674,0.3426689
175,0.3573932,0.71840686,0.22566602,0.3507988,0.34301284
176,0.36205623,0.7109841,0.22352076,0.3395383,0.38194257
177,0.36159512,0.6993168,0.2267803,0.35384846,0.42618933
178,0.3638872,0.7275574,0.22856237,0.3776553,0.4071643
179,0.36286435,0.6637959,0.22542462,0.373474,0.4624055
180,0.35330325,0.6439037,0.22858213,0.32360104,0.38439038
181,0.36055335,0.67724407,0.22769597,0.38405982,0.36400494
182,0.36402106,0.62755805,0.22326156,0.3682482,0.40690726
183,0.36209467,0.64687586,0.22176597,0.38158473,0.37510303
184,0.36082006,0.5288956,0.22535318,0.2977855,0.35640943
185,0.36662298,0.45514226,0.23215128,0.35484204,0.39741445
186,0.36095548,0.5452757,0.22220668,0.3298731,0.38397434
187,0.35645375,0.55092025,0.22573395,0.34476602,0.43579736
188,0.36222816,0.6923137,0.22742097,0.38243687,0.45063093
189,0.34395492,0.79213476,0.22170071,0.31009462,0.28307986
190,0.3617858,0.707346,0.22010715,0.35505736,0.39340204
191,0.35956812,0.72453666,0.22883579,0.35488084,0.42176473
192,0.3630552,0.7335823,0.2266698,0.37308082,0.43800497
193,0.37114254,0.73103476,0.22513978,0.40941572,0.5133675
194,0.3421241,0.7703489,0.22225778,0.3148807,0.43739033
195,0.3685261,0.6673372,0.22322348,0.430287,0.49558818
196,0.36652124,0.65252614,0.22289872,0.36327088,0.45131198
197,0.35103402,0.74186087,0.22351994,0.34040856,0.4336466
198,0.36175302,0.7151737,0.22242993,0.36983383,0.42539063
199,0.36526674,0.71648896,0.22935584,0.3135441,0.37035778
200,0.36771336,0.6815234,0.22707671,0.41945344,0.47212085
201,0.3646279,0.712756,0.2150315,0.40776572,0.45594382
202,0.3526384,0.73091066,0.22924769,0.3646826,0.4027084
203,0.35002494,0.642276,0.2253469,0.38437676,0.44595447
204,0.36775002,0.56919974,0.22457923,0.35317218,0.43471324
205,0.35541484,0.7027775,0.22497898,0.361492,0.4554942
206,0.35489374,0.6828943,0.2278789,0.38630682,0.50692785
207,0.36350992,0.7244423,0.2299389,0.38317105,0.4584734
208,0.36790404,0.7024515,0.22516024,0.37762418,0.5278958
209,0.35974038,0.73610485,0.2248816,0.36337942,0.44803584
210,0.35139197,0.6881085,0.22957645,0.3467268,0.3718866
211,0.36367705,0.6857456,0.22195467,0.38617426,0.44855452
212,0.36787513,0.71525955,0.21622838,0.34830582,0.35662454
213,0.36113042,0.7245063,0.22957696,0.34396642,0.36220288
214,0.35345414,0.7356801,0.22827335,0.36466148,0.33685073
215,0.3599513,0.74624854,0.22455226,0.35556236,0.3790518
216,0.35535732,0.7270759,0.22199695,0.37800738,0.44058087
217,0.37297338,0.7156114,0.22559834,0.38682452,0.4509508
218,0.3527384,0.7575324,0.2230321,0.31858128,0.42203945
219,0.3532397,0.75384676,0.2241902,0.3406223,0.3760055
220,0.35821527,0.742055,0.22754245,0.36071464,0.41150805
221,0.36351576,0.66088504,0.23053728,0.36775234,0.43634525
222,0.3493269,0.7463718,0.21766436,0.34848195,0.43000096
223,0.3625042,0.7269733,0.22104725,0.38527375,0.43856168
224,0.35960367,0.7570495,0.2266874,0.39527068,0.39836794
225,0.35899934,0.7187845,0.2284608,0.3851424,0.4318884
226,0.35560212,0.7476054,0.220287,0.3754594,0.39749828
227,0.35668772,0.7309394,0.22622024,0.42554897,0.5309125
228,0.34953898,0.71695256,0.22149311,0.34593084,0.44508457
229,0.35793808,0.70160306,0.2221624,0.355209,0.4814491
230,0.36203575,0.62071705,0.22705376,0.40322575,0.45939863
231,0.35236713,0.53432333,0.21846905,0.3804957,0.42669645
232,0.34847748,0.6035432,0.2290451,0.35717714,0.4007447
233,0.36536726,0.5231521,0.2246992,0.38769925,0.41756397
234,0.35352904,0.7111044,0.21697994,0.3307796,0.45055693
235,0.37408274,0.7048203,0.23127408,0.34651536,0.3438664
236,0.36469278,0.69045085,0.22040558,0.33567047,0.40835962
237,0.3595295,0.71535105,0.22965741,0.31236368,0.34291202
238,0.36291084,0.663584,0.21932253,0.38075358,0.45877498
239,0.36839125,0.5086281,0.22925965,0.38269305,0.45215183
240,0.3639563,0.49826163,0.22384234,0.35660923,0.413587
241,0.3654757,0.533923,0.22142579,0.3211391,0.37209177
242,0.3753534,0.5163294,0.22423846,0.3457453,0.39273542
243,0.36074477,0.4927239,0.21743494,0.3360468,0.38115337
244,0.36560926,0.5178464,0.21236035,0.3327003,0.41504854
245,0.35077316,0.5366484,0.21854411,0.32291222,0.36199227
246,0.34127977,0.64913946,0.22869587,0.36443293,0.32920372
247,0.36482346,0.5732793,0.21897957,0.32922202,0.36768568
248,0.3608212,0.4557935,0.21696837,0.33678135,0.39807647
249,0.3615315,0.51889694,0.21801464,0.3051021,0.38526496
250,0.358291,0.5880556,0.23144054,0.3625801,0.3735513
251,0.3645567,0.55710685,0.22139563,0.39132282,0.38219696
252,0.35568044,0.6111334,0.22230634,0.3771206,0.36335632
253,0.360771,0.5552005,0.22244856,0.38171014,0.42306876
254,0.35492387,0.61322373,0.22429723,0.37738344,0.4362739
255,0.36028442,0.51458293,0.22078784,0.41502637,0.47733113
256,0.34893703,0.5184881,0.22085875,0.33134583,0.36405247
257,0.35600656,0.5409114,0.22807212,0.36494187,0.4420473
258,0.34919128,0.5232598,0.22102049,0.3707489,0.42050782
259,0.3586265,0.5177723,0.22261286,0.3795991,0.43282956
260,0.3560323,0.54050744,0.22387102,0.38157415,0.45851725
261,0.36633152,0.5848811,0.22175518,0.287528,0.37865883
262,0.3660031,0.58907807,0.22117215,0.32969669,0.41127786
263,0.35920343,0.5943963,0.22024879,0.33197823,0.35704488
264,0.36555788,0.57669866,0.2196274,0.33429068,0.38861758
265,0.3584103,0.63548553,0.21643062,0.30093825,0.3427575
266,0.36271796,0.6857765,0.22012159,0.31363934,0.36679637
267,0.3608704,0.7323094,0.22313043,0.34673664,0.38034752
268,0.35782766,0.7291232,0.2230813,0.36747018,0.3760364
269,0.35602158,0.7214768,0.222554,0.37757164,0.45835268
270,0.36744416,0.69013953,0.2171503,0.32468066,0.42782468
271,0.3707432,0.6218703,0.22232929,0.35266083,0.38076508
272,0.3550359,0.7323339,0.21985887,0.3278255,0.37358582
273,0.36020115,0.60589236,0.22209238,0.3400466,0.33473533
274,0.3595375,0.57118374,0.22428423,0.33145472,0.37487778
275,0.36834958,0.5940537,0.22249062,0.3143387,0.3956857
276,0.36881277,0.5297073,0.22523779,0.33076915,0.34691396
277,0.362315,0.5596142,0.22086258,0.3779487,0.47575364
278,0.34573594,0.5109568,0.21906899,0.32866526,0.39413536
279,0.3578045,0.60692924,0.21405506,0.32932055,0.3967708
280,0.36121154,0.58217466,0.22234054,0.29525462,0.3643921
281,0.36462548,0.5913468,0.22649476,0.33319265,0.428168
282,0.351802,0.57031494,0.23344246,0.3298948,0.40202656
283,0.34891152,0.6095403,0.22316313,0.36974016,0.35647145
284,0.3452648,0.58205646,0.21878527,0.3170403,0.3322002
285,0.35675228,0.6265716,0.21248265,0.32106572,0.33774567
286,0.34896794,0.60985297,0.2232515,0.31703702,0.37671438
287,0.35034442,0.50746506,0.22834188,0.35301518,0.37025324
288,0.35802662,0.5122391,0.23118573,0.34725407,0.3995994
289,0.36138955,0.5522607,0.22598752,0.30850667,0.37718797
290,0.362302,0.57255566,0.23347758,0.33790606,0.3650439
291,0.35739854,0.55119485,0.22361979,0.37399194,0.39290494
292,0.35396034,0.59892756,0.22189066,0.31764874,0.333221
293,0.34954214,0.4970336,0.22227086,0.30495423,0.37949166
294,0.3550884,0.5123195,0.2213603,0.31759715,0.35861832
295,0.36180323,0.49433097,0.23052791,0.3197124,0.3637353
296,0.36981252,0.49187443,0.22290653,0.33843344,0.39843136
297,0.35626924,0.4750303,0.22402857,0.33394554,0.37304085
298,0.35434538,0.5415959,0.2329576,0.33759898,0.4210251
299,0.3625265,0.48409656,0.21767668,0.34163815,0.3845517
300,0.3563548,0.49588472,0.22064176,0.4006966,0.3845356
301,0.3620198,0.47196501,0.22409134,0.32860342,0.37605917
302,0.3579681,0.5267286,0.23458482,0.3314272,0.34812468
303,0.35979617,0.5173351,0.21862493,0.33746076,0.35117212
304,0.36128893,0.5436072,0.22360672,0.3239648,0.3937295
305,0.34888566,0.5312795,0.22789876,0.31525034,0.3131968
306,0.3512951,0.46676654,0.22827172,0.29463154,0.3313394
307,0.36365888,0.5251866,0.22236659,0.32229105,0.37559003
308,0.36010516,0.49563405,0.22561753,0.32750607,0.3899767
309,0.3561867,0.4716938,0.2218175,0.3117786,0.3961687
310,0.37367353,0.4654131,0.22933184,0.3563033,0.37760946
311,0.35548306,0.45114627,0.22479512,0.3359304,0.37332338
312,0.34828442,0.5520805,0.22659008,0.31065026,0.3142375
313,0.35893437,0.52959275,0.2243611,0.37654194,0.43470567
314,0.35836837,0.49096078,0.2242171,0.31369966,0.36977598
315,0.36254373,0.5501814,0.2229003,0.37426683,0.4089675
316,0.37447563,0.56406224,0.21764158,0.35885322,0.4036638
317,0.35330954,0.6201446,0.22561115,0.3205834,0.41550213
318,0.3496508,0.71485627,0.22768661,0.30760035,0.35827515
319,0.35662508,0.6090604,0.22358388,0.37339237,0.43702185
320,0.35560384,0.6809799,0.22021568,0.3166885,0.354109
321,0.36941463,0.710175,0.22624941,0.36674425,0.39275384
322,0.35694683,0.7518095,0.2227739,0.31311962,0.36282113
323,0.36697102,0.7054461,0.22453171,0.31256872,0.36720246
324,0.3451192,0.7453306,0.2264731,0.30681333,0.35746554
325,0.35545245,0.7312117,0.22760846,0.3281852,0.38503867
326,0.36187112,0.7439716,0.22769465,0.3422323,0.42277592
327,0.37693354,0.71868,0.22433679,0.3973216,0.41673908
328,0.364713,0.7305552,0.22079517,0.37726346,0.40487826
329,0.35793287,0.6822052,0.22487228,0.3829675,0.43003315
330,0.34659997,0.67950267,0.22814953,0.37683648,0.4024056
331,0.356724,0.7395661,0.22154135,0.3359622,0.3553963
332,0.34886718,0.7553021,0.22420388,0.31493297,0.34152785
333,0.36413172,0.70907867,0.23370957,0.37554982,0.42162207
334,0.35751906,0.7236214,0.22186841,0.3596138,0.396702
335,0.35775155,0.72658825,0.22920156,0.35974368,0.43623263
336,0.35347292,0.732007,0.21728599,0.33053514,0.42229646
337,0.3601732,0.7304224,0.22845814,0.3555111,0.41802764
338,0.35706893,0.74074495,0.22062717,0.35800782,0.45741323
339,0.35354552,0.7499141,0.23109691,0.33869874,0.43766487
340,0.36280733,0.70114386,0.22639945,0.3417926,0.38707867
341,0.35435045,0.7408433,0.22909434,0.36327583,0.4321495
342,0.36503002,0.64524657,0.2303931,0.38344502,0.39652368
343,0.34232154,0.7524134,0.22130734,0.3600303,0.41329023
344,0.35857457,0.7692015,0.22441103,0.36469048,0.4777285
345,0.3636798,0.6189573,0.22712615,0.3641829,0.42690295
346,0.35892692,0.7023601,0.22461903,0.39564767,0.47028592
347,0.3555228,0.7057902,0.22995473,0.38098434,0.38609645
348,0.35767603,0.6638294,0.22930463,0.37845215,0.3939527
349,0.3534593,0.55946946,0.22718309,0.36295325,0.36080527
350,0.36284363,0.6257171,0.22234078,0.36134133,0.36854175
351,0.36333415,0.5877914,0.22382255,0.36972058,0.3373651
352,0.36221102,0.59602785,0.22797288,0.3400552,0.3779544
353,0.35478687,0.59180784,0.2220961,0.309779,0.30144912
354,0.36259672,0.60482436,0.22677724,0.36624178,0.3567081
355,0.3395277,0.5777492,0.22266963,0.31626788,0.31124812
356,0.36259323,0.47880897,0.22531706,0.37310424,0.4036253
357,0.35969326,0.484495,0.22326188,0.3792753,0.4359828
358,0.3636825,0.52457523,0.22187246,0.41170913,0.43319926
359,0.35005897,0.5846547,0.2230935,0.42481762,0.4218965
360,0.36963046,0.64688736,0.22009085,0.3725912,0.45539433
361,0.3651643,0.6332372,0.22301048,0.40416813,0.501759
362,0.3567379,0.62643886,0.22263728,0.3491078,0.3413491
363,0.3515999,0.70082486,0.21925358,0.33555186,0.40063873
364,0.35291955,0.75406164,0.22843784,0.3729436,0.40190724
365,0.3597718,0.7484419,0.2305471,0.39563867,0.40646
366,0.36418295,0.7497483,0.22367476,0.36193183,0.37935433
367,0.35840288,0.7763968,0.22619155,0.34270248,0.31762812
368,0.3587073,0.753727,0.22059612,0.3623402,0.37666568
369,0.34441608,0.6634047,0.22591056,0.31327716,0.3307833
370,0.3567432,0.6503189,0.2304798,0.3540149,0.35336506
371,0.35560945,0.7370486,0.2246233,0.38184285,0.35980394
372,0.35644555,0.7288849,0.22843766,0.40618774,0.38376868
373,0.3419054,0.7624938,0.22061881,0.28620484,0.30711082
374,0.36934572,0.73261595,0.23097618,0.31636667,0.3126345
375,0.36290154,0.73991627,0.22764817,0.3334748,0.31777766
376,0.36471647,0.7610169,0.21937874,0.31167024,0.32071087
377,0.3555456,0.7465607,0.22243796,0.34990987,0.36203805
378,0.36767396,0.69002515,0.22099978,0.34262443,0.3401462
379,0.357975,0.7162748,0.22296274,0.33865488,0.35097274
380,0.36609563,0.60547954,0.22504465,0.31043482,0.32220626
381,0.34467325,0.7882744,0.22871085,0.28678963,0.2912489
382,0.35404557,0.74610275,0.22117104,0.332086,0.35224614
383,0.37036088,0.7531002,0.22224446,0.31973568,0.34195024
384,0.35528064,0.74299866,0.22685887,0.32272482,0.31490788
385,0.3491432,0.76961297,0.22947407,0.31616953,0.3624642
386,0.34704703,0.75456035,0.22734426,0.3074303,0.3301663
387,0.36326393,0.7182708,0.22795643,0.3688626,0.38200742
388,0.37196994,0.7541046,0.22728446,0.32590145,0.36363366
389,0.36310935,0.7003425,0.22831877,0.3594927,0.42016143
390,0.3521755,0.665847,0.2160678,0.34937173,0.3908838
391,0.35941124,0.6709422,0.22509749,0.29465705,0.3487425
392,0.35307425,0.63550156,0.21875413,0.2814704,0.30752406
393,0.3662627,0.6715335,0.22362557,0.3258171,0.39286152
394,0.3613997,0.6280932,0.22916046,0.35139614,0.3805753
395,0.35464725,0.61553127,0.22164911,0.3575649,0.38814652
396,0.35560992,0.64288205,0.21992733,0.33085307,0.39671046
397,0.3729569,0.64623034,0.22497055,0.3320714,0.3429229
398,0.35958555,0.652259,0.22630315,0.31674305,0.4070808
399,0.3672455,0.66784835,0.21810335,0.3556222,0.3861525
400,0.3559792,0.66202164,0.22302358,0.33989388,0.38647005
401,0.36492732,0.6383013,0.21791413,0.2898259,0.33551887
402,0.3655719,0.5912625,0.22292656,0.33379066,0.36763567
403,0.3494012,0.5710201,0.22134288,0.3072583,0.3128379
404,0.3578254,0.6107777,0.22505166,0.32991314,0.35204285
405,0.36452985,0.5719069,0.22368757,0.30119318,0.32379362
406,0.3586385,0.5882489,0.21070033,0.31228465,0.31585795
407,0.3646711,0.6045768,0.22048582,0.32984218,0.39126757
408,0.364571,0.5704113,0.22666533,0.36021805,0.46835658
409,0.36934966,0.5692081,0.21644054,0.31919536,0.43896535
410,0.37048474,0.531782,0.22109447,0.3213494,0.38830388
411,0.36793947,0.5768032,0.22239357,0.31955743,0.3076816
412,0.35150388,0.6230827,0.22548677,0.32395223,0.34441686
413,0.3591659,0.64954776,0.2303617,0.3538782,0.37761486
414,0.3594017,0.6673804,0.2202044,0.34759855,0.34601963
415,0.35819876,0.70907503,0.22754662,0.31743273,0.3683537
416,0.36760932,0.6532123,0.22913317,0.3433462,0.3726083
417,0.36558667,0.6550646,0.2216853,0.29222295,0.3544836
418,0.34732735,0.6415227,0.22061212,0.3282791,0.3562616
419,0.3773317,0.64648616,0.23444459,0.35341212,0.32227886
420,0.36070615,0.69730264,0.22480594,0.35567567,0.4134677
421,0.36581165,0.7272943,0.22784479,0.32875285,0.34231547
422,0.35429966,0.7152184,0.224075,0.3320798,0.3243751
423,0.3620379,0.72962713,0.21591212,0.32958597,0.36721972
424,0.3730746,0.7292348,0.23257658,0.3499977,0.4271123
425,0.36294034,0.74245685,0.22331645,0.31601268,0.39878565
426,0.36376807,0.6877387,0.2242357,0.34833845,0.38307872
427,0.3542558,0.73022807,0.22919038,0.2794924,0.28315675
428,0.35716146,0.6936738,0.22585249,0.31857145,0.3901091
429,0.3614944,0.73400986,0.2262563,0.2975023,0.32223573
430,0.3543807,0.6454616,0.21918847,0.36664793,0.42283556
431,0.3538683,0.6888059,0.22754638,0.29581195,0.3238276
432,0.36144468,0.76692194,0.224719,0.32088542,0.3508245
433,0.3587218,0.66570574,0.22768588,0.31222737,0.36167008
434,0.35688177,0.6431625,0.21988402,0.3394824,0.4201735
435,0.3597085,0.6014875,0.22368461,0.35965335,0.42712212
436,0.3609477,0.5894281,0.22644348,0.34024882,0.37708575
437,0.3584724,0.59589636,0.22175635,0.3564756,0.38328707
438,0.3533557,0.6823154,0.22349393,0.3342665,0.3784572
439,0.35455936,0.7440018,0.22980145,0.32404667,0.3498211
440,0.35258445,0.7307477,0.21767902,0.3343254,0.39233398
441,0.35721594,0.5145398,0.2269115,0.35696238,0.43845192
442,0.3621,0.6241433,0.22664496,0.34504497,0.3466723
443,0.36577448,0.6350582,0.22949013,0.31820202,0.40169865
444,0.36804423,0.48081315,0.22705434,0.33118597,0.44747692
445,0.37178308,0.54552513,0.22910076,0.33362743,0.38590628
446,0.36416847,0.44936574,0.22574463,0.40473944,0.41384193
447,0.3567275,0.55294347,0.22721975,0.3255742,0.35027808
448,0.36458492,0.5703909,0.2251355,0.34221783,0.3782725
449,0.36495632,0.5404103,0.22366211,0.3705046,0.42130494
450,0.3423244,0.5154141,0.21794689,0.31520653,0.396485
451,0.3649535,0.5654426,0.22624706,0.35408774,0.44325167
452,0.34996608,0.5263191,0.21736647,0.3225053,0.3533515
453,0.36063087,0.5200195,0.22114594,0.33118606,0.44221458
454,0.35706842,0.5110643,0.22708577,0.34779298,0.42630786
455,0.36006892,0.5798134,0.21480657,0.31322592,0.41462925
456,0.36926702,0.51953363,0.22264524,0.37708297,0.46658352
457,0.3716159,0.64479715,0.22873175,0.3574049,0.45071825
458,0.3613833,0.5404012,0.22638632,0.34518218,0.38796654
459,0.35231587,0.5632297,0.22659767,0.27152476,0.32092607
460,0.3511058,0.55257076,0.22203547,0.31718934,0.37704438
461,0.36730736,0.6009776,0.22191247,0.3285305,0.39447242
462,0.36056343,0.53378916,0.22354892,0.32562104,0.3965853
463,0.35830966,0.70285803,0.22062294,0.31140897,0.36568385
464,0.3562469,0.61304784,0.22194915,0.338589,0.41797
465,0.361669,0.50720334,0.22354856,0.33506525,0.43518013
466,0.36175713,0.53868437,0.22759739,0.3566273,0.41341615
467,0.3688499,0.57279533,0.23118925,0.34946495,0.4265697
468,0.3551415,0.49730414,0.22316994,0.32453504,0.40004164
469,0.3624519,0.53411376,0.22434637,0.33956447,0.40098032
470,0.35965404,0.69093513,0.21759187,0.3684996,0.4217323
471,0.36181918,0.62436664,0.22711799,0.3528533,0.46799353
472,0.36866882,0.46744135,0.22326908,0.39281455,0.4669104
473,0.36608854,0.51745474,0.22052474,0.33406273,0.38998374
474,0.35210362,0.53473437,0.2253026,0.34556553,0.42752147
475,0.34864455,0.59829986,0.22593042,0.28494722,0.37616783
476,0.34761253,0.56682837,0.23160581,0.3703454,0.43399557
477,0.3591208,0.58315575,0.22833288,0.3443333,0.4169807
478,0.35849115,0.568265,0.22471963,0.3478324,0.4255538
479,0.36887878,0.52998745,0.22286956,0.34080404,0.36962065
480,0.35378525,0.5721173,0.22355184,0.32313097,0.4149282
481,0.37110972,0.51303,0.22300082,0.33142245,0.40954232
482,0.3609824,0.6319166,0.21877466,0.3517959,0.4259922
483,0.3653691,0.74393666,0.227218,0.33983532,0.3644078
484,0.34928486,0.7049072,0.21748996,0.35709703,0.39019448
485,0.3574497,0.699922,0.22089241,0.32768124,0.3479928
486,0.36717355,0.69378424,0.22582161,0.34847388,0.4102595
487,0.35810795,0.66854554,0.22159925,0.3481847,0.40087134
488,0.37183586,0.6690759,0.22329335,0.3507805,0.45091745
489,0.35252067,0.67488265,0.22750165,0.31538492,0.32216147
490,0.3479085,0.7357181,0.22155449,0.36000496,0.41028652
491,0.35823467,0.73791766,0.22750652,0.30126247,0.3450988
492,0.34833294,0.7511918,0.2290894,0.3312142,0.31316796
493,0.35906404,0.7533517,0.22110155,0.3184546,0.34522933
494,0.35759586,0.7318334,0.2254012,0.3513338,0.4209282
495,0.36676356,0.7441805,0.22192964,0.32817128,0.4072022
496,0.3683844,0.74097306,0.22575888,0.33824345,0.38479203
497,0.3602466,0.7356198,0.22226222,0.3126965,0.40821666
498,0.353768,0.6989455,0.22256185,0.34768933,0.41049194
