,Arg7B_N -- H -- B:GLU:5:O,Arg7B_N -- H -- B:VAL:6:O,Arg7B_N -- H -- B:ARG:7:O,Arg7B_N -- H -- B:MET:10:SD,Arg7B_N -- H -- B:MET:10:O
0,0.3011176,0.22301778,0.36442906,1.0199074,0.5319543
1,0.31787467,0.2215543,0.35124087,1.0242498,0.5601878
2,0.31201687,0.22244428,0.3702246,0.92426765,0.52653223
3,0.30900675,0.22367908,0.36159596,1.0065818,0.53194314
4,0.3322638,0.2222378,0.36031866,1.0145457,0.53634554
5,0.32593134,0.2231188,0.36057463,1.0362085,0.5942793
6,0.3543332,0.22851479,0.35104284,0.9487576,0.5491579
7,0.29268268,0.22705297,0.3677978,0.96721315,0.52608097
8,0.34065342,0.21647654,0.351998,0.96384764,0.57340175
9,0.34178507,0.22808808,0.36266398,0.8982732,0.5032857
10,0.33143896,0.2242207,0.36105955,1.0032787,0.46896833
11,0.2917511,0.22766387,0.3571231,1.0088596,0.5611262
12,0.33263624,0.22534811,0.36213335,0.97715634,0.5687167
13,0.3549151,0.22929943,0.35332668,1.0027755,0.5481471
14,0.31686345,0.22181594,0.34825432,1.0137427,0.57304627
15,0.3465912,0.22773804,0.3529203,1.0070277,0.5580658
16,0.3342521,0.2229534,0.3715549,1.0014504,0.50971806
17,0.33774725,0.22293757,0.37143657,0.9377503,0.50721663
18,0.37547013,0.2194258,0.3637911,0.9544824,0.5563199
19,0.34620917,0.21928243,0.3542857,0.97319704,0.5401548
20,0.37523726,0.22056475,0.35575873,0.9673486,0.5438371
21,0.323887,0.23375991,0.3557309,0.9747292,0.56576824
22,0.3189475,0.22634977,0.34432638,0.96976835,0.58570534
23,0.3304609,0.22264382,0.36415333,0.98494166,0.52293634
24,0.31651786,0.22700785,0.35221618,0.94515866,0.5268391
25,0.3203921,0.22909835,0.35425818,0.96886235,0.5962362
26,0.30969566,0.22584908,0.36429593,0.8754153,0.46853644
27,0.3134377,0.22669587,0.3548065,0.9581357,0.6150043
28,0.30005574,0.22533809,0.36698148,0.9441098,0.6055607
29,0.3378824,0.2299533,0.35718793,0.97445136,0.638787
30,0.3152596,0.22676796,0.36442152,1.0323052,0.6516671
31,0.29273546,0.22647183,0.3520265,1.0367508,0.6514378
32,0.33244556,0.22263613,0.36784542,1.1011037,0.7123788
33,0.3731844,0.22019832,0.3603406,1.0476229,0.67127717
34,0.30144355,0.2295527,0.36367595,1.0999961,0.69377977
35,0.30992907,0.2256865,0.36128658,1.0803447,0.7293629
36,0.3359273,0.22091396,0.3586953,0.96659064,0.7146991
37,0.3036616,0.22835721,0.35424587,0.85370713,0.7430537
38,0.34119612,0.2259756,0.36487162,0.87435174,0.7051881
39,0.3931761,0.21990092,0.3598951,0.8956643,0.75144404
40,0.32575816,0.22917297,0.36174664,0.78816783,0.7366984
41,0.37076893,0.22461721,0.37525338,0.85864985,0.7287594
42,0.3515814,0.22998033,0.35794935,0.77444124,0.70918787
43,0.3194512,0.22341445,0.35082528,0.90810066,0.7193883
44,0.33818236,0.2258649,0.36118835,0.99694324,0.75444543
45,0.3326266,0.22302075,0.352887,0.9289063,0.74061847
46,0.34297675,0.21792556,0.36428127,0.9876093,0.81013596
47,0.3426688,0.21763432,0.35770947,0.9317571,0.74066967
48,0.33645156,0.21860017,0.36210227,0.89088583,0.73427635
49,0.33201432,0.22766435,0.35333514,0.93124014,0.7812058
50,0.35210145,0.2247891,0.35550326,0.8361745,0.7571769
51,0.32693908,0.22519124,0.36626256,0.75523853,0.7708728
52,0.34742808,0.22443597,0.36868948,0.7745657,0.7255038
53,0.36312658,0.22312337,0.36327016,0.83030903,0.782904
54,0.32186124,0.22694585,0.36775213,0.85161006,0.75695413
55,0.31428045,0.21962708,0.37372822,0.8313564,0.7660154
56,0.33050996,0.2184195,0.36486107,0.78705895,0.7046428
57,0.37019336,0.22431578,0.36209124,0.8371913,0.7442599
58,0.31905857,0.21379437,0.3608454,0.83779454,0.7852941
59,0.34774905,0.22247225,0.3657638,0.8420343,0.7947548
60,0.35134935,0.2249927,0.36039543,0.8367337,0.7570175
61,0.36344433,0.22399715,0.35789043,0.79071385,0.75365937
62,0.29656336,0.2198662,0.3621525,0.80091196,0.7344718
63,0.31604517,0.22275372,0.36040115,0.7861649,0.7451315
64,0.34342176,0.21924956,0.3526444,0.7492124,0.7802663
65,0.293092,0.22141743,0.35771903,0.6927424,0.77920663
66,0.32328433,0.22224568,0.36995554,0.7243251,0.8002492
67,0.31089056,0.23051815,0.3561459,0.7841055,0.8180578
68,0.31087178,0.23184352,0.36144304,0.734486,0.7217166
69,0.31931707,0.22609812,0.34706894,0.7201445,0.7165423
70,0.36290476,0.22103341,0.37045962,0.76816416,0.752124
71,0.33211473,0.22811225,0.3437662,0.6896226,0.72761965
72,0.34372285,0.22449966,0.3621735,0.59855795,0.700748
73,0.33328167,0.22239454,0.36877954,0.59859014,0.651301
74,0.32959223,0.2214277,0.3639858,0.61420083,0.643404
75,0.3436682,0.21752532,0.36406693,0.5543775,0.6663483
76,0.32364467,0.22123182,0.35681513,0.61899984,0.7144253
77,0.34164223,0.22837117,0.3509892,0.6427224,0.68703353
78,0.327512,0.22771057,0.36268824,0.655025,0.6896578
79,0.34041205,0.21778522,0.36046666,0.5727541,0.64697987
80,0.31122103,0.22361623,0.35177267,0.63694894,0.7043022
81,0.32057655,0.22466916,0.36297315,0.67987657,0.6909736
82,0.29440966,0.22536294,0.35506463,0.7342406,0.6256819
83,0.28494912,0.21905915,0.36303708,0.6223466,0.6031637
84,0.29733223,0.22326721,0.36683407,0.65757304,0.6234341
85,0.31367558,0.2170922,0.37107384,0.6922564,0.567518
86,0.3430518,0.22512296,0.36477065,0.565046,0.6230725
87,0.31860206,0.21581212,0.3632215,0.66330856,0.64048964
88,0.32182664,0.22478326,0.34336373,0.6353197,0.6678566
89,0.30843568,0.21828422,0.37089077,0.6039722,0.6555947
90,0.3281096,0.2291556,0.35842782,0.6611216,0.6145111
91,0.30475387,0.2224155,0.3636819,0.6907615,0.6149823
92,0.30034602,0.22318761,0.36430126,0.6186582,0.61838174
93,0.30333287,0.22352454,0.35729912,0.6278124,0.64869523
94,0.29793796,0.23004128,0.3636729,0.6387392,0.6292532
95,0.2997554,0.21907897,0.36900508,0.57589364,0.6560983
96,0.33161762,0.2141037,0.36463928,0.4864781,0.67277896
97,0.31244713,0.22391112,0.36233437,0.55980074,0.6638954
98,0.28781396,0.22245584,0.3604355,0.60342747,0.69520915
99,0.28443614,0.2229188,0.3618378,0.59751904,0.6731232
100,0.28119588,0.22493811,0.358185,0.5784302,0.71955645
101,0.28733662,0.23206733,0.34263414,0.56271446,0.69710606
102,0.34132954,0.21834885,0.3535791,0.59396654,0.69738126
103,0.31156775,0.22780007,0.3670097,0.5767104,0.64293844
104,0.32134208,0.21942501,0.35872364,0.54123926,0.6678893
105,0.33319786,0.22684708,0.3559468,0.6206952,0.701811
106,0.3226563,0.21906067,0.3682473,0.60579616,0.65090644
107,0.31438452,0.21551168,0.352311,0.63319653,0.6712142
108,0.29423502,0.22109738,0.35772148,0.6136285,0.6662562
109,0.31653687,0.22253236,0.36670762,0.5592093,0.6393561
110,0.3207338,0.22943005,0.35258737,0.6638736,0.7045221
111,0.30643475,0.21597111,0.36671507,0.6011828,0.700895
112,0.33204886,0.22869962,0.36709893,0.6055844,0.65848356
113,0.3073248,0.22695437,0.36114588,0.5461357,0.64111406
114,0.30465284,0.22528617,0.36056662,0.55699056,0.6633638
115,0.3119535,0.23101743,0.37559798,0.61105365,0.6698129
116,0.30769762,0.22530343,0.3625732,0.65656877,0.6756618
117,0.33182833,0.223358,0.3667011,0.6553614,0.68565273
118,0.32891762,0.22172514,0.36741254,0.7456249,0.6857042
119,0.2991057,0.22276285,0.3647821,0.72511417,0.7238546
120,0.29693675,0.22979166,0.3388925,0.70227486,0.66181284
121,0.31326672,0.22539905,0.35248077,0.71069837,0.7165927
122,0.31292072,0.22517142,0.35807315,0.7455713,0.6793815
123,0.3062324,0.22597195,0.36757168,0.7692423,0.7790202
124,0.33976212,0.22217074,0.36176094,0.9062174,0.6961284
125,0.3412054,0.22137544,0.36287025,0.77928644,0.79247075
126,0.35804033,0.22244093,0.36367837,0.7175543,0.7758937
127,0.29769585,0.22262679,0.3482699,0.7524688,0.782946
128,0.295455,0.22607729,0.3588244,0.76909995,0.7887532
129,0.3110483,0.22953434,0.3572371,0.683899,0.7330873
130,0.2811141,0.21878785,0.3618916,0.7513082,0.73468757
131,0.3071761,0.21684377,0.36705607,0.774088,0.78241307
132,0.3205837,0.2301478,0.35568705,0.61854535,0.78193724
133,0.29525325,0.22507803,0.3612715,0.69061565,0.81534344
134,0.3449985,0.2200565,0.36184603,0.76344454,0.77148557
135,0.31716993,0.22288793,0.3674746,0.70156366,0.77241766
136,0.29930723,0.22525,0.36440843,0.6616413,0.7146135
137,0.34330702,0.22068478,0.3632288,0.7548086,0.7452129
138,0.3213475,0.21862155,0.34062326,0.6757473,0.7473461
139,0.321435,0.22382426,0.34563497,0.7246382,0.78190947
140,0.33998722,0.22258507,0.35812938,0.82502985,0.7988033
141,0.29435092,0.22271533,0.35496318,0.7734881,0.79456997
142,0.3099544,0.2243241,0.36232722,0.8226625,0.7457923
143,0.30658975,0.22261488,0.36390686,0.7829858,0.8316195
144,0.28927025,0.2229561,0.35825667,0.800575,0.83338994
145,0.29699188,0.22905006,0.3606363,0.74749684,0.7403293
146,0.28135842,0.22583336,0.360805,0.7762828,0.7452196
147,0.30675596,0.2220943,0.36282584,0.7328413,0.7055865
148,0.31329712,0.22386923,0.3594668,0.525485,0.62473637
149,0.30252525,0.22686307,0.3549299,0.675468,0.68560976
150,0.3194262,0.23293643,0.35308325,0.73180604,0.76596683
151,0.28854278,0.2240157,0.35483852,0.72677225,0.7183599
152,0.34871328,0.22232884,0.36886448,0.7417921,0.7119635
153,0.3059758,0.2266071,0.36234772,0.7856185,0.7588457
154,0.29359424,0.22584745,0.3507697,0.856183,0.7628506
155,0.290011,0.21723916,0.34266326,0.76945025,0.7393625
156,0.31239405,0.22332512,0.3471545,0.86339605,0.7320613
157,0.31640428,0.22700891,0.35639474,0.8731917,0.7962997
158,0.3160921,0.2243635,0.35506612,0.8971263,0.8311567
159,0.3003604,0.22305351,0.36333323,0.932174,0.8020325
160,0.2874882,0.22577861,0.34917504,0.7793464,0.79483557
161,0.27709314,0.2233507,0.33509642,0.74447984,0.76839495
162,0.28803563,0.22114742,0.3479976,0.66727245,0.72511506
163,0.28202662,0.22418518,0.3596196,0.58613455,0.68296456
164,0.3084214,0.22558321,0.3622151,0.56824386,0.6411538
165,0.30756208,0.21839592,0.3548659,0.5882946,0.68694085
166,0.29288328,0.21898574,0.36809123,0.561092,0.6772899
167,0.2899109,0.22623351,0.35395315,0.5845537,0.6460315
168,0.30700338,0.22397473,0.36060604,0.6597843,0.6306303
169,0.3150482,0.22248162,0.36132857,0.60625154,0.6744449
170,0.31835017,0.22459666,0.35771403,0.62392306,0.59718424
171,0.30272254,0.21884261,0.367366,0.6180392,0.5775561
172,0.32147726,0.23320234,0.36420593,0.6356558,0.62808275
173,0.28638676,0.22411975,0.3520496,0.5957461,0.6326654
174,0.29523972,0.21849915,0.36112663,0.5793273,0.6908982
175,0.32542986,0.22924109,0.3573932,0.6421592,0.7079132
176,0.30369863,0.22181334,0.36205623,0.6837169,0.6274101
177,0.34745824,0.22701313,0.36159512,0.57376516,0.6654312
178,0.30397293,0.22878583,0.3638872,0.62638354,0.65168893
179,0.32123548,0.22267468,0.36286435,0.6622892,0.59614176
180,0.27847907,0.22680733,0.35330325,0.5841082,0.59196156
181,0.29534703,0.22377387,0.36055335,0.58428377,0.6935986
182,0.29625636,0.2204337,0.36402106,0.63707006,0.71963274
183,0.28101197,0.22469416,0.36209467,0.59344935,0.65297884
184,0.29393604,0.22471595,0.36082006,0.7248419,0.7853107
185,0.31267244,0.22596478,0.36662298,0.58628565,0.7283102
186,0.30083093,0.21952613,0.36095548,0.5474688,0.6700985
187,0.30507994,0.22217886,0.35645375,0.6317018,0.5475668
188,0.28906024,0.22182512,0.36222816,0.55620086,0.60578674
189,0.3267534,0.22180887,0.34395492,0.6519484,0.6450774
190,0.31232768,0.22241767,0.3617858,0.72532606,0.63375795
191,0.28222808,0.225349,0.35956812,0.6704282,0.7055524
192,0.30438703,0.22378297,0.3630552,0.6441684,0.6719277
193,0.30100426,0.22854316,0.37114254,0.6985589,0.68335634
194,0.29260254,0.22680622,0.3421241,0.71426916,0.62486964
195,0.29727668,0.22356795,0.3685261,0.7562723,0.626833
196,0.3028278,0.22816204,0.36652124,0.75867057,0.63233787
197,0.2848426,0.2271373,0.35103402,0.75646967,0.6196265
198,0.27059728,0.22344698,0.36175302,0.7372594,0.62749285
199,0.30252174,0.22085889,0.36526674,0.7125445,0.67278993
200,0.33997354,0.21727373,0.36771336,0.72817594,0.6319792
201,0.31727287,0.22973722,0.3646279,0.7548539,0.6594658
202,0.30116317,0.22294897,0.3526384,0.76195383,0.69391066
203,0.31026128,0.21199417,0.35002494,0.8099304,0.5498617
204,0.29396096,0.23102418,0.36775002,0.860125,0.5784517
205,0.2947988,0.22954609,0.35541484,0.95283353,0.53930765
206,0.2999689,0.22766718,0.35489374,0.9508353,0.5828299
207,0.3005643,0.21871337,0.36350992,0.8907545,0.5410169
208,0.28013563,0.22763973,0.36790404,0.939584,0.55230445
209,0.30246866,0.22838835,0.35974038,0.8685806,0.45745435
210,0.29605523,0.23167907,0.35139197,0.8191388,0.44714662
211,0.30682617,0.22475006,0.36367705,0.78668904,0.43366486
212,0.30669332,0.22770442,0.36787513,0.7481265,0.44142625
213,0.29063964,0.22921553,0.36113042,0.82301277,0.5402365
214,0.31037885,0.22414643,0.35345414,0.81297153,0.4753763
215,0.3048755,0.22074753,0.3599513,0.9027971,0.5319197
216,0.3139107,0.22540666,0.35535732,0.86409914,0.49837855
217,0.2890532,0.22539964,0.37297338,0.8904705,0.57065547
218,0.29293972,0.22707167,0.3527384,0.7666362,0.49271682
219,0.27720925,0.2297304,0.3532397,0.82376945,0.5192116
220,0.30156228,0.223746,0.35821527,0.8328352,0.497016
221,0.29746956,0.22146006,0.36351576,0.8354021,0.5208871
222,0.28427273,0.22004595,0.3493269,0.9386931,0.5350503
223,0.28756627,0.22427042,0.3625042,0.8959072,0.5101315
224,0.2926409,0.22682227,0.35960367,0.8632905,0.50074154
225,0.27389163,0.23058787,0.35899934,0.8655998,0.5538857
226,0.29266575,0.23146003,0.35560212,0.842294,0.5414132
227,0.30052513,0.21907577,0.35668772,0.7776514,0.5781892
228,0.27349263,0.22447751,0.34953898,0.8376524,0.5383427
229,0.31300277,0.22721401,0.35793808,0.8543609,0.5641226
230,0.31462705,0.21969616,0.36203575,0.87644064,0.5187317
231,0.29318094,0.22436959,0.35236713,0.8699987,0.5399726
232,0.306641,0.22496445,0.34847748,0.8683503,0.5016732
233,0.30405828,0.22777738,0.36536726,0.8110649,0.43961486
234,0.3101146,0.2225919,0.35352904,0.84044933,0.5164213
235,0.28741252,0.22984247,0.37408274,0.7922671,0.4507009
236,0.31379628,0.22173893,0.36469278,0.81014484,0.388361
237,0.29324862,0.21530011,0.3595295,0.7852694,0.39866865
238,0.3247647,0.22503152,0.36291084,0.86315626,0.41882914
239,0.27667347,0.22645126,0.36839125,0.86260945,0.44383642
240,0.275656,0.22317182,0.3639563,0.85970235,0.38298997
241,0.3113262,0.22642927,0.3654757,0.85213107,0.4011904
242,0.2995763,0.22850735,0.3753534,0.917131,0.50032157
243,0.30922034,0.21720156,0.36074477,0.9691611,0.46832114
244,0.28488597,0.23176908,0.36560926,0.98764116,0.5224619
245,0.28101686,0.22153507,0.35077316,1.0166082,0.5664673
246,0.29735506,0.22670925,0.34127977,0.91585743,0.45786974
247,0.3041742,0.22012052,0.36482346,0.9028726,0.52085996
248,0.32851034,0.22481044,0.3608212,0.9531646,0.5434682
249,0.296816,0.23033622,0.3615315,0.9408073,0.48768947
250,0.3066428,0.22091359,0.358291,0.97522527,0.52950925
251,0.28615907,0.2245057,0.3645567,0.90813106,0.5111235
252,0.2855065,0.21961308,0.35568044,0.9238735,0.540609
253,0.29912212,0.2283474,0.360771,0.93545276,0.541588
254,0.30045605,0.22967167,0.35492387,0.94754606,0.5379462
255,0.30019823,0.22819224,0.36028442,0.95357525,0.54757816
256,0.30017725,0.21716015,0.34893703,0.8673698,0.47726753
257,0.29779822,0.22421667,0.35600656,0.925895,0.5656243
258,0.30872616,0.22141594,0.34919128,0.88536704,0.5393256
259,0.3121497,0.21849117,0.3586265,0.95631206,0.48279968
260,0.3104737,0.22651047,0.3560323,0.9158338,0.48434392
261,0.31159756,0.22151895,0.36633152,1.0068312,0.5615563
262,0.30634114,0.23223068,0.3660031,0.9544013,0.4781137
263,0.30512026,0.22027434,0.35920343,0.89640796,0.4853119
264,0.31662017,0.22786798,0.36555788,0.8925075,0.4662244
265,0.31126413,0.22271326,0.3584103,0.9733553,0.5875403
266,0.31680468,0.22603357,0.36271796,1.003542,0.58706695
267,0.3242223,0.22250636,0.3608704,0.9463779,0.5329299
268,0.30660498,0.22191022,0.35782766,0.8997779,0.46552107
269,0.2950225,0.22887392,0.35602158,0.9490455,0.45540914
270,0.2886883,0.2262205,0.36744416,0.9186417,0.44318435
271,0.33263794,0.23615532,0.3707432,0.77772635,0.410351
272,0.29789943,0.22460344,0.3550359,0.7519383,0.4897325
273,0.3208663,0.22302635,0.36020115,0.7572401,0.50340265
274,0.29953077,0.21768433,0.3595375,0.7261313,0.43304798
275,0.32928583,0.22908837,0.36834958,0.57868075,0.43118274
276,0.3108577,0.22189443,0.36881277,0.5546516,0.5089155
277,0.3072766,0.21789864,0.362315,0.58694106,0.50656426
278,0.30483797,0.2255678,0.34573594,0.64644206,0.53600824
279,0.31700498,0.22863896,0.3578045,0.63054144,0.5327926
280,0.31124356,0.22313057,0.36121154,0.60103273,0.54738915
281,0.29784882,0.22429802,0.36462548,0.6640437,0.48995155
282,0.32070398,0.22879925,0.351802,0.58650094,0.61888325
283,0.31392378,0.22599144,0.34891152,0.543144,0.668402
284,0.31329265,0.22334701,0.3452648,0.5495657,0.6965295
285,0.30652982,0.2244055,0.35675228,0.60546196,0.677797
286,0.31170923,0.22746317,0.34896794,0.5300872,0.6168135
287,0.29545045,0.2203023,0.35034442,0.619759,0.7049235
288,0.28728014,0.22771685,0.35802662,0.56063807,0.67778754
289,0.28449607,0.22437873,0.36138955,0.5127317,0.70643175
290,0.32079124,0.22039604,0.362302,0.53634,0.69184464
291,0.30316868,0.21678118,0.35739854,0.5020483,0.7091228
292,0.2950011,0.22520195,0.35396034,0.56186235,0.7268512
293,0.3509466,0.22206977,0.34954214,0.5098904,0.6422851
294,0.32285753,0.22846182,0.3550884,0.60174054,0.63868797
295,0.29889444,0.22377919,0.36180323,0.58451754,0.71333474
296,0.3093824,0.22999607,0.36981252,0.59683925,0.64608824
297,0.28803378,0.21648373,0.35626924,0.5419416,0.5859262
298,0.3452008,0.22029324,0.35434538,0.5454646,0.6382833
299,0.32709536,0.22666818,0.3625265,0.61053455,0.6238041
300,0.2925982,0.22592323,0.3563548,0.40670785,0.65814394
301,0.300438,0.22870506,0.3620198,0.3971827,0.6282341
302,0.32491812,0.22782166,0.3579681,0.5139504,0.7660886
303,0.281006,0.22482534,0.35979617,0.37598065,0.6758027
304,0.31045273,0.22456369,0.36128893,0.38097063,0.6706559
305,0.28035092,0.22052336,0.34888566,0.40869448,0.7298354
306,0.332475,0.22138745,0.3512951,0.3991051,0.6894414
307,0.32594958,0.22067277,0.36365888,0.394474,0.62741977
308,0.28591028,0.21608563,0.36010516,0.40808064,0.688545
309,0.32930836,0.21610965,0.3561867,0.5270568,0.6327547
310,0.3694031,0.22027315,0.37367353,0.48169318,0.61989987
311,0.30570802,0.22645469,0.35548306,0.5314933,0.61916095
312,0.32712486,0.23485504,0.34828442,0.58188605,0.7079676
313,0.31449,0.22744015,0.35893437,0.5927827,0.6733327
314,0.2893844,0.22700873,0.35836837,0.60438776,0.7314912
315,0.30311888,0.22668841,0.36254373,0.6105701,0.6955412
316,0.3395169,0.21673375,0.37447563,0.6312515,0.60706234
317,0.31466103,0.23020074,0.35330954,0.6233604,0.55871797
318,0.30951712,0.22393273,0.3496508,0.7360682,0.6791228
319,0.30163798,0.22954726,0.35662508,0.6539914,0.6350061
320,0.30981952,0.23117207,0.35560384,0.5599798,0.6477973
321,0.29611138,0.22331487,0.36941463,0.6484407,0.6584442
322,0.2958804,0.22764666,0.35694683,0.66668797,0.6254968
323,0.3289508,0.2285332,0.36697102,0.6228742,0.66744566
324,0.2811812,0.224659,0.3451192,0.643292,0.59614754
325,0.2864548,0.21880572,0.35545245,0.65451103,0.6539951
326,0.2903694,0.22440816,0.36187112,0.67268074,0.569427
327,0.2952864,0.22282271,0.37693354,0.6868334,0.6195847
328,0.2933218,0.22268116,0.364713,0.66551983,0.62005705
329,0.29570723,0.22490843,0.35793287,0.72802913,0.6482701
330,0.2819371,0.22512053,0.34659997,0.7208705,0.62108827
331,0.31802583,0.22315152,0.356724,0.5922271,0.7121354
332,0.3003145,0.22126272,0.34886718,0.6343959,0.63656336
333,0.3441309,0.221246,0.36413172,0.61019146,0.61105883
334,0.29807076,0.21934006,0.35751906,0.73396206,0.618326
335,0.32232618,0.21994837,0.35775155,0.73465145,0.62466806
336,0.3083224,0.2259803,0.35347292,0.7326404,0.659289
337,0.29328418,0.22748214,0.3601732,0.7351363,0.62141144
338,0.2884066,0.21962477,0.35706893,0.77076626,0.5989728
339,0.28923878,0.22109799,0.35354552,0.7550818,0.6447419
340,0.29466653,0.21822268,0.36280733,0.62851334,0.643028
341,0.28758794,0.22210951,0.35435045,0.7490975,0.7284912
342,0.3005562,0.22409432,0.36503002,0.7236537,0.702538
343,0.28284073,0.22314374,0.34232154,0.71391815,0.67760736
344,0.30712232,0.22440782,0.35857457,0.74936306,0.6146686
345,0.29963672,0.22066212,0.3636798,0.57827616,0.6343883
346,0.30421716,0.22524881,0.35892692,0.6849287,0.56490153
347,0.2989559,0.22007525,0.3555228,0.7320371,0.6450674
348,0.31886986,0.22595248,0.35767603,0.6640628,0.68695647
349,0.3008699,0.22170024,0.3534593,0.5325154,0.7180924
350,0.2875552,0.23259172,0.36284363,0.5675897,0.6811409
351,0.32277757,0.22618578,0.36333415,0.5977748,0.68981
352,0.30143324,0.22672346,0.36221102,0.69142365,0.6740569
353,0.28327605,0.22228776,0.35478687,0.6552775,0.65624845
354,0.3010239,0.22173108,0.36259672,0.6800206,0.6628816
355,0.3233179,0.21845849,0.3395277,0.68807304,0.6620357
356,0.30506155,0.21649048,0.36259323,0.6584311,0.6212032
357,0.30388498,0.23021063,0.35969326,0.7132373,0.6292861
358,0.28465566,0.22550881,0.3636825,0.7419619,0.6251257
359,0.3508509,0.2313909,0.35005897,0.77101773,0.5934411
360,0.32290104,0.22563292,0.36963046,0.7735145,0.647966
361,0.34126425,0.22442533,0.3651643,0.7950397,0.65642864
362,0.32315823,0.22331943,0.3567379,0.6621735,0.64677554
363,0.31902862,0.22063725,0.3515999,0.6203705,0.6748041
364,0.28888726,0.22508477,0.35291955,0.73384255,0.67415607
365,0.29739112,0.2186402,0.3597718,0.73823446,0.65822774
366,0.2983276,0.21860172,0.36418295,0.77801716,0.7024807
367,0.3144715,0.22176026,0.35840288,0.72066313,0.7021206
368,0.27619895,0.21607305,0.3587073,0.6811744,0.67649984
369,0.2981203,0.22583118,0.34441608,0.65168434,0.73745656
370,0.2989256,0.221,0.3567432,0.60636634,0.7181868
371,0.30520016,0.21946745,0.35560945,0.5776564,0.7019421
372,0.29498327,0.22399178,0.35644555,0.6970572,0.7042364
373,0.30253458,0.22123006,0.3419054,0.8060178,0.74080276
374,0.31529883,0.21582225,0.36934572,0.8256169,0.79689676
375,0.30896476,0.22313593,0.36290154,0.7781322,0.7608944
376,0.29600483,0.21882494,0.36471647,0.8583851,0.75896513
377,0.35918242,0.23185721,0.3555456,0.806441,0.76661706
378,0.30667683,0.22407754,0.36767396,0.74692243,0.74456215
379,0.32539588,0.21785328,0.357975,0.7664107,0.747687
380,0.3135011,0.22683683,0.36609563,0.8352193,0.77192163
381,0.30373284,0.22794639,0.34467325,0.7494015,0.7270457
382,0.31683367,0.22122334,0.35404557,0.9278217,0.7931001
383,0.31135276,0.21796414,0.37036088,0.941733,0.80994755
384,0.31896248,0.21769832,0.35528064,0.872573,0.73928434
385,0.32126245,0.23289387,0.3491432,0.94511116,0.7747585
386,0.29114047,0.22664219,0.34704703,0.9907342,0.72093433
387,0.32624504,0.22597335,0.36326393,0.95082885,0.7508626
388,0.31749162,0.22714286,0.37196994,0.93233204,0.7793322
389,0.291262,0.22206594,0.36310935,1.0184429,0.704587
390,0.31134713,0.21801502,0.3521755,0.99988014,0.69805616
391,0.32453448,0.22715533,0.35941124,0.9770774,0.7002717
392,0.3208501,0.22748601,0.35307425,0.97112364,0.66781497
393,0.3215481,0.2279821,0.3662627,0.9378587,0.55991477
394,0.30814555,0.22008559,0.3613997,0.9436866,0.6231719
395,0.30815443,0.2282095,0.35464725,0.9749718,0.6784899
396,0.3012423,0.21969001,0.35560992,1.0326827,0.70369214
397,0.3221946,0.22494127,0.3729569,0.89412445,0.6403843
398,0.32125175,0.22925058,0.35958555,1.0868514,0.68519634
399,0.31252152,0.22479525,0.3672455,0.9811753,0.63437086
400,0.29126558,0.22543187,0.3559792,0.9978183,0.62807715
401,0.30694577,0.22844453,0.36492732,0.9670574,0.6396799
402,0.3338163,0.22738671,0.3655719,0.9686956,0.6480367
403,0.30505106,0.22312872,0.3494012,0.91332227,0.60960054
404,0.33837557,0.21616651,0.3578254,0.8942334,0.57897145
405,0.34898916,0.22340715,0.36452985,0.91423583,0.63145566
406,0.29585135,0.2179841,0.3586385,0.9505247,0.6055001
407,0.30743995,0.22308525,0.3646711,0.9485011,0.6933463
408,0.31278676,0.22120433,0.364571,1.0106379,0.65697986
409,0.3563274,0.22345887,0.36934966,0.922756,0.74794286
410,0.29874146,0.22956155,0.37048474,0.93937224,0.65724653
411,0.3055262,0.22594355,0.36793947,0.8374921,0.5077411
412,0.30645165,0.22247447,0.35150388,0.8715477,0.45660457
413,0.28369886,0.22569805,0.3591659,0.91532505,0.45997226
414,0.31929344,0.22501077,0.3594017,0.8894204,0.45093587
415,0.2830627,0.21963279,0.35819876,0.90540683,0.44856846
416,0.3146907,0.22078758,0.36760932,0.9111284,0.4357632
417,0.29130274,0.22503377,0.36558667,0.8756148,0.37230504
418,0.30196813,0.22754063,0.34732735,0.873651,0.41194615
419,0.30493382,0.22476718,0.3773317,0.945446,0.4259501
420,0.3284285,0.21896692,0.36070615,0.9107415,0.45084688
421,0.3138622,0.22253817,0.36581165,0.91921103,0.43176216
422,0.31518868,0.22190653,0.35429966,0.8817794,0.43175668
423,0.30152082,0.2245935,0.3620379,0.94468284,0.43824708
424,0.3060979,0.22436172,0.3730746,0.94988745,0.5230685
425,0.31807104,0.22108915,0.36294034,0.9635703,0.50664127
426,0.30037197,0.22268848,0.36376807,0.90939635,0.39948043
427,0.3181957,0.2233614,0.3542558,0.9673571,0.46985784
428,0.30106044,0.22506696,0.35716146,0.99480015,0.47950068
429,0.32963282,0.22851747,0.3614944,0.9025427,0.45082211
430,0.30101213,0.22332692,0.3543807,0.9543978,0.4914196
431,0.30939955,0.22184043,0.3538683,0.89948475,0.41367507
432,0.2914941,0.22521082,0.36144468,0.9321849,0.44913355
433,0.30992606,0.22556394,0.3587218,0.9690869,0.4714159
434,0.30878472,0.22511445,0.35688177,1.0179887,0.5519301
435,0.29290465,0.22816175,0.3597085,1.0204751,0.51248664
436,0.31849858,0.21808448,0.3609477,0.98166513,0.57161146
437,0.2823514,0.21633019,0.3584724,0.96539515,0.53678924
438,0.34522742,0.2303476,0.3533557,1.0489006,0.6904166
439,0.31576988,0.22113761,0.35455936,1.0382707,0.5548876
440,0.32574654,0.22901572,0.35258445,1.0391977,0.53365135
441,0.30707115,0.22743979,0.35721594,1.0223224,0.54522973
442,0.33910808,0.22885177,0.3621,0.9771916,0.46625203
443,0.3073342,0.22959825,0.36577448,0.9117127,0.43393376
444,0.3071932,0.2233183,0.36804423,0.9266116,0.45052427
445,0.2881631,0.22551367,0.37178308,0.9110888,0.52419007
446,0.29492152,0.2247208,0.36416847,0.8891496,0.4148848
447,0.28720838,0.22637053,0.3567275,0.90944535,0.43379402
448,0.29730576,0.22979818,0.36458492,0.9571922,0.4703683
449,0.30480376,0.22485124,0.36495632,0.92852426,0.47643557
450,0.27684617,0.23035645,0.3423244,0.8512238,0.5321298
451,0.2940249,0.22703917,0.3649535,0.8339818,0.4373812
452,0.30328476,0.2224079,0.34996608,0.7124359,0.52174103
453,0.32582825,0.23001829,0.36063087,0.699661,0.5811246
454,0.2909954,0.2205421,0.35706842,0.73869544,0.5494368
455,0.3073787,0.22294497,0.36006892,0.70893294,0.5599447
456,0.31989124,0.22836336,0.36926702,0.689014,0.501884
457,0.33714342,0.21554549,0.3716159,0.6536337,0.46355414
458,0.31591398,0.22034925,0.3613833,0.6350943,0.46475545
459,0.35161376,0.2240093,0.35231587,0.59898967,0.46635014
460,0.33144298,0.2195404,0.3511058,0.5817742,0.5778653
461,0.28933144,0.22501878,0.36730736,0.6023016,0.5605093
462,0.2987215,0.22547507,0.36056343,0.5975046,0.50976664
463,0.28991774,0.21770483,0.35830966,0.56838244,0.48155951
464,0.29704222,0.2173926,0.3562469,0.72916853,0.5052126
465,0.29160687,0.21815331,0.361669,0.6727792,0.5520349
466,0.28691754,0.22175987,0.36175713,0.67507887,0.5401152
467,0.2760091,0.22649851,0.3688499,0.6978319,0.5266501
468,0.27518293,0.22338283,0.3551415,0.6629855,0.53053457
469,0.30180812,0.22361974,0.3624519,0.5956632,0.5322832
470,0.29086998,0.21952873,0.35965404,0.73695344,0.51532596
471,0.28991276,0.22428928,0.36181918,0.8068954,0.5491914
472,0.30159754,0.22229998,0.36866882,0.7826737,0.5752908
473,0.32647887,0.22090738,0.36608854,0.69318473,0.53578085
474,0.3268138,0.22198902,0.35210362,0.70314384,0.6174209
475,0.29943997,0.22749774,0.34864455,0.70891285,0.60528946
476,0.32125255,0.225035,0.34761253,0.63438326,0.6895386
477,0.30896595,0.22008725,0.3591208,0.58456206,0.7086928
478,0.29949376,0.22654866,0.35849115,0.6946263,0.74444866
479,0.3367003,0.22413945,0.36887878,0.58311194,0.7521178
480,0.30209434,0.22726466,0.35378525,0.68798,0.73739547
481,0.29021132,0.22169639,0.37110972,0.5467639,0.71673566
482,0.29960012,0.22589998,0.3609824,0.49338943,0.72654235
483,0.3103896,0.22507182,0.3653691,0.58020437,0.71835697
484,0.29259592,0.22219446,0.34928486,0.56381404,0.76834697
485,0.29813805,0.2280714,0.3574497,0.60933656,0.75168186
486,0.32132822,0.2216141,0.36717355,0.5805604,0.75855273
487,0.33011538,0.22069792,0.35810795,0.54463834,0.78225636
488,0.31259376,0.22379613,0.37183586,0.5593405,0.71651226
489,0.33434206,0.22015846,0.35252067,0.5193482,0.7324316
490,0.30981275,0.2250494,0.3479085,0.5458482,0.72290343
491,0.3246007,0.2272927,0.35823467,0.66191226,0.7327752
492,0.3144213,0.22078869,0.34833294,0.56870186,0.6976284
493,0.28977442,0.2245435,0.35906404,0.51612645,0.7172991
494,0.3026048,0.21942326,0.35759586,0.5594647,0.7625854
495,0.30741507,0.22446612,0.36676356,0.6398305,0.7944476
496,0.31366578,0.22596107,0.3683844,0.5928071,0.75253314
497,0.33755985,0.21844664,0.3602466,0.54961956,0.7474579
498,0.29958192,0.23223512,0.353768,0.577104,0.74654365
