,RMSD_6eqe_1
0,0.0
1,0.10461516
2,0.11119894
3,0.11298413
4,0.11428967
5,0.121422894
6,0.12611662
7,0.12556158
8,0.1255169
9,0.12624995
10,0.1291109
11,0.13043287
12,0.12370858
13,0.13052079
14,0.11920032
15,0.12477548
16,0.12993747
17,0.13346784
18,0.13538875
19,0.13401295
20,0.12999044
21,0.13176672
22,0.12220136
23,0.13005513
24,0.14599872
25,0.13772029
26,0.13291472
27,0.14078465
28,0.12970775
29,0.13278809
30,0.13332643
31,0.13679542
32,0.13231885
33,0.12794471
34,0.12971757
35,0.13802904
36,0.14072852
37,0.143601
38,0.14406356
39,0.13853782
40,0.14350511
41,0.13695744
42,0.13745536
43,0.14175004
44,0.14203209
45,0.15994792
46,0.14939529
47,0.142224
48,0.14056358
49,0.13540757
50,0.13586238
51,0.1384329
52,0.14124562
53,0.14468506
54,0.13737187
55,0.13321166
56,0.1422007
57,0.14484707
58,0.14123116
59,0.1487712
60,0.14356904
61,0.14317967
62,0.14405826
63,0.14847963
64,0.14929117
65,0.15530992
66,0.14769123
67,0.15536243
68,0.15317968
69,0.1486049
70,0.14545295
71,0.14643803
72,0.1512555
73,0.15309311
74,0.15041049
75,0.15259443
76,0.145502
77,0.14842811
78,0.14660679
79,0.14436229
80,0.1499131
81,0.14838517
82,0.14707896
83,0.15492044
84,0.14994541
85,0.16000529
86,0.15094846
87,0.14745459
88,0.1531314
89,0.14912032
90,0.15252928
91,0.15195832
92,0.15206563
93,0.1520254
94,0.15244569
95,0.14722101
96,0.15448873
97,0.15216954
98,0.13964842
99,0.15283147
100,0.1491545
101,0.14381918
102,0.15258776
103,0.15886532
104,0.15616922
105,0.15203379
106,0.14752544
107,0.14921603
108,0.14593759
109,0.14899035
110,0.15512434
111,0.14809284
112,0.14858088
113,0.15339252
114,0.15546085
115,0.14597951
116,0.1461767
117,0.1550849
118,0.15512763
119,0.14845215
120,0.1495573
121,0.14792061
122,0.15336926
123,0.15592583
124,0.14616972
125,0.15353538
126,0.14966123
127,0.14840235
128,0.1445511
129,0.15076259
130,0.14586945
131,0.14788097
132,0.15237042
133,0.15267126
134,0.15821896
135,0.15192813
136,0.14808767
137,0.15542148
138,0.15327616
139,0.15240723
140,0.15037489
141,0.15172161
142,0.14864092
143,0.14940383
144,0.15169808
145,0.14755481
146,0.14819609
147,0.14481363
148,0.14653723
149,0.14148183
150,0.14465687
151,0.15062895
152,0.15260948
153,0.15194994
154,0.14175723
155,0.14553529
156,0.14484178
157,0.15213436
158,0.15022565
159,0.1515535
160,0.14701137
161,0.14321528
162,0.14944476
163,0.14142597
164,0.15031725
165,0.14687778
166,0.15008813
167,0.14757381
168,0.15033421
169,0.14753582
170,0.15464705
171,0.14665894
172,0.14664331
173,0.14180218
174,0.14496316
175,0.15460089
176,0.15389855
177,0.15065603
178,0.15258609
179,0.1465581
180,0.1495573
181,0.14918868
182,0.15023074
183,0.15420797
184,0.15388861
185,0.14627257
186,0.14387234
187,0.14247471
188,0.14818232
189,0.14888595
190,0.14630568
191,0.14302292
192,0.14970721
193,0.14933898
194,0.14187047
195,0.13855806
196,0.14360811
197,0.14152867
198,0.14497197
199,0.14034034
200,0.14097464
201,0.14341271
202,0.13172223
203,0.1423118
204,0.1393908
205,0.14229389
206,0.14347313
207,0.1425981
208,0.14259988
209,0.14709803
210,0.13504753
211,0.13936703
212,0.13426
213,0.13205466
214,0.15321128
215,0.14352287
216,0.14196746
217,0.13817303
218,0.14021496
219,0.14083534
220,0.15051383
221,0.15308145
222,0.14281067
223,0.14565435
224,0.13755175
225,0.13844211
226,0.13670781
227,0.14687778
228,0.13673204
229,0.13613228
230,0.13526818
231,0.13592991
232,0.14798091
233,0.14558783
234,0.14170867
235,0.14087516
236,0.13986182
237,0.13946028
238,0.13770178
239,0.13765734
240,0.13698536
241,0.14028765
242,0.14184351
243,0.1456876
244,0.14020406
245,0.1354584
246,0.13554116
247,0.1465059
248,0.13937616
249,0.14033853
250,0.15155855
251,0.1418543
252,0.13505696
253,0.13909057
254,0.14226879
255,0.13463919
256,0.1421487
257,0.14592536
258,0.13765179
259,0.14172846
260,0.14286777
261,0.14194053
262,0.14152147
263,0.14047651
264,0.14261597
265,0.14283566
266,0.14484002
267,0.15299317
268,0.16017248
269,0.15480521
270,0.1552623
271,0.16328382
272,0.15185931
273,0.15561654
274,0.15282147
275,0.16750069
276,0.15637802
277,0.16652845
278,0.1535885
279,0.15413192
280,0.15321295
281,0.15263954
282,0.15271467
283,0.15607943
284,0.16018361
285,0.16185853
286,0.1611087
287,0.15812065
288,0.16907299
289,0.15361504
290,0.16128582
291,0.16065238
292,0.15664023
293,0.15354866
294,0.15720716
295,0.15790126
296,0.15821251
297,0.1542212
298,0.14631091
299,0.155551
300,0.15455636
301,0.1585714
302,0.15993677
303,0.16285396
304,0.1611625
305,0.17551333
306,0.1656721
307,0.15790287
308,0.16687098
309,0.16269891
310,0.16076341
311,0.16208515
312,0.1604698
313,0.1595394
314,0.16422406
315,0.16279759
316,0.1691167
317,0.15762173
318,0.17207825
319,0.16611925
320,0.16068412
321,0.16486852
322,0.17101282
323,0.16074438
324,0.16804159
325,0.16771665
326,0.17033474
327,0.17331372
328,0.15537064
329,0.16715182
330,0.1630276
331,0.15962566
332,0.16626649
333,0.17452729
334,0.16928996
335,0.15463057
336,0.1625453
337,0.16939232
338,0.16152588
339,0.16074756
340,0.16731797
341,0.15998776
342,0.15759584
343,0.149559
344,0.15034269
345,0.15523112
346,0.15494512
347,0.15721202
348,0.16036493
349,0.15456297
350,0.15942593
351,0.15779951
352,0.15585878
353,0.15364325
354,0.1628696
355,0.15300816
356,0.15264621
357,0.15319298
358,0.15563291
359,0.15221979
360,0.1542212
361,0.15660606
362,0.16197817
363,0.15906577
364,0.1603999
365,0.15832849
366,0.15764436
367,0.15752143
368,0.16150378
369,0.15656699
370,0.15552805
371,0.15413523
372,0.15796581
373,0.15199186
374,0.15650348
375,0.15320297
376,0.15751332
377,0.14924848
378,0.1591859
379,0.15950106
380,0.15869354
381,0.15459925
382,0.14744075
383,0.1507034
384,0.15377593
385,0.15711795
386,0.1516443
387,0.15641387
388,0.15225662
389,0.15422615
390,0.15686628
391,0.15361671
392,0.15846045
393,0.1562345
394,0.15805455
395,0.15819319
396,0.16095991
397,0.15036643
398,0.15445408
399,0.16117832
400,0.16758284
401,0.15852639
402,0.16410294
403,0.16204426
404,0.16394754
405,0.16149274
406,0.15923715
407,0.15698649
408,0.16328071
409,0.15576717
410,0.16347885
411,0.15355696
412,0.162713
413,0.1575295
414,0.16211818
415,0.16406566
416,0.1610644
417,0.16587508
418,0.1633369
419,0.17476666
420,0.1646674
421,0.16716555
422,0.16564286
423,0.17517313
424,0.16872737
425,0.17398605
426,0.1685611
427,0.16236328
428,0.1595458
429,0.15876901
430,0.16172618
431,0.16524225
432,0.16276626
433,0.16301353
434,0.17156197
435,0.17650539
436,0.18037957
437,0.17364727
438,0.16779415
439,0.16616526
440,0.16635998
441,0.16719146
442,0.16604711
443,0.16166785
444,0.15847653
445,0.15275139
446,0.15617903
447,0.15559033
448,0.1461139
449,0.15353039
450,0.14873178
451,0.1583639
452,0.15491386
453,0.16415109
454,0.16289464
455,0.16743219
456,0.16477726
457,0.17043798
458,0.17946433
459,0.18225782
460,0.18493883
461,0.1788297
462,0.18440327
463,0.19309525
464,0.18116361
465,0.18390217
466,0.18926182
467,0.18691722
468,0.17422615
469,0.18757068
470,0.18881953
471,0.19861758
472,0.18696086
473,0.16074756
474,0.17400801
475,0.17059644
476,0.17170009
477,0.16453111
478,0.17406368
479,0.16869865
480,0.16672121
481,0.17021498
482,0.17274652
483,0.17451124
484,0.16668604
485,0.1707219
486,0.18427327
487,0.18236268
488,0.17333136
489,0.17730081
490,0.17680122
491,0.18942204
492,0.17664975
493,0.18527073
494,0.17340194
495,0.17027338
496,0.16126211
497,0.15740487
498,0.16618061
499,0.16582742
500,0.15558541
501,0.16423337
502,0.16474323
503,0.17138506
504,0.18528035
505,0.18177183
506,0.17675939
507,0.1706756
508,0.17335637
509,0.17554528
510,0.1883938
511,0.18976085
512,0.19423248
513,0.2097426
514,0.19880487
515,0.20870578
516,0.20046102
517,0.18973264
518,0.1936647
519,0.18659782
520,0.18836944
521,0.17958644
522,0.1695728
523,0.17514694
524,0.17569187
525,0.18876688
526,0.19520777
527,0.18244372
528,0.19033091
529,0.19046746
530,0.20434132
531,0.19199376
532,0.1936884
533,0.17636524
534,0.19080576
535,0.19750172
536,0.19611584
537,0.21625778
538,0.21507345
539,0.21432307
540,0.21480067
541,0.20805377
542,0.23891547
543,0.24596639
544,0.2183085
545,0.20966968
546,0.22137195
547,0.23509187
548,0.22402297
549,0.21773675
550,0.20924251
551,0.208432
552,0.22436747
553,0.22134086
554,0.21665113
555,0.20118453
556,0.19946028
557,0.20955415
558,0.22880228
559,0.20643139
560,0.20372914
561,0.1940526
562,0.21142639
563,0.2211058
564,0.21791813
565,0.21796024
566,0.2289838
567,0.22773694
568,0.22327527
569,0.23634416
570,0.22097203
571,0.22970182
572,0.2255358
573,0.2321974
574,0.21371444
575,0.22223276
576,0.22295651
577,0.22974621
578,0.23098885
579,0.23408891
580,0.22295651
581,0.21060131
582,0.22840084
583,0.22664972
584,0.22487022
585,0.2310054
586,0.22539106
587,0.2283093
588,0.22573575
589,0.22693409
590,0.23319209
591,0.22098702
592,0.22697115
593,0.22313936
594,0.21923597
595,0.22775373
596,0.23754263
597,0.23757374
598,0.23447734
599,0.23909464
600,0.23289347
601,0.249797
602,0.23938766
603,0.24924023
604,0.23165223
605,0.23625678
606,0.24557017
607,0.25501028
608,0.24069914
609,0.24633092
610,0.2546021
611,0.24188027
612,0.22231647
613,0.22866297
614,0.23618555
615,0.24445173
616,0.24034941
617,0.23616289
618,0.2262715
619,0.22850014
620,0.22678576
621,0.23600525
622,0.22933197
623,0.2290172
624,0.23383069
625,0.22184128
626,0.23525663
627,0.2356864
628,0.23464689
629,0.22608666
630,0.22918633
631,0.23248266
632,0.21731137
633,0.22009471
634,0.22302395
635,0.21470216
636,0.21372636
637,0.22088665
638,0.2263357
639,0.2239433
640,0.21473895
641,0.22254798
642,0.23240261
643,0.22207555
644,0.23590153
645,0.22819316
646,0.22534695
647,0.24564905
648,0.2376306
649,0.23531947
650,0.23753297
651,0.23566909
652,0.2118239
653,0.22915407
654,0.23038109
655,0.20747957
656,0.23515692
657,0.2338634
658,0.24416168
659,0.23471749
660,0.23317787
661,0.22923413
662,0.23941746
663,0.23512873
664,0.22005533
665,0.22983716
666,0.21682401
667,0.22284558
668,0.22938754
669,0.23262405
670,0.2274715
671,0.22254913
672,0.23203486
673,0.23082657
674,0.2338514
675,0.24448824
676,0.23389718
677,0.22387272
678,0.23037776
679,0.23814067
680,0.23054479
681,0.22752976
682,0.22883235
683,0.22371668
684,0.23363002
685,0.24338368
686,0.23560311
687,0.22346699
688,0.22078621
689,0.22544196
690,0.21837853
691,0.22728091
692,0.23396148
693,0.25277537
694,0.25209677
695,0.2511191
696,0.246157
697,0.2463247
698,0.2269251
699,0.23637328
700,0.2206303
701,0.23291644
702,0.24228881
703,0.23893787
704,0.23453714
705,0.22517948
706,0.23349905
707,0.22336203
708,0.22414242
709,0.22264074
710,0.21001953
711,0.2224735
712,0.21856172
713,0.233109
714,0.23645414
715,0.22377136
716,0.2200588
717,0.21015178
718,0.20897919
719,0.20655236
720,0.20011993
721,0.21078885
722,0.21011175
723,0.2154311
724,0.23197444
725,0.22235318
726,0.22960304
727,0.2301918
728,0.22970293
729,0.22305025
730,0.23090607
731,0.20910724
732,0.19451708
733,0.20695183
734,0.2037329
735,0.21792048
736,0.2090036
737,0.21488847
738,0.23600848
739,0.22242996
740,0.19964807
741,0.20322177
742,0.19673616
743,0.19996446
744,0.19713095
745,0.17849298
746,0.19533701
747,0.1940907
748,0.1972796
749,0.1940434
750,0.20339729
751,0.21306817
752,0.20005877
753,0.20070247
754,0.1911648
755,0.19995044
756,0.1997221
757,0.199574
758,0.19978592
759,0.20459938
760,0.20988111
761,0.22230501
762,0.201073
763,0.19594939
764,0.20981915
765,0.20914014
766,0.22849011
767,0.21998928
768,0.23545808
769,0.22956306
770,0.2173313
771,0.22911735
772,0.20392923
773,0.22985713
774,0.22405255
775,0.2371689
776,0.23652314
777,0.21659581
778,0.23184472
779,0.22915407
780,0.24650781
781,0.24714914
782,0.24407291
783,0.2383921
784,0.24621913
785,0.23800255
786,0.23463167
787,0.23109587
788,0.22174588
789,0.21709542
790,0.2283294
791,0.21003166
792,0.2227941
793,0.23354708
794,0.21370728
795,0.21247394
796,0.20606306
797,0.209385
798,0.20607544
799,0.20593809
800,0.22174932
801,0.21678169
802,0.20682615
803,0.19712707
804,0.2025156
805,0.19583878
806,0.19424824
807,0.20444234
808,0.20887914
809,0.19132076
810,0.19274509
811,0.18925509
812,0.21303467
813,0.21524405
814,0.2051046
815,0.20779999
816,0.20884497
817,0.21494895
818,0.195965
819,0.19949734
820,0.19980888
821,0.19270144
822,0.2010768
823,0.2095213
824,0.23008326
825,0.19946796
826,0.19757785
827,0.21792164
828,0.20706512
829,0.19953184
830,0.1953592
831,0.20439745
832,0.20348375
833,0.21590269
834,0.20470153
835,0.1913434
836,0.20157945
837,0.20499893
838,0.22518627
839,0.21511374
840,0.21934175
841,0.21506396
842,0.2219481
843,0.22608103
844,0.22133626
845,0.2357913
846,0.22968517
847,0.21989657
848,0.22579221
849,0.22611937
850,0.22672619
851,0.2271418
852,0.22181714
853,0.22628616
854,0.23618016
855,0.22534582
856,0.21542281
857,0.22635935
858,0.2218137
859,0.22088665
860,0.22927195
861,0.22756001
862,0.21807717
863,0.22615093
864,0.22770447
865,0.22758578
866,0.2234419
867,0.22356164
868,0.22679587
869,0.2139612
870,0.21869348
871,0.21068723
872,0.22273345
873,0.21167101
874,0.2046268
875,0.20669916
876,0.21435875
877,0.22812948
878,0.22621967
879,0.2189323
880,0.22824566
881,0.21157464
882,0.21321766
883,0.232888
884,0.22899382
885,0.20712912
886,0.21386944
887,0.20507973
888,0.20942152
889,0.23277742
890,0.21332763
891,0.21004744
892,0.20458318
893,0.2004788
894,0.20652397
895,0.21648869
896,0.20960887
897,0.21294731
898,0.19940022
899,0.19670117
900,0.20313142
901,0.20128714
902,0.19387256
903,0.2083733
904,0.19619901
905,0.20621641
906,0.19115013
907,0.21186481
908,0.21361661
909,0.21332763
910,0.22497222
911,0.20618056
912,0.21681108
913,0.2067115
914,0.2010134
915,0.2135044
916,0.22701046
917,0.2045944
918,0.1820395
919,0.19252542
920,0.20012629
921,0.20953712
922,0.22983938
923,0.21249434
924,0.20242998
925,0.20791528
926,0.2405519
927,0.22725736
928,0.22099741
929,0.21460478
930,0.20368034
931,0.20143272
932,0.21896721
933,0.19649242
934,0.18393405
935,0.18889377
936,0.20218427
937,0.19102608
938,0.19549745
939,0.18426774
940,0.17678823
941,0.16825989
942,0.17485416
943,0.16925983
944,0.160627
945,0.15910101
946,0.1634773
947,0.16020271
948,0.16402215
949,0.15720068
950,0.15716176
951,0.15903851
952,0.1620002
953,0.16154008
954,0.16067936
955,0.16404545
956,0.17061736
957,0.165512
958,0.16412935
959,0.16169307
960,0.16946453
961,0.15777205
962,0.16879082
963,0.16678694
964,0.15861963
965,0.16130479
966,0.16042215
967,0.16236798
968,0.15816095
969,0.15551822
970,0.16075706
971,0.16452956
972,0.16264407
973,0.16807647
974,0.16624196
975,0.15993677
976,0.16814016
977,0.16248256
978,0.16737737
979,0.16120678
980,0.16647486
981,0.16478965
982,0.17384094
983,0.17293383
984,0.16037446
985,0.16336188
986,0.16949612
987,0.16780782
988,0.16475251
989,0.163876
990,0.17460616
991,0.17056954
992,0.1699392
993,0.16859135
994,0.16258763
995,0.16587201
996,0.16848244
997,0.16966447
998,0.16807193
999,0.16294001
1000,0.15959053
1001,0.1659058
1002,0.17483228
1003,0.1736913
1004,0.17400216
1005,0.16637377
1006,0.16821444
1007,0.16640134
1008,0.17067263
1009,0.17002618
1010,0.16575208
1011,0.17084728
1012,0.17330784
1013,0.17174017
1014,0.16668604
1015,0.1684204
1016,0.17276277
1017,0.17233285
1018,0.17078012
1019,0.1741281
1020,0.16909409
1021,0.1699497
1022,0.17007264
1023,0.17031229
1024,0.16846429
1025,0.17850584
1026,0.1740666
1027,0.17310768
1028,0.1694901
1029,0.17578906
1030,0.1711216
1031,0.17359148
1032,0.17707062
1033,0.17289108
1034,0.17044096
1035,0.17209603
1036,0.17660502
1037,0.17935492
1038,0.18448757
1039,0.1708413
1040,0.1844088
1041,0.17928526
1042,0.178413
1043,0.17815563
1044,0.17448494
1045,0.16859438
1046,0.17091441
1047,0.17185739
1048,0.17732956
1049,0.16946152
1050,0.1783787
1051,0.17438556
1052,0.18029335
1053,0.16955477
1054,0.17257823
1055,0.16398019
1056,0.16773489
1057,0.17436802
1058,0.16818109
1059,0.16761631
1060,0.16719604
1061,0.16288994
1062,0.16394287
1063,0.17367956
1064,0.17093529
1065,0.16743675
1066,0.16348198
1067,0.16080147
1068,0.17194933
1069,0.16704503
1070,0.16911368
1071,0.16738042
1072,0.15998298
1073,0.16744132
1074,0.16416661
1075,0.1715055
1076,0.17428613
1077,0.16182229
1078,0.17633922
1079,0.1684416
1080,0.1621952
1081,0.16974108
1082,0.16938931
1083,0.18244933
1084,0.17154859
1085,0.17088458
1086,0.16973808
1087,0.16943745
1088,0.17137465
1089,0.17279227
1090,0.1741969
1091,0.17747755
1092,0.17425396
1093,0.17161396
1094,0.18114108
1095,0.17703174
1096,0.17817852
1097,0.17464848
1098,0.17373826
1099,0.17677093
1100,0.16747025
1101,0.17248367
1102,0.17918287
1103,0.17784773
1104,0.180142
1105,0.17127645
1106,0.17905337
1107,0.17202343
1108,0.17069055
1109,0.182269
1110,0.17331225
1111,0.17593691
1112,0.17644906
1113,0.17091739
1114,0.16647945
1115,0.16174352
1116,0.16378886
1117,0.1716793
1118,0.16308232
1119,0.16373126
1120,0.16884065
1121,0.1787242
1122,0.16520832
1123,0.17415006
1124,0.16549198
1125,0.16704045
1126,0.16651468
1127,0.16717012
1128,0.16792779
1129,0.17475063
1130,0.16344611
1131,0.1718915
1132,0.1665009
1133,0.16708013
1134,0.16569209
1135,0.1745083
1136,0.17194487
1137,0.1603983
1138,0.16816896
1139,0.1657244
1140,0.16896892
1141,0.16839467
1142,0.16959234
1143,0.16492726
1144,0.16621742
1145,0.17141183
1146,0.17417933
1147,0.17287487
1148,0.17024492
1149,0.1703572
1150,0.16735756
1151,0.16775313
1152,0.17487311
1153,0.16813864
1154,0.18007123
1155,0.1752357
1156,0.1764505
1157,0.16818868
1158,0.17500716
1159,0.17243193
1160,0.176332
1161,0.16677624
1162,0.16975309
1163,0.1744674
1164,0.16514812
1165,0.16972457
1166,0.16742457
1167,0.17141628
1168,0.16650395
1169,0.17477833
1170,0.17150846
1171,0.16488397
1172,0.17482938
1173,0.17323281
1174,0.17090994
1175,0.17153819
1176,0.16269265
1177,0.17033026
1178,0.16860496
1179,0.1652654
1180,0.16430165
1181,0.16789135
1182,0.18259875
1183,0.17961624
1184,0.16565672
1185,0.17256494
1186,0.16821444
1187,0.16634312
1188,0.17515422
1189,0.17203529
1190,0.17310473
1191,0.1649458
1192,0.16832654
1193,0.17143859
1194,0.17230771
1195,0.17179063
1196,0.16865484
1197,0.16682972
1198,0.1660164
1199,0.1734725
1200,0.16458067
1201,0.17110074
1202,0.16914986
1203,0.17002618
1204,0.17128985
1205,0.17185739
1206,0.17085026
1207,0.16601178
1208,0.16097891
1209,0.16966447
1210,0.1625453
1211,0.17033774
1212,0.17041703
1213,0.16885725
1214,0.16510953
1215,0.16817959
1216,0.1653132
1217,0.16458997
1218,0.16146906
1219,0.16794296
1220,0.16076817
1221,0.16485615
1222,0.16417438
1223,0.16518672
1224,0.16800214
1225,0.16724786
1226,0.15787703
1227,0.16491026
1228,0.16216691
1229,0.16466275
1230,0.16056827
1231,0.1619278
1232,0.16105807
1233,0.16746111
1234,0.16884215
1235,0.16708471
1236,0.1655197
1237,0.16640748
1238,0.16055556
1239,0.16182703
1240,0.16743524
1241,0.16754633
1242,0.16401282
1243,0.16350693
1244,0.165609
1245,0.16727987
1246,0.16495043
1247,0.16806586
1248,0.16414487
1249,0.16907601
1250,0.17117074
1251,0.16931404
1252,0.17859721
1253,0.17210343
1254,0.16978613
1255,0.17343281
1256,0.16416816
1257,0.17061885
1258,0.16729054
1259,0.16354434
1260,0.17546684
1261,0.17421007
1262,0.17525025
1263,0.17665696
1264,0.16637224
1265,0.1695232
1266,0.16767865
1267,0.16196243
1268,0.16316827
1269,0.1587112
1270,0.15862766
1271,0.16719452
1272,0.16088547
1273,0.16790804
1274,0.16394131
1275,0.16527002
1276,0.16774553
1277,0.16961189
1278,0.17370011
1279,0.17157385
1280,0.16632167
1281,0.171847
1282,0.17194487
1283,0.16095833
1284,0.16385421
1285,0.16297287
1286,0.17001268
1287,0.16143748
1288,0.16451406
1289,0.1684537
1290,0.1699407
1291,0.16420698
1292,0.16548736
1293,0.16143116
1294,0.16023931
1295,0.17079952
1296,0.16199705
1297,0.16173564
1298,0.15968634
1299,0.1548612
1300,0.15878667
1301,0.16794752
1302,0.16757524
1303,0.16429234
1304,0.15817545
1305,0.15486942
1306,0.15762496
1307,0.15899202
1308,0.1568419
1309,0.16341648
1310,0.16212918
1311,0.1617183
1312,0.1581529
1313,0.15464541
1314,0.15923715
1315,0.15858427
1316,0.16362537
1317,0.1679976
1318,0.16152903
1319,0.15816417
1320,0.16534713
1321,0.16024727
1322,0.16231932
1323,0.16532862
1324,0.16279759
1325,0.16631554
1326,0.17061287
1327,0.16507247
1328,0.16267541
1329,0.1626519
1330,0.1677744
1331,0.15734006
1332,0.16273181
1333,0.16685265
1334,0.17176689
1335,0.16563055
1336,0.16804463
1337,0.17015356
1338,0.16432337
1339,0.1584508
1340,0.15912344
1341,0.15740648
1342,0.16742457
1343,0.16480201
1344,0.17064723
1345,0.1689327
1346,0.17485853
1347,0.1652438
1348,0.16386665
1349,0.16602714
1350,0.16607474
1351,0.16648865
1352,0.15857944
1353,0.16529933
1354,0.16676708
1355,0.173772
1356,0.17082937
1357,0.16987468
1358,0.172213
1359,0.17034672
1360,0.17202047
1361,0.16157006
1362,0.16825989
1363,0.15713905
1364,0.15686141
1365,0.16868809
1366,0.16316514
1367,0.15757966
1368,0.15665652
1369,0.1597773
1370,0.1565214
1371,0.16228162
1372,0.15192813
1373,0.1602743
1374,0.16803704
1375,0.15807228
1376,0.15827857
1377,0.16469525
1378,0.15855694
1379,0.16463643
1380,0.16883309
1381,0.17111415
1382,0.16064604
1383,0.16817655
1384,0.16495043
1385,0.1663937
1386,0.16279446
1387,0.16809164
1388,0.16812803
1389,0.16837348
1390,0.17242011
1391,0.16253118
1392,0.15904492
1393,0.1648082
1394,0.16120362
1395,0.16596572
1396,0.16664016
1397,0.16604711
1398,0.1624747
1399,0.165361
1400,0.16853388
1401,0.16175455
1402,0.16815835
1403,0.1624088
1404,0.16776831
1405,0.16747786
1406,0.16104382
1407,0.16439782
1408,0.15993518
1409,0.15905133
1410,0.16023135
1411,0.16418369
1412,0.15872245
1413,0.16002919
1414,0.15831882
1415,0.16173248
1416,0.16906545
1417,0.16561516
1418,0.16398019
1419,0.16619748
1420,0.16368611
1421,0.16123998
1422,0.16099158
1423,0.16882403
1424,0.16055715
1425,0.16063175
1426,0.1626284
1427,0.15983951
1428,0.16628028
1429,0.16585663
1430,0.15721364
1431,0.1681432
1432,0.16455744
1433,0.14626385
1434,0.15883483
1435,0.1604412
1436,0.15164262
1437,0.15484639
1438,0.15402769
1439,0.158663
1440,0.15799485
1441,0.16012314
1442,0.16032836
1443,0.1513751
1444,0.15856498
1445,0.16448772
1446,0.16557822
1447,0.16511416
1448,0.163848
1449,0.15361173
1450,0.16126527
1451,0.15818352
1452,0.15839449
1453,0.15300983
1454,0.15600592
1455,0.16363472
1456,0.1564986
1457,0.1522449
1458,0.16107073
1459,0.1599017
1460,0.1611103
1461,0.16228633
1462,0.16618828
1463,0.1599272
1464,0.15802228
1465,0.1636425
1466,0.1587128
1467,0.16370635
1468,0.15829305
1469,0.16334315
1470,0.1619703
1471,0.16358486
1472,0.16801429
1473,0.16122575
1474,0.16386355
1475,0.16756916
1476,0.17123328
1477,0.17082192
1478,0.16075866
1479,0.16806586
1480,0.16316514
1481,0.16770297
1482,0.16374528
1483,0.16211188
1484,0.17422469
1485,0.17025991
1486,0.16628028
1487,0.15511942
1488,0.16555512
1489,0.16070633
1490,0.16084744
1491,0.16516973
1492,0.16391799
1493,0.167823
1494,0.16195615
1495,0.16178448
1496,0.16097258
1497,0.16239467
1498,0.16312452
1499,0.16374995
1500,0.16729815
1501,0.16278036
1502,0.16114984
1503,0.16519752
1504,0.16849758
1505,0.1627741
1506,0.16986418
1507,0.1685989
1508,0.16874398
1509,0.16962992
1510,0.17202196
1511,0.16971405
1512,0.16861251
1513,0.17113946
1514,0.15920351
1515,0.16525306
1516,0.162346
1517,0.16476025
1518,0.15531813
1519,0.16244803
1520,0.16114193
1521,0.15543133
1522,0.15624592
1523,0.15602879
1524,0.15793192
1525,0.1571504
1526,0.15763627
1527,0.15407568
1528,0.1572023
1529,0.16973357
1530,0.16650549
1531,0.16545808
1532,0.16402058
1533,0.16430475
1534,0.16807951
1535,0.16099158
1536,0.15932035
1537,0.16159214
1538,0.16077927
1539,0.16165209
1540,0.15602715
1541,0.16552278
1542,0.16014223
1543,0.15593073
1544,0.16375461
1545,0.16017567
1546,0.16054128
1547,0.16261116
1548,0.16064286
1549,0.16415575
1550,0.16473705
1551,0.16075073
1552,0.15790771
1553,0.1575635
1554,0.15782374
1555,0.16207886
1556,0.15789318
1557,0.16150063
1558,0.16399728
1559,0.15692315
1560,0.15753761
1561,0.16110714
1562,0.15407899
1563,0.15935716
1564,0.15809163
1565,0.16304636
1566,0.16620669
1567,0.16228318
1568,0.16158426
1569,0.166021
1570,0.1625108
1571,0.16140115
1572,0.16021067
1573,0.16673191
1574,0.1602584
1575,0.16879988
1576,0.16852632
1577,0.16838408
1578,0.17142224
1579,0.16621895
1580,0.16601333
1581,0.1670084
1582,0.1604412
1583,0.16202852
1584,0.16678083
1585,0.1653425
1586,0.17225297
1587,0.16398329
1588,0.1648515
1589,0.16716403
1590,0.16364872
1591,0.16131268
1592,0.16472466
1593,0.1615953
1594,0.16491798
1595,0.16427061
1596,0.16084902
1597,0.17364873
1598,0.1729353
1599,0.1667579
1600,0.16855203
1601,0.15972465
1602,0.16782756
1603,0.17208566
1604,0.16955176
1605,0.16877571
1606,0.17172977
1607,0.17455651
1608,0.16167574
1609,0.16816594
1610,0.16964795
1611,0.16413401
1612,0.16596879
1613,0.1675935
1614,0.16883309
1615,0.17489205
1616,0.17529824
1617,0.16896288
1618,0.1757267
1619,0.17221153
1620,0.17391863
1621,0.171449
1622,0.17455213
1623,0.17551914
1624,0.16694276
1625,0.18104395
1626,0.1799622
1627,0.17735112
1628,0.17527933
1629,0.16860798
1630,0.16570133
1631,0.16880289
1632,0.1630151
1633,0.167668
1634,0.17040357
1635,0.15979485
1636,0.16818413
1637,0.17201306
1638,0.1733799
1639,0.1643575
1640,0.17053068
1641,0.16918151
1642,0.16914986
1643,0.1674672
1644,0.16963442
1645,0.16207099
1646,0.16210088
1647,0.1698732
1648,0.17025392
1649,0.16072376
1650,0.1749387
1651,0.16887988
1652,0.17355624
1653,0.1755017
1654,0.17350481
1655,0.16822201
1656,0.1742832
1657,0.16840981
1658,0.17043199
1659,0.17064872
1660,0.1706039
1661,0.16194826
1662,0.15752143
1663,0.16957732
1664,0.17553946
1665,0.16633087
1666,0.16733016
1667,0.16316046
1668,0.15765567
1669,0.16697025
1670,0.16521758
1671,0.16245118
1672,0.16120203
1673,0.16258606
1674,0.16427992
1675,0.16793841
1676,0.17023145
1677,0.16371414
1678,0.17472437
1679,0.16914232
1680,0.16384177
1681,0.16781238
1682,0.15804164
1683,0.17065918
1684,0.1687304
1685,0.17456965
1686,0.1710307
1687,0.16203481
1688,0.16078244
1689,0.16376707
1690,0.16400349
1691,0.17033774
1692,0.16884516
1693,0.16237427
1694,0.16438541
1695,0.16989869
1696,0.16543035
1697,0.16900815
1698,0.16298851
1699,0.17049928
1700,0.16709386
1701,0.17416176
1702,0.17041403
1703,0.17386733
1704,0.17077415
1705,0.16934265
1706,0.17507416
1707,0.16544423
1708,0.17233434
1709,0.16401593
1710,0.17036466
1711,0.16817048
1712,0.16946904
1713,0.16593193
1714,0.16366586
1715,0.1674946
1716,0.17750055
1717,0.16373594
1718,0.17343429
1719,0.16233973
1720,0.15923394
1721,0.16035539
1722,0.16661568
1723,0.16723415
1724,0.165935
1725,0.16693819
1726,0.16009288
1727,0.16923875
1728,0.16105016
1729,0.16197817
1730,0.15920512
1731,0.15840252
1732,0.17154115
1733,0.16624962
1734,0.15793516
1735,0.16584434
1736,0.16071266
1737,0.16053492
1738,0.16727377
1739,0.15862605
1740,0.16346483
1741,0.16979964
1742,0.16621742
1743,0.16647333
1744,0.17991403
1745,0.16982366
1746,0.16333534
1747,0.16666004
1748,0.16025998
1749,0.16590273
1750,0.1626284
1751,0.1628242
1752,0.16458222
1753,0.16240567
1754,0.15671997
1755,0.1599017
1756,0.16786098
1757,0.16558899
1758,0.16518053
1759,0.17321515
1760,0.17213897
1761,0.17045891
1762,0.17395234
1763,0.1731813
1764,0.1688995
1765,0.17451414
1766,0.16614686
1767,0.16958332
1768,0.16827807
1769,0.1693592
1770,0.1709517
1771,0.17066814
1772,0.1752226
1773,0.17337254
1774,0.16590427
1775,0.17018053
1776,0.17120053
1777,0.17031528
1778,0.16611156
1779,0.17997777
1780,0.18262668
1781,0.172593
1782,0.17211677
1783,0.16542727
1784,0.17537528
1785,0.17338136
1786,0.17932649
1787,0.16561054
1788,0.17455213
1789,0.16676249
1790,0.1799112
1791,0.16792475
1792,0.1723654
1793,0.16459927
1794,0.16842493
1795,0.16161738
1796,0.16885574
1797,0.17138506
1798,0.17247775
1799,0.16912273
1800,0.171062
1801,0.17734969
1802,0.16844916
1803,0.1725014
1804,0.17320338
1805,0.16567363
1806,0.16685723
1807,0.17145792
1808,0.1661269
1809,0.17177579
1810,0.17597891
1811,0.16823414
1812,0.18033151
1813,0.17692083
1814,0.1760383
1815,0.1734093
1816,0.16871528
1817,0.17535348
1818,0.16753264
1819,0.1734284
1820,0.16799001
1821,0.16938028
1822,0.16881648
1823,0.16453111
1824,0.16679764
1825,0.15925474
1826,0.1664672
1827,0.17008464
1828,0.16716097
1829,0.16426596
1830,0.16797939
1831,0.17050825
1832,0.17185295
1833,0.17249845
1834,0.16791867
1835,0.15884446
1836,0.16163789
1837,0.16480047
1838,0.17010562
1839,0.17241271
1840,0.16454661
1841,0.16828413
1842,0.1628336
1843,0.1623774
1844,0.16693054
1845,0.16763304
1846,0.16305418
1847,0.16708776
1848,0.16090606
1849,0.16097575
1850,0.16170253
1851,0.16232559
1852,0.157919
1853,0.15663698
1854,0.1581271
1855,0.16187428
1856,0.1580997
1857,0.163848
1858,0.16110714
1859,0.15674599
1860,0.16218734
1861,0.15716176
1862,0.1615811
1863,0.15991764
1864,0.16280542
1865,0.16377018
1866,0.1652762
1867,0.16015975
1868,0.15957455
1869,0.15755054
1870,0.17388785
1871,0.16415264
1872,0.16744132
1873,0.16039036
1874,0.15973741
1875,0.1546042
1876,0.16368143
1877,0.16692597
1878,0.16311982
1879,0.16589351
1880,0.16973357
1881,0.16718231
1882,0.16375151
1883,0.15814
1884,0.15974858
1885,0.16038877
1886,0.1541716
1887,0.16066983
1888,0.1617309
1889,0.16056827
1890,0.16362692
1891,0.15478216
1892,0.16596572
1893,0.1597438
1894,0.15874974
1895,0.15932517
1896,0.16180812
1897,0.16696718
1898,0.16050157
1899,0.16511571
1900,0.16132218
1901,0.16766344
1902,0.16874398
1903,0.16132692
1904,0.16303542
1905,0.16206942
1906,0.16451716
1907,0.16300571
1908,0.17117819
1909,0.165324
1910,0.15785766
1911,0.16456674
1912,0.16708471
1913,0.17165108
1914,0.17109925
1915,0.16786553
1916,0.16500144
1917,0.16355993
1918,0.1551227
1919,0.16834319
1920,0.16742
1921,0.1663891
1922,0.16210873
1923,0.16640595
1924,0.16583051
1925,0.16606398
1926,0.16720213
1927,0.16872586
1928,0.16616221
1929,0.16718537
1930,0.17852584
1931,0.17032427
1932,0.1694916
1933,0.17586155
1934,0.17467037
1935,0.16589813
1936,0.16423492
1937,0.17758669
1938,0.17119755
1939,0.1718381
1940,0.16865484
1941,0.16906244
1942,0.16521448
1943,0.17233877
1944,0.16358018
1945,0.16201437
1946,0.16608548
1947,0.16380286
1948,0.16318701
1949,0.16154797
1950,0.16972306
1951,0.16819777
1952,0.16147853
1953,0.16757828
1954,0.15806583
1955,0.15667117
1956,0.15359513
1957,0.16167258
1958,0.15421294
1959,0.16452646
1960,0.16120836
1961,0.17243932
1962,0.17082042
1963,0.17034522
1964,0.17255902
1965,0.17664832
1966,0.16923875
1967,0.17435193
1968,0.17093827
1969,0.17069651
1970,0.16605172
1971,0.1698957
1972,0.16388999
1973,0.15679638
1974,0.15511942
1975,0.15210755
1976,0.15562801
1977,0.15397638
1978,0.16060795
1979,0.16361913
1980,0.15633562
1981,0.16495198
1982,0.15913145
1983,0.15700434
1984,0.158528
1985,0.14966805
1986,0.14815824
1987,0.15374443
1988,0.15573443
1989,0.15516378
1990,0.15915868
1991,0.1599782
1992,0.15817063
1993,0.16540569
1994,0.16695344
1995,0.16727987
1996,0.15971029
1997,0.15812388
1998,0.15701084
1999,0.15333767
2000,0.15824635
2001,0.15926115
2002,0.15382068
2003,0.15771225
2004,0.16560285
2005,0.15708713
2006,0.15627202
2007,0.14753582
2008,0.1563128
2009,0.15326285
2010,0.15671833
2011,0.15222314
2012,0.16053492
2013,0.15557557
2014,0.16165209
2015,0.16017088
2016,0.16379663
2017,0.1616852
2018,0.15522291
2019,0.15827534
2020,0.16409051
2021,0.16451716
2022,0.15638454
2023,0.16109131
2024,0.16489325
2025,0.15382896
2026,0.15949146
2027,0.1626425
2028,0.15874654
2029,0.15788995
2030,0.1628696
2031,0.16442572
2032,0.15938435
2033,0.16001962
2034,0.15722986
2035,0.15490234
2036,0.16790804
2037,0.1614659
2038,0.15392174
2039,0.15455967
2040,0.16568287
2041,0.16987619
2042,0.17036617
2043,0.16564132
2044,0.16073011
2045,0.15908018
2046,0.16158268
2047,0.1596576
2048,0.15711471
2049,0.15939395
2050,0.16051428
2051,0.15651977
2052,0.16348977
2053,0.16106758
2054,0.16762695
2055,0.16597186
2056,0.15492867
2057,0.16390866
2058,0.16415885
2059,0.1636425
2060,0.16737281
2061,0.16674109
2062,0.1723447
2063,0.16211502
2064,0.16471846
2065,0.1587658
2066,0.16111661
2067,0.15681915
2068,0.16734995
2069,0.16460855
2070,0.17022246
2071,0.16714571
2072,0.16731797
2073,0.16474013
2074,0.17525606
2075,0.1696254
2076,0.17353567
2077,0.16864727
2078,0.16881347
2079,0.17080252
2080,0.1633728
2081,0.16284142
2082,0.16339776
2083,0.16001484
2084,0.16244961
2085,0.16375773
2086,0.16639063
2087,0.16112928
2088,0.16292593
2089,0.16378108
2090,0.16451406
2091,0.15654908
2092,0.16248412
2093,0.16454194
2094,0.167193
2095,0.16357706
2096,0.17095616
2097,0.17203826
2098,0.16256724
2099,0.16094565
2100,0.15971507
2101,0.1577365
2102,0.16520678
2103,0.1622282
2104,0.16617754
2105,0.15759099
2106,0.1598411
2107,0.17047386
2108,0.16506785
2109,0.15553953
2110,0.15749876
2111,0.15611698
2112,0.16234444
2113,0.16065715
2114,0.16395842
2115,0.16794904
2116,0.16823868
2117,0.16574132
2118,0.17218931
2119,0.16544423
2120,0.15836711
2121,0.15442106
2122,0.15616432
2123,0.1539681
2124,0.15706603
2125,0.16191363
2126,0.163301
2127,0.17289698
2128,0.16441952
2129,0.15962885
2130,0.1738468
2131,0.16158742
2132,0.16388066
2133,0.16298069
2134,0.16411537
2135,0.15092145
2136,0.1594547
2137,0.17776744
2138,0.18118048
2139,0.17322545
2140,0.16385733
2141,0.15998138
2142,0.16156848
2143,0.16230203
2144,0.15926915
2145,0.1449016
2146,0.162713
2147,0.16311045
2148,0.16380286
2149,0.16419457
2150,0.16290873
2151,0.16748852
2152,0.17036317
2153,0.17418225
2154,0.17052022
2155,0.16571824
2156,0.17344457
2157,0.17225592
2158,0.17383361
2159,0.17395674
2160,0.1650246
2161,0.1755656
2162,0.17312683
2163,0.18022121
2164,0.17715122
2165,0.17401828
2166,0.17165108
2167,0.18514824
2168,0.17832153
2169,0.17408419
2170,0.15466519
2171,0.16451097
2172,0.17387027
2173,0.18132675
2174,0.17211232
2175,0.15924995
2176,0.1727052
2177,0.17528951
2178,0.16717622
2179,0.1631042
2180,0.15971507
2181,0.16286021
2182,0.16270204
2183,0.16616833
2184,0.16441952
2185,0.16621588
2186,0.16540569
2187,0.15488423
2188,0.16355993
2189,0.1614501
2190,0.16769841
2191,0.15938275
2192,0.15595852
2193,0.16332598
2194,0.16107073
2195,0.16591349
2196,0.16316046
2197,0.16093616
2198,0.16700383
2199,0.16013905
2200,0.17077714
2201,0.16530703
2202,0.17823574
2203,0.16205212
2204,0.16682363
2205,0.16949913
2206,0.16264564
2207,0.16174982
2208,0.1689131
2209,0.16771817
2210,0.163697
2211,0.16173406
2212,0.16760261
2213,0.16085695
2214,0.16923122
2215,0.16733626
2216,0.17064424
2217,0.17011611
2218,0.17017603
2219,0.17696549
2220,0.17831723
2221,0.1755322
2222,0.178473
2223,0.18424837
2224,0.1828889
2225,0.18140124
2226,0.18619028
2227,0.18542613
2228,0.18230256
2229,0.18469056
2230,0.17945723
2231,0.17967583
2232,0.18450415
2233,0.18027355
2234,0.18102565
2235,0.17055309
2236,0.16652845
2237,0.16868657
2238,0.17359
2239,0.17340048
2240,0.16660804
2241,0.17987293
2242,0.17380281
2243,0.17857723
2244,0.16734387
2245,0.17596298
2246,0.16679458
2247,0.17347836
2248,0.16031088
2249,0.17487894
2250,0.16712742
2251,0.17720446
2252,0.17569187
2253,0.17456527
2254,0.17591806
2255,0.17790936
2256,0.18326762
2257,0.18969905
2258,0.18490438
2259,0.18514273
2260,0.17981625
2261,0.17379402
2262,0.17484833
2263,0.18336217
2264,0.18281083
2265,0.1789309
2266,0.17061885
2267,0.17142968
2268,0.16834773
2269,0.16059048
2270,0.17311357
2271,0.17155008
2272,0.16650549
2273,0.16591196
2274,0.15832688
2275,0.1710918
2276,0.16370325
2277,0.17073981
2278,0.16813107
2279,0.17141777
2280,0.17220116
2281,0.16866995
2282,0.17066665
2283,0.17145644
2284,0.15891345
2285,0.16324167
2286,0.1640097
2287,0.16275688
2288,0.16632473
2289,0.15969911
2290,0.16435128
2291,0.16756764
2292,0.16486542
2293,0.16855657
2294,0.16643351
2295,0.16809013
2296,0.16882706
2297,0.15350549
2298,0.1671686
2299,0.16744284
2300,0.16706334
2301,0.16895233
2302,0.16332598
2303,0.16328228
2304,0.1697621
2305,0.16289307
2306,0.16462868
2307,0.16729511
2308,0.16438386
2309,0.1751484
2310,0.17290436
2311,0.16646415
2312,0.1634274
2313,0.16825837
2314,0.16767713
2315,0.16734539
2316,0.17259891
2317,0.16782452
2318,0.16417438
2319,0.17113352
2320,0.17202196
2321,0.17101133
2322,0.18185176
2323,0.17595574
2324,0.17131811
2325,0.17534186
2326,0.17176689
2327,0.17183514
2328,0.17228256
2329,0.17453606
2330,0.17779899
2331,0.17498532
2332,0.16772729
2333,0.16048728
2334,0.17849156
2335,0.16732101
2336,0.16444433
2337,0.16522992
2338,0.1669962
2339,0.16986568
2340,0.15591602
2341,0.16723873
2342,0.16916493
2343,0.16235386
2344,0.15504709
2345,0.16351315
2346,0.16029179
2347,0.15693127
2348,0.16671816
2349,0.16057144
2350,0.15469651
2351,0.15126729
2352,0.17117223
2353,0.17304878
2354,0.17014907
2355,0.17050079
2356,0.16433889
2357,0.16583358
2358,0.16149747
2359,0.15753275
2360,0.1596129
2361,0.16253431
2362,0.17365755
2363,0.16021384
2364,0.16951266
2365,0.16554742
2366,0.15808195
2367,0.15975975
2368,0.15861319
2369,0.15904813
2370,0.15408395
2371,0.16328071
2372,0.16734082
2373,0.17184404
2374,0.16475715
2375,0.17279817
2376,0.17352246
2377,0.16658354
2378,0.16593806
2379,0.16313076
2380,0.16736975
2381,0.16751286
2382,0.16557051
2383,0.173009
2384,0.16988519
2385,0.17018053
2386,0.16647181
2387,0.16853237
2388,0.16705114
2389,0.17421299
2390,0.17089203
2391,0.18178165
2392,0.17627995
2393,0.17923976
2394,0.17132704
2395,0.17523424
2396,0.1748629
2397,0.17184997
2398,0.17240384
2399,0.1697576
2400,0.17765844
2401,0.17618304
2402,0.17205751
2403,0.16802035
2404,0.1705217
2405,0.16164577
2406,0.17284241
2407,0.16332753
2408,0.1608094
2409,0.17511638
2410,0.17148171
2411,0.17122732
2412,0.18104537
2413,0.16828261
2414,0.16963743
2415,0.17007114
2416,0.17133448
2417,0.16609162
2418,0.16679458
2419,0.16333066
2420,0.16744436
2421,0.16888894
2422,0.17348719
2423,0.16346326
2424,0.17619172
2425,0.16659425
2426,0.1634118
2427,0.17322397
2428,0.16284768
2429,0.16221564
2430,0.15901126
2431,0.15510626
2432,0.16063175
2433,0.1542559
2434,0.17216267
2435,0.16880138
2436,0.17066067
2437,0.1759905
2438,0.17680986
2439,0.1782014
2440,0.17071742
2441,0.17863575
2442,0.19518165
2443,0.1859519
2444,0.17905763
2445,0.18543576
2446,0.16708165
2447,0.16352876
2448,0.16811135
2449,0.16667227
2450,0.16304168
2451,0.16894327
2452,0.1624245
2453,0.16425821
2454,0.16045392
2455,0.16817959
2456,0.16684653
2457,0.16498752
2458,0.16397862
2459,0.16349134
2460,0.15659629
2461,0.16488089
2462,0.15656373
2463,0.15835102
2464,0.1634773
2465,0.16318232
2466,0.16666463
2467,0.17373532
2468,0.18961169
2469,0.18589844
2470,0.19248305
2471,0.18498845
2472,0.19206943
2473,0.18169469
2474,0.18867637
2475,0.17515713
2476,0.17226185
2477,0.18193024
2478,0.18889916
2479,0.18421516
2480,0.18232074
2481,0.17717855
2482,0.18320502
2483,0.18965337
2484,0.17861433
2485,0.18758427
2486,0.18092284
2487,0.16890706
2488,0.17097704
2489,0.17020749
2490,0.17272882
2491,0.17177875
2492,0.1779595
2493,0.16588429
2494,0.17527352
2495,0.17781763
2496,0.17812128
2497,0.18409336
2498,0.16724177
2499,0.17448932
2500,0.17202196
2501,0.16973206
2502,0.16291654
2503,0.16448927
2504,0.16056192
2505,0.15484144
2506,0.16792323
2507,0.17122436
2508,0.17051871
2509,0.16102642
2510,0.17075326
2511,0.15574098
2512,0.15662234
2513,0.15126055
2514,0.15211257
2515,0.14585897
2516,0.15577862
2517,0.16970353
2518,0.1566142
2519,0.15484966
2520,0.16095833
2521,0.1699332
2522,0.16314952
2523,0.15289651
2524,0.1543286
2525,0.1481978
2526,0.15410711
2527,0.15524589
2528,0.16192622
2529,0.15771064
2530,0.15758128
2531,0.16030292
2532,0.15078288
2533,0.15686953
2534,0.16203639
2535,0.1591747
2536,0.16630328
2537,0.16401438
2538,0.16445518
2539,0.16581666
2540,0.15881556
2541,0.1619215
2542,0.1681629
2543,0.17386293
2544,0.17554091
2545,0.17989136
2546,0.18865477
2547,0.18903542
2548,0.18720339
2549,0.19994535
2550,0.19601963
2551,0.19712965
2552,0.18823542
2553,0.18821646
2554,0.1884195
2555,0.1918822
2556,0.18771604
2557,0.20383297
2558,0.1987074
2559,0.19402765
2560,0.19440565
2561,0.19784088
2562,0.18547837
2563,0.18052225
2564,0.1817017
2565,0.1882598
2566,0.19370286
2567,0.18671665
2568,0.197828
2569,0.18996894
2570,0.19104609
2571,0.1882747
2572,0.18853717
2573,0.19085786
2574,0.18854257
2575,0.188698
2576,0.1865787
2577,0.18625052
2578,0.1923201
2579,0.18386197
2580,0.1820647
2581,0.19349483
2582,0.19438335
2583,0.19437811
2584,0.196718
2585,0.19645739
2586,0.2023141
2587,0.18410997
2588,0.17344898
2589,0.19756366
2590,0.19816144
2591,0.18648987
2592,0.17744166
2593,0.18683948
2594,0.20406295
2595,0.20022435
2596,0.18523908
2597,0.17926109
2598,0.18086223
2599,0.17773446
2600,0.17833297
2601,0.19140469
2602,0.17958927
2603,0.1936897
2604,0.17016256
2605,0.17574845
2606,0.17293236
2607,0.1807438
2608,0.1732431
2609,0.17033474
2610,0.17588328
2611,0.17703319
2612,0.1768358
2613,0.17658336
2614,0.16963743
2615,0.17456965
2616,0.16702977
2617,0.16528544
2618,0.16510336
2619,0.16892064
2620,0.17349012
2621,0.16252647
2622,0.16353342
2623,0.16659273
2624,0.16084109
2625,0.16787465
2626,0.16956829
2627,0.15285482
2628,0.15994792
2629,0.15806422
2630,0.16915287
2631,0.16534866
2632,0.16215119
2633,0.16517745
2634,0.16703588
2635,0.1647293
2636,0.16594422
2637,0.16676402
2638,0.15740162
2639,0.15884766
2640,0.15535915
2641,0.16860041
2642,0.16146432
2643,0.16440557
2644,0.16850816
2645,0.16745959
2646,0.17238759
2647,0.15937795
2648,0.16638143
2649,0.16526231
2650,0.17187667
2651,0.17171642
2652,0.16570902
2653,0.17138506
2654,0.17997919
2655,0.16784275
2656,0.17407393
2657,0.1720975
2658,0.18638186
2659,0.18954983
2660,0.17995228
2661,0.16638449
2662,0.15998138
2663,0.17003067
2664,0.16056986
2665,0.17350188
2666,0.1744031
2667,0.16999619
2668,0.17696406
2669,0.1705217
2670,0.16604249
2671,0.17011012
2672,0.17207085
2673,0.17623222
2674,0.16895987
2675,0.17720301
2676,0.1755264
2677,0.17416762
2678,0.17985451
2679,0.17761968
2680,0.16669828
2681,0.16560285
2682,0.17379987
2683,0.16925983
2684,0.16483295
2685,0.16187584
2686,0.1607079
2687,0.16842343
2688,0.16328539
2689,0.1572023
2690,0.16665545
2691,0.16682056
2692,0.1582109
2693,0.16854598
2694,0.1699272
2695,0.16720366
2696,0.16527157
2697,0.17843728
2698,0.15927236
2699,0.16351004
2700,0.16467513
2701,0.16328695
2702,0.16136482
2703,0.16404235
2704,0.16671203
2705,0.16206314
2706,0.17321809
2707,0.1648716
2708,0.16774705
2709,0.15890703
2710,0.16052698
2711,0.16202065
2712,0.17879121
2713,0.17053217
2714,0.15957774
2715,0.16546117
2716,0.17963044
2717,0.16747329
2718,0.16596879
2719,0.16439782
2720,0.16642585
2721,0.16758437
2722,0.16366743
2723,0.16911972
2724,0.16725701
2725,0.16193095
2726,0.16570595
2727,0.17441186
2728,0.17062183
2729,0.17748904
2730,0.16658814
2731,0.1623523
2732,0.16329788
2733,0.16634312
2734,0.16637224
2735,0.16646108
2736,0.15544444
2737,0.1597757
2738,0.15863088
2739,0.16612537
2740,0.15753275
2741,0.15753275
2742,0.15926915
2743,0.16258606
2744,0.16862914
2745,0.16289307
2746,0.16861856
2747,0.17284684
2748,0.17719294
2749,0.18112701
2750,0.17676084
2751,0.17850727
2752,0.18363862
2753,0.16327134
2754,0.16796269
2755,0.16585816
2756,0.16715792
2757,0.16280073
2758,0.16160004
2759,0.16704962
2760,0.17137465
2761,0.17615265
2762,0.1755656
2763,0.1707861
2764,0.16652232
2765,0.17673343
2766,0.17228107
2767,0.17819998
2768,0.17231807
2769,0.1710009
2770,0.18176623
2771,0.18347614
2772,0.18223125
2773,0.1800684
2774,0.19198844
2775,0.20744026
2776,0.19752882
2777,0.18807556
2778,0.18875472
2779,0.17699718
2780,0.1797893
2781,0.18428157
2782,0.18487543
2783,0.1916203
2784,0.18363307
2785,0.18790741
2786,0.19171341
2787,0.20049915
2788,0.19806881
2789,0.1860821
2790,0.18309785
2791,0.18509315
2792,0.17888814
2793,0.19252807
2794,0.17855296
2795,0.17776027
2796,0.19256249
2797,0.18991125
2798,0.19217424
2799,0.19799672
2800,0.19869842
2801,0.21407911
2802,0.21337782
2803,0.20771042
2804,0.208707
2805,0.20075327
2806,0.20134538
2807,0.19940916
2808,0.20166923
2809,0.21111028
2810,0.19969785
2811,0.19837229
2812,0.20196478
2813,0.19651966
2814,0.20449345
2815,0.19941683
2816,0.20034398
2817,0.1871026
2818,0.18341082
2819,0.1949948
2820,0.19497389
2821,0.1990048
2822,0.19052233
2823,0.18699086
2824,0.18481337
2825,0.18718433
2826,0.19036976
2827,0.1919765
2828,0.18398808
2829,0.18541926
2830,0.17133448
2831,0.17519206
2832,0.1692041
2833,0.15860194
2834,0.1714505
2835,0.1582399
2836,0.16464882
2837,0.16965246
2838,0.1624543
2839,0.16412625
2840,0.1648314
2841,0.16864124
2842,0.16113402
2843,0.15837033
2844,0.16777743
2845,0.15268628
2846,0.1669962
2847,0.16028066
2848,0.17429052
2849,0.16656823
2850,0.16673498
2851,0.16309482
2852,0.1679991
2853,0.17038262
2854,0.16806738
2855,0.1632932
2856,0.17294711
2857,0.16516356
2858,0.1747375
2859,0.16934566
2860,0.1673332
2861,0.17133597
2862,0.17083237
2863,0.16700536
2864,0.16220306
2865,0.16931404
2866,0.17916721
2867,0.179153
2868,0.16956678
2869,0.17861576
2870,0.17154115
2871,0.16636917
2872,0.17813273
2873,0.17164366
2874,0.17030032
2875,0.17564979
2876,0.17267421
2877,0.16468906
2878,0.17148171
2879,0.16752808
2880,0.16201279
2881,0.16414799
2882,0.17480458
2883,0.16550893
2884,0.17130324
2885,0.16552432
2886,0.16388689
2887,0.16826293
2888,0.1537809
2889,0.1614738
2890,0.15899844
2891,0.16401127
2892,0.16023931
2893,0.16310108
2894,0.16824473
2895,0.16005786
2896,0.16668451
2897,0.16508946
2898,0.15654908
2899,0.17251766
2900,0.16679305
2901,0.16661873
2902,0.16313076
2903,0.17318425
2904,0.17051722
2905,0.1537494
2906,0.16470763
2907,0.1639693
2908,0.15887976
2909,0.16450012
2910,0.16109289
2911,0.15540017
2912,0.16261898
2913,0.1513549
2914,0.16385576
2915,0.16241351
2916,0.1520405
2917,0.15945631
2918,0.15809809
2919,0.15919551
2920,0.15569842
2921,0.15966399
2922,0.16094407
2923,0.16844764
2924,0.16616526
2925,0.16374372
2926,0.16188057
2927,0.16394287
2928,0.1637733
2929,0.1742949
2930,0.18083404
2931,0.1788183
2932,0.16503696
2933,0.1758717
2934,0.17707206
2935,0.17310916
2936,0.17750055
2937,0.18265599
2938,0.18870205
2939,0.18538488
2940,0.18852365
2941,0.19818203
2942,0.20234685
2943,0.20797166
2944,0.20964779
2945,0.19609894
2946,0.20279609
2947,0.20980458
2948,0.21301195
2949,0.21209809
2950,0.21243195
2951,0.21083842
2952,0.21064125
2953,0.20381546
2954,0.19685662
2955,0.20286521
2956,0.20658939
2957,0.19748364
2958,0.20084594
2959,0.19448169
2960,0.19899711
2961,0.19594549
2962,0.20764413
2963,0.20802435
2964,0.2180456
2965,0.21701086
2966,0.20382297
2967,0.20194712
2968,0.20200264
2969,0.19267894
2970,0.19946796
2971,0.19049023
2972,0.20706019
2973,0.20458443
2974,0.21919179
2975,0.20121367
2976,0.21198268
2977,0.21131906
2978,0.20621394
2979,0.18566519
2980,0.17215082
2981,0.17452
2982,0.17964321
2983,0.16917698
2984,0.19030413
2985,0.19839157
2986,0.20019506
2987,0.2078466
2988,0.19317311
2989,0.1975714
2990,0.20094745
2991,0.18556768
2992,0.18844114
2993,0.1797042
2994,0.18540001
2995,0.18039511
2996,0.17978504
2997,0.18427882
2998,0.1670313
2999,0.17259152
3000,0.17226185
3001,0.19172937
3002,0.1749416
3003,0.17440894
3004,0.18481337
3005,0.18009672
3006,0.17680842
3007,0.19022909
3008,0.19220872
3009,0.20192313
3010,0.21344829
3011,0.19934268
3012,0.21037607
3013,0.1958609
3014,0.20138335
3015,0.19757785
3016,0.19136205
3017,0.18631347
3018,0.18739392
3019,0.19020765
3020,0.1935383
3021,0.19748236
3022,0.18716934
3023,0.19184235
3024,0.19685014
3025,0.19104877
3026,0.19171341
3027,0.18384255
3028,0.19197384
3029,0.19464153
3030,0.1878545
3031,0.1808425
3032,0.17961341
3033,0.18611087
3034,0.1836053
3035,0.19561087
3036,0.197828
3037,0.19067079
3038,0.19526653
3039,0.19064672
3040,0.20130487
3041,0.19790529
3042,0.19684367
3043,0.20106666
3044,0.20244636
3045,0.194652
3046,0.18945567
3047,0.18657734
3048,0.18451796
3049,0.19884463
3050,0.18480785
3051,0.18889916
3052,0.18383147
3053,0.17828293
3054,0.19195127
3055,0.18253872
3056,0.18484233
3057,0.19336699
3058,0.18461603
3059,0.18977427
3060,0.18792504
3061,0.1879454
3062,0.19127145
3063,0.1875299
3064,0.19055043
3065,0.18068315
3066,0.18721293
3067,0.19610673
3068,0.18801591
3069,0.18800642
3070,0.19373314
3071,0.19265911
3072,0.18902057
3073,0.19790658
3074,0.19405787
3075,0.19369629
3076,0.20050424
3077,0.19836716
3078,0.18883844
3079,0.18687494
3080,0.19498043
3081,0.19488758
3082,0.19591036
3083,0.18711622
3084,0.1852033
3085,0.19508238
3086,0.19488758
3087,0.19400267
3088,0.19633538
3089,0.19760238
3090,0.1932391
3091,0.19365022
3092,0.19275567
3093,0.19344476
3094,0.187587
3095,0.19134074
3096,0.19874845
3097,0.18485887
3098,0.18742657
3099,0.19115947
3100,0.19143663
3101,0.19698995
3102,0.19261676
3103,0.19418392
3104,0.19094999
3105,0.20171978
3106,0.19150853
3107,0.19083382
3108,0.18700448
3109,0.18845738
3110,0.19404735
3111,0.18782192
3112,0.18491817
3113,0.19486272
3114,0.19915846
3115,0.1957216
3116,0.19484049
3117,0.19199376
3118,0.19201367
3119,0.19406573
3120,0.18916078
3121,0.18689267
3122,0.1908218
3123,0.18825844
3124,0.18777713
3125,0.19453803
3126,0.19129944
3127,0.19182639
3128,0.19248305
3129,0.18568578
3130,0.1946507
3131,0.19705723
3132,0.20133018
3133,0.1982489
3134,0.19442794
3135,0.19883692
3136,0.1930279
3137,0.19206676
3138,0.19406049
3139,0.19329184
3140,0.19358438
3141,0.1973571
3142,0.20208086
3143,0.19585961
3144,0.194779
3145,0.19584659
3146,0.18775949
3147,0.19670376
3148,0.1929262
3149,0.19420624
3150,0.1870331
3151,0.19294469
3152,0.19104476
3153,0.19152583
3154,0.19682296
3155,0.19510458
3156,0.19209065
3157,0.18723199
3158,0.19972849
3159,0.18813653
3160,0.18882358
3161,0.19148989
3162,0.1809665
3163,0.19188751
3164,0.18747418
3165,0.18366638
3166,0.18450691
3167,0.19169345
3168,0.18371634
3169,0.18325372
3170,0.1805999
3171,0.18841545
3172,0.18598618
3173,0.18667567
3174,0.17596732
3175,0.18900034
3176,0.17959921
3177,0.18019435
3178,0.17622644
3179,0.17642306
3180,0.1779237
3181,0.1736781
3182,0.17643173
3183,0.1705785
3184,0.17275095
3185,0.18027496
3186,0.17337108
3187,0.18186016
3188,0.17495473
3189,0.1762438
3190,0.19390543
3191,0.18421516
3192,0.18768752
3193,0.17377053
3194,0.17294563
3195,0.18942742
3196,0.17303993
3197,0.1707219
3198,0.17504503
3199,0.16946001
3200,0.17970137
3201,0.17972407
3202,0.18960093
3203,0.18447098
3204,0.1823501
3205,0.18856286
3206,0.18172696
3207,0.17997494
3208,0.19077371
3209,0.20834027
3210,0.1953318
3211,0.19783701
3212,0.19076969
3213,0.19965829
3214,0.19658321
3215,0.19174133
3216,0.20100072
3217,0.18641467
3218,0.19103542
3219,0.19845837
3220,0.18874392
3221,0.19969147
3222,0.18981726
3223,0.19822705
3224,0.19821033
3225,0.20182842
3226,0.20071517
3227,0.19665581
3228,0.19741781
3229,0.19553657
3230,0.19335382
3231,0.18644339
3232,0.1972951
3233,0.1893305
3234,0.19546877
3235,0.19127145
3236,0.19798255
3237,0.19221137
3238,0.19636783
3239,0.19321401
3240,0.18908934
3241,0.19364496
3242,0.19622499
3243,0.19243273
3244,0.18888162
3245,0.18839921
3246,0.18978503
3247,0.18971786
3248,0.19207738
3249,0.19328262
3250,0.19060661
3251,0.18974204
3252,0.1885588
3253,0.19036707
3254,0.18718433
3255,0.1907363
3256,0.19279799
3257,0.19106077
3258,0.20105778
3259,0.19649372
3260,0.19771586
3261,0.19748753
3262,0.19806752
3263,0.19211188
3264,0.19518557
3265,0.18857908
3266,0.19024785
3267,0.1871421
3268,0.20056398
3269,0.1949425
3270,0.18882224
3271,0.19776098
3272,0.17672189
3273,0.18020283
3274,0.18378846
3275,0.18743338
3276,0.19857651
3277,0.19587784
3278,0.18076214
3279,0.1876685
3280,0.19406837
3281,0.20205817
3282,0.19092597
3283,0.1941012
3284,0.19054374
3285,0.20032236
3286,0.20440494
3287,0.19560695
3288,0.19394092
3289,0.20345119
3290,0.19519994
3291,0.20267162
3292,0.19473448
3293,0.19471224
3294,0.19224718
3295,0.18704809
3296,0.19126345
3297,0.20405671
3298,0.19463366
3299,0.20054746
3300,0.17637102
3301,0.17671901
3302,0.1894476
3303,0.18992601
3304,0.18325093
3305,0.18538076
3306,0.19224453
3307,0.18722653
3308,0.19036037
3309,0.1772591
3310,0.18799286
3311,0.18815415
3312,0.19540617
3313,0.18650764
3314,0.1847292
3315,0.18769024
3316,0.18954445
3317,0.18884924
3318,0.18451382
3319,0.18392989
3320,0.19064939
3321,0.18536976
3322,0.18924701
3323,0.17983183
3324,0.17903058
3325,0.18459946
3326,0.19165888
3327,0.18172976
3328,0.1953592
3329,0.1801236
3330,0.1852487
3331,0.1801618
3332,0.1860684
3333,0.18976487
3334,0.1951686
3335,0.19241153
3336,0.18295719
3337,0.19563824
3338,0.17469226
3339,0.19464022
3340,0.18661696
3341,0.19418918
3342,0.18513446
3343,0.18053354
3344,0.18138015
3345,0.18386751
3346,0.17945154
3347,0.18666339
3348,0.17315333
3349,0.17539127
3350,0.1820843
3351,0.18796031
3352,0.18343584
3353,0.19044338
3354,0.18862233
3355,0.17879264
3356,0.18698539
3357,0.17678535
3358,0.17820284
3359,0.1767565
3360,0.1813661
3361,0.17645772
3362,0.19550398
3363,0.19170809
3364,0.18161611
3365,0.17947854
3366,0.1833594
3367,0.17605856
3368,0.17550315
3369,0.17175056
3370,0.1780984
3371,0.16880894
3372,0.18211369
3373,0.17279522
3374,0.17528224
3375,0.17128389
3376,0.17315774
3377,0.16623735
3378,0.17219375
3379,0.18483268
3380,0.18766715
3381,0.19100338
3382,0.19688122
3383,0.18606977
3384,0.18628746
3385,0.18258898
3386,0.18047987
3387,0.1821067
3388,0.17865857
3389,0.17988144
3390,0.1786971
3391,0.18600947
3392,0.18306026
3393,0.18715028
3394,0.19336437
3395,0.19053972
3396,0.19128078
3397,0.20004094
3398,0.19446464
3399,0.19252542
3400,0.17997211
3401,0.18498708
3402,0.18277179
3403,0.18249822
3404,0.18432169
3405,0.19205482
3406,0.19661562
3407,0.18982801
3408,0.18504633
3409,0.18380095
3410,0.19013527
3411,0.18368165
3412,0.17466891
3413,0.17843442
3414,0.18361224
3415,0.17340194
3416,0.16441487
3417,0.17593835
3418,0.17043647
3419,0.17925824
3420,0.16731036
3421,0.17778179
3422,0.17092933
3423,0.1741003
3424,0.1707443
3425,0.17592967
3426,0.16918904
3427,0.16965997
3428,0.17045443
3429,0.16542573
3430,0.17494306
3431,0.17244671
3432,0.17029881
3433,0.1663324
3434,0.17531277
3435,0.17014608
3436,0.16790956
3437,0.16588122
3438,0.1681917
3439,0.17684878
3440,0.16479738
3441,0.1695292
3442,0.16484842
3443,0.1670725
3444,0.16867751
3445,0.1693035
3446,0.17099492
3447,0.17396846
3448,0.17516877
3449,0.17224112
3450,0.17137316
3451,0.174666
3452,0.17518623
3453,0.17704615
3454,0.16676249
3455,0.17715697
3456,0.17057401
3457,0.16869111
3458,0.1684431
3459,0.16641973
3460,0.17217599
3461,0.17763692
3462,0.16382465
3463,0.16808558
3464,0.17165257
3465,0.17571653
3466,0.1807029
3467,0.17585285
3468,0.17367075
3469,0.16372503
3470,0.1615953
3471,0.17078012
3472,0.16883762
3473,0.16731188
3474,0.17003517
3475,0.16457294
3476,0.16805373
3477,0.17009662
3478,0.16402991
3479,0.16929296
3480,0.16872133
3481,0.16955326
3482,0.1717461
3483,0.17313124
3484,0.16829927
3485,0.16694887
3486,0.16907299
3487,0.16452491
3488,0.17138506
3489,0.17138506
3490,0.17706774
3491,0.17191522
3492,0.17300752
3493,0.17291172
3494,0.1741559
3495,0.16787769
3496,0.17353567
3497,0.17979072
3498,0.17722027
3499,0.17347397
3500,0.17779039
3501,0.17413542
3502,0.17360176
3503,0.17933786
3504,0.17238462
3505,0.1699542
3506,0.16856867
3507,0.16709843
3508,0.17449224
3509,0.17608029
3510,0.1672494
3511,0.16445673
3512,0.17475791
3513,0.16355212
3514,0.16063175
3515,0.16049045
3516,0.16133639
3517,0.1665912
3518,0.1740622
3519,0.17310327
3520,0.16418214
3521,0.167353
3522,0.17214341
3523,0.1750261
3524,0.16947055
3525,0.17376466
3526,0.17186481
3527,0.17503193
3528,0.17125411
3529,0.17454045
3530,0.16978914
3531,0.16666616
3532,0.17539127
3533,0.17179509
3534,0.17143264
3535,0.17510037
3536,0.17705767
3537,0.17977087
3538,0.1790676
3539,0.18214728
3540,0.17906332
3541,0.17004867
3542,0.17696549
3543,0.17893231
3544,0.18594505
3545,0.1738468
3546,0.18119736
3547,0.17832153
3548,0.17330343
3549,0.17053665
3550,0.1762973
3551,0.18065634
3552,0.17919426
3553,0.17670459
3554,0.17804399
3555,0.18305051
3556,0.18094678
3557,0.18807963
3558,0.1907296
3559,0.19296318
3560,0.18254012
3561,0.19165222
3562,0.1780669
3563,0.17841443
3564,0.18070148
3565,0.18103692
3566,0.1892699
3567,0.18631347
3568,0.18627104
3569,0.18229558
3570,0.18149677
3571,0.19034965
3572,0.17973684
3573,0.18405735
3574,0.18565695
3575,0.18521842
3576,0.18443091
3577,0.18488094
3578,0.18021557
3579,0.18579969
3580,0.19199641
3581,0.18622862
3582,0.18618344
3583,0.18715845
3584,0.18324953
3585,0.18816634
3586,0.19073227
3587,0.18851148
3588,0.19033091
3589,0.19664025
3590,0.19581535
3591,0.19457342
3592,0.1832092
3593,0.18348446
3594,0.18386197
3595,0.18908395
3596,0.19023043
3597,0.1945708
3598,0.195307
3599,0.19100073
3600,0.18976085
3601,0.19673875
3602,0.1848051
3603,0.19209464
3604,0.19088191
3605,0.19667915
3606,0.1881013
3607,0.19468866
3608,0.19005078
3609,0.189738
3610,0.19785634
3611,0.18865746
3612,0.18848172
3613,0.19155644
3614,0.18824083
3615,0.18604511
3616,0.19295129
3617,0.19079775
3618,0.18699221
3619,0.1906895
3620,0.19604564
3621,0.1971206
3622,0.20065548
3623,0.19940916
3624,0.19647166
3625,0.19180247
3626,0.19684885
3627,0.19526261
3628,0.20171472
3629,0.19574896
3630,0.1996787
3631,0.19842242
3632,0.1963821
3633,0.198389
3634,0.20163636
3635,0.18877228
3636,0.19576718
3637,0.19618471
3638,0.19138736
3639,0.19974124
3640,0.19851488
3641,0.19397114
3642,0.19708051
3643,0.1953096
3644,0.19262207
3645,0.19563171
3646,0.19667655
3647,0.19030546
3648,0.1904059
3649,0.18778257
3650,0.19161499
3651,0.18882224
3652,0.18790199
3653,0.18348725
3654,0.18838297
3655,0.18792234
3656,0.19059591
3657,0.19042598
3658,0.18877092
3659,0.18653771
3660,0.17994379
3661,0.18953773
3662,0.18530512
3663,0.18673302
3664,0.1860136
3665,0.1882625
3666,0.18684493
3667,0.18854257
3668,0.18740752
3669,0.18678352
3670,0.18071559
3671,0.17923833
3672,0.1844862
3673,0.18508351
3674,0.18802947
3675,0.18703173
3676,0.1844157
3677,0.17991403
3678,0.18959151
3679,0.1889275
3680,0.18421516
3681,0.18329962
3682,0.18119878
3683,0.18244372
3684,0.19018754
3685,0.1785601
3686,0.19093531
3687,0.18465883
3688,0.178443
3689,0.18141809
3690,0.18100734
3691,0.18031454
3692,0.18990186
3693,0.18383978
3694,0.18682173
3695,0.19052367
3696,0.18190642
3697,0.17781046
3698,0.18833695
3699,0.18943818
3700,0.18434659
3701,0.18587649
3702,0.1846243
3703,0.18417366
3704,0.180518
3705,0.17676948
3706,0.17996502
3707,0.18082699
3708,0.1861492
3709,0.17995936
3710,0.18453178
3711,0.18854798
3712,0.17926535
3713,0.17946291
3714,0.18029617
3715,0.1835081
3716,0.17922696
3717,0.18180831
3718,0.18536839
3719,0.17529534
3720,0.18038099
3721,0.18616427
3722,0.1809806
3723,0.17931086
3724,0.18464364
3725,0.190624
3726,0.18780564
3727,0.1856542
3728,0.18232074
3729,0.1842456
3730,0.18115515
3731,0.1820969
3732,0.18994883
3733,0.18576539
3734,0.19179183
3735,0.18399225
3736,0.18611087
3737,0.1849857
3738,0.18479681
3739,0.18628335
3740,0.18942338
3741,0.18738848
3742,0.18499672
3743,0.19129544
3744,0.1932615
3745,0.18038239
3746,0.18935473
3747,0.18769975
3748,0.18541513
3749,0.18411551
3750,0.18927933
3751,0.1857352
3752,0.18486577
3753,0.18114108
3754,0.18477061
3755,0.17981906
3756,0.17698997
3757,0.18561575
3758,0.18080585
3759,0.18584633
3760,0.17973542
3761,0.17458864
3762,0.1751353
3763,0.17510037
3764,0.18413629
3765,0.1773195
3766,0.17735256
3767,0.1741559
3768,0.1783058
3769,0.17577745
3770,0.17640427
3771,0.18395899
3772,0.17400655
3773,0.17704758
3774,0.18387583
3775,0.18426222
3776,0.1846243
3777,0.18751223
3778,0.18947989
3779,0.18522118
3780,0.1846961
3781,0.18169609
3782,0.17595863
3783,0.1881257
3784,0.18516475
3785,0.18378432
3786,0.18808368
3787,0.19193533
3788,0.18953907
3789,0.17589633
3790,0.17616278
3791,0.1824116
3792,0.1797425
3793,0.18183494
3794,0.18042336
3795,0.17935492
3796,0.17899926
3797,0.17615555
3798,0.169681
3799,0.1783787
3800,0.1749314
3801,0.17373826
3802,0.17365901
3803,0.17396846
3804,0.17742872
3805,0.17268898
3806,0.17421591
3807,0.17931086
3808,0.17705046
3809,0.16808406
3810,0.1728837
3811,0.16944498
3812,0.18387029
3813,0.17910746
3814,0.17841871
3815,0.1775192
3816,0.18140405
3817,0.18162031
3818,0.17521097
3819,0.17760678
3820,0.18078612
3821,0.17599195
3822,0.1783201
3823,0.17508435
3824,0.18459256
3825,0.17188112
3826,0.17480022
3827,0.17727636
3828,0.17946148
3829,0.17569622
3830,0.18001884
3831,0.17494306
3832,0.17952113
3833,0.18161611
3834,0.17830294
3835,0.1758427
3836,0.1852941
3837,0.17562367
3838,0.1765155
3839,0.17868711
3840,0.18526247
3841,0.18006699
3842,0.17325047
3843,0.17045143
3844,0.17818138
3845,0.1698732
3846,0.16935319
3847,0.17166
3848,0.17093082
3849,0.17658192
3850,0.17287192
3851,0.18138579
3852,0.18301848
3853,0.17374413
3854,0.16672732
3855,0.17146535
3856,0.17360029
3857,0.17006215
3858,0.17344016
3859,0.17260924
3860,0.18012926
3861,0.18075226
3862,0.17490663
3863,0.17949557
3864,0.18390772
3865,0.17368397
3866,0.17315628
3867,0.17588328
3868,0.1751775
3869,0.1789964
3870,0.18229418
3871,0.18057872
3872,0.173543
3873,0.17624958
3874,0.17512365
3875,0.18538763
3876,0.18009672
3877,0.18874662
3878,0.18665384
3879,0.18240322
3880,0.18194285
3881,0.17756227
3882,0.17744021
3883,0.18219906
3884,0.17734824
3885,0.17815134
3886,0.1825471
3887,0.18141249
3888,0.17831153
3889,0.17877269
3890,0.17383653
3891,0.18218367
3892,0.18145743
3893,0.17814276
3894,0.17621052
3895,0.18120159
3896,0.19060527
3897,0.18531474
3898,0.18419442
3899,0.1801151
3900,0.18320502
3901,0.17756514
3902,0.17726773
3903,0.17796953
3904,0.17489205
3905,0.17948279
3906,0.18286242
3907,0.1773353
3908,0.18364418
3909,0.17475791
3910,0.17803396
3911,0.18228018
3912,0.18232353
3913,0.18919447
3914,0.18111715
3915,0.17200269
3916,0.17419104
3917,0.17699142
3918,0.17588474
3919,0.17417495
3920,0.16943444
3921,0.16949311
3922,0.17041554
3923,0.16856262
3924,0.16974258
3925,0.17788213
3926,0.17557867
3927,0.16684501
3928,0.17197452
3929,0.17040057
3930,0.16818564
3931,0.17916438
3932,0.180033
3933,0.17952113
3934,0.181089
3935,0.18137172
3936,0.17590937
3937,0.1727421
3938,0.17667285
3939,0.1756193
3940,0.1809665
3941,0.16559361
3942,0.16705267
3943,0.17200269
3944,0.16696872
3945,0.16416816
3946,0.16938028
3947,0.16628028
3948,0.17165703
3949,0.1754683
3950,0.17002018
3951,0.1729692
3952,0.1672692
3953,0.17237428
3954,0.1684537
3955,0.16943294
3956,0.16443813
3957,0.16861403
3958,0.1647618
3959,0.17132258
3960,0.177842
3961,0.17865571
3962,0.17691363
3963,0.18140545
3964,0.17457987
3965,0.18582849
3966,0.18229698
3967,0.18972458
3968,0.18076496
3969,0.1813914
3970,0.18272156
3971,0.18401025
3972,0.1872102
3973,0.18839516
3974,0.18616427
3975,0.18543988
3976,0.1833594
3977,0.1771354
3978,0.17985876
3979,0.17560479
3980,0.18364972
3981,0.17719582
3982,0.18316883
3983,0.1768776
3984,0.17718431
3985,0.18039794
3986,0.17632622
3987,0.18387029
3988,0.19130076
3989,0.18109745
3990,0.18503255
3991,0.1771138
3992,0.17208713
3993,0.17574845
3994,0.17562947
3995,0.18000327
3996,0.1789152
3997,0.17518042
3998,0.18142794
3999,0.1805632
4000,0.18277179
4001,0.18123113
4002,0.1833733
4003,0.19146593
4004,0.182501
4005,0.167225
4006,0.17629442
4007,0.17788357
4008,0.18055612
4009,0.1814757
4010,0.18299758
4011,0.18409474
4012,0.18372744
4013,0.17854582
4014,0.18607387
4015,0.18302126
4016,0.18285963
4017,0.18306722
4018,0.18290283
4019,0.18988842
4020,0.17929095
4021,0.17695108
4022,0.18724015
4023,0.17304583
4024,0.17440748
4025,0.1797808
4026,0.17462805
4027,0.17693236
4028,0.17511201
4029,0.1769021
4030,0.17864859
4031,0.17805544
4032,0.1839479
4033,0.17494744
4034,0.18404904
4035,0.18149115
4036,0.18746872
4037,0.18239622
4038,0.18420824
4039,0.17942028
4040,0.18096226
4041,0.18233751
4042,0.18301569
4043,0.18427743
4044,0.18069866
4045,0.17981198
4046,0.17247036
4047,0.18510416
4048,0.18632987
4049,0.18392989
4050,0.18603277
4051,0.18761145
4052,0.18445855
4053,0.19218485
4054,0.18083404
4055,0.18196246
4056,0.1850408
4057,0.18829094
4058,0.1860684
4059,0.17718576
4060,0.18042055
4061,0.18449448
4062,0.19211718
4063,0.18141389
4064,0.17758812
4065,0.17510764
4066,0.18480924
4067,0.18274668
4068,0.18171574
4069,0.18228018
4070,0.18346502
4071,0.18178587
4072,0.1902425
4073,0.18771333
4074,0.17744882
4075,0.18389663
4076,0.1771397
4077,0.17979214
4078,0.1735342
4079,0.17775741
4080,0.18163857
4081,0.17721309
4082,0.1771728
4083,0.1742949
4084,0.18340388
4085,0.18365943
4086,0.17650107
4087,0.17974676
4088,0.18380095
4089,0.17409588
4090,0.17818424
4091,0.17743734
4092,0.18854934
4093,0.1806775
4094,0.18420963
4095,0.18316883
4096,0.1844157
4097,0.18126066
4098,0.18808232
4099,0.18356782
4100,0.180299
4101,0.18151784
4102,0.177456
4103,0.17777032
4104,0.1800146
4105,0.18063375
4106,0.18787892
4107,0.17530406
4108,0.17360176
4109,0.17989136
4110,0.17492849
4111,0.17603974
4112,0.1744864
4113,0.18397562
4114,0.17463097
4115,0.17511784
4116,0.16997069
4117,0.17221893
4118,0.17443818
4119,0.17706342
4120,0.16957581
4121,0.17189446
4122,0.16638602
4123,0.17705046
4124,0.16669674
4125,0.17965455
4126,0.17936914
4127,0.1739919
4128,0.17842442
4129,0.16551046
4130,0.16783668
4131,0.1740168
4132,0.16904435
4133,0.1763378
4134,0.17281735
4135,0.17298247
4136,0.18033858
4137,0.17927104
4138,0.17413102
4139,0.17190632
4140,0.16722958
4141,0.16773793
4142,0.17456089
4143,0.17507853
4144,0.17796236
4145,0.17664832
4146,0.17390251
4147,0.18004717
4148,0.1724748
4149,0.1755017
4150,0.1735254
4151,0.1775508
4152,0.17618883
4153,0.17535931
4154,0.16742305
4155,0.17189743
4156,0.17452146
4157,0.18003583
4158,0.17865714
4159,0.17643173
4160,0.17345192
4161,0.17233582
4162,0.16682515
4163,0.16875306
4164,0.1683765
4165,0.18105663
4166,0.16871981
4167,0.17131662
4168,0.17211528
4169,0.1706756
4170,0.17479438
4171,0.16763152
4172,0.17504212
4173,0.1674946
4174,0.18224663
4175,0.17800675
4176,0.18005708
4177,0.18087773
4178,0.18046293
4179,0.17103368
4180,0.17206937
4181,0.17229587
4182,0.1774086
4183,0.1843286
4184,0.1848699
4185,0.18135627
4186,0.18392989
4187,0.17565995
4188,0.17946717
4189,0.18127613
4190,0.17736118
4191,0.18143496
4192,0.18057589
4193,0.17482208
4194,0.16925381
4195,0.18408227
4196,0.18522118
4197,0.18470575
4198,0.17771295
4199,0.1783058
4200,0.17555253
4201,0.18252616
4202,0.17497803
4203,0.1748702
4204,0.17521387
4205,0.1727185
4206,0.1733696
4207,0.1794274
4208,0.18111011
4209,0.17941318
4210,0.17682716
4211,0.17499551
4212,0.17097853
4213,0.1766108
4214,0.1810003
4215,0.17967583
4216,0.180858
4217,0.1882977
4218,0.18665247
4219,0.19383574
4220,0.18849796
4221,0.18856962
4222,0.19560957
4223,0.18419856
4224,0.18823
4225,0.1778119
4226,0.17935918
4227,0.18399778
4228,0.17494598
4229,0.17532587
4230,0.16970955
4231,0.1736047
4232,0.17425396
4233,0.16802946
4234,0.1719597
4235,0.16881497
4236,0.16863519
4237,0.17201899
4238,0.1749722
4239,0.1709159
4240,0.17233877
4241,0.18244512
4242,0.18842086
4243,0.19592987
4244,0.19547659
4245,0.19286937
4246,0.19286011
4247,0.19243537
4248,0.19860089
4249,0.19306356
4250,0.19510198
4251,0.19203092
4252,0.18819073
4253,0.18196106
4254,0.18149255
4255,0.1757615
4256,0.18235849
4257,0.1821445
4258,0.17940181
4259,0.18366499
4260,0.18134502
4261,0.182953
4262,0.18354142
4263,0.17988144
4264,0.1817045
4265,0.17814276
4266,0.18393266
4267,0.17694533
4268,0.17981482
4269,0.18356365
4270,0.18137875
4271,0.18293768
4272,0.18180549
4273,0.18035978
4274,0.18197927
4275,0.17943592
4276,0.17912453
4277,0.17867284
4278,0.17941745
4279,0.17653428
4280,0.18097073
4281,0.1798942
4282,0.18513171
4283,0.18155715
4284,0.18225782
4285,0.18417504
4286,0.18183774
4287,0.18274808
4288,0.18164699
4289,0.17562658
4290,0.18445994
4291,0.18502566
4292,0.18810266
4293,0.18898281
4294,0.18499121
4295,0.18687767
4296,0.19158305
4297,0.18788299
4298,0.18981592
4299,0.18310341
4300,0.1903135
4301,0.194201
4302,0.18901788
4303,0.18249682
4304,0.18285404
4305,0.1845373
4306,0.18062954
4307,0.1821193
4308,0.19231479
4309,0.1861451
4310,0.17867997
4311,0.17603105
4312,0.17944728
4313,0.18172555
4314,0.17873132
4315,0.17875272
4316,0.18619576
4317,0.18087491
4318,0.18617249
4319,0.18506835
4320,0.18401718
4321,0.18357198
4322,0.19026795
4323,0.18857908
4324,0.18921064
4325,0.18559378
4326,0.18002875
4327,0.18218227
4328,0.19007225
4329,0.19472271
4330,0.18563773
4331,0.18905024
4332,0.18934262
4333,0.18893155
4334,0.18454145
4335,0.18407813
4336,0.18983337
4337,0.18681355
4338,0.19024383
4339,0.19003737
4340,0.18918234
4341,0.18760465
4342,0.18606703
4343,0.18607114
4344,0.19444498
4345,0.1915285
4346,0.19490328
4347,0.18952966
4348,0.18815821
4349,0.20036815
4350,0.19529003
4351,0.19894587
4352,0.19531743
4353,0.19163494
4354,0.18906373
4355,0.20040251
4356,0.18845198
4357,0.18819614
4358,0.18640101
4359,0.18793184
4360,0.1902264
4361,0.18731502
4362,0.19639899
4363,0.18832614
4364,0.1786129
4365,0.18484648
4366,0.19375813
4367,0.20511205
4368,0.20018615
4369,0.18418334
4370,0.18647757
4371,0.18278293
4372,0.17749767
4373,0.18380235
4374,0.18475819
4375,0.1814195
4376,0.1898844
4377,0.19002396
4378,0.18680672
4379,0.17896792
4380,0.18184334
4381,0.1856899
4382,0.18686949
4383,0.18593545
4384,0.18603277
4385,0.18157822
4386,0.1857887
4387,0.18292513
4388,0.19194993
4389,0.19087923
4390,0.1890826
4391,0.17980348
4392,0.1779423
4393,0.18435487
4394,0.18188679
4395,0.184229
4396,0.17861006
4397,0.18481337
4398,0.18040217
4399,0.19272922
4400,0.18832748
4401,0.19637172
4402,0.18700585
4403,0.18895988
4404,0.18803489
4405,0.18714346
4406,0.1883099
4407,0.19501442
4408,0.1810341
4409,0.18392019
4410,0.17444988
4411,0.1811622
4412,0.173037
4413,0.1731342
4414,0.17612226
4415,0.17906475
4416,0.1816989
4417,0.172838
4418,0.179281
4419,0.17112905
4420,0.17605278
4421,0.17899498
4422,0.17764696
4423,0.17304878
4424,0.17779899
4425,0.17862718
4426,0.1764115
4427,0.17510764
4428,0.18452072
4429,0.1807029
4430,0.17820713
4431,0.18020283
4432,0.17440456
4433,0.17484395
4434,0.17484833
4435,0.17611502
4436,0.17298985
4437,0.17557141
4438,0.18312569
4439,0.17644762
4440,0.18273133
4441,0.1804375
4442,0.18163997
4443,0.17630309
4444,0.17690787
4445,0.18078892
4446,0.17821714
4447,0.16949612
4448,0.179116
4449,0.18179427
4450,0.18039088
4451,0.18325372
4452,0.17744452
4453,0.1743534
4454,0.17427443
4455,0.1719182
4456,0.17564835
4457,0.17256197
4458,0.17767279
4459,0.17310032
4460,0.17395088
4461,0.18171994
4462,0.17847727
4463,0.18644339
4464,0.1768387
4465,0.1771987
4466,0.1737236
4467,0.17009063
4468,0.16918904
4469,0.16813864
4470,0.1728734
4471,0.17956941
4472,0.17440748
4473,0.17912738
4474,0.17674641
4475,0.18360253
4476,0.18031172
4477,0.17940892
4478,0.18404765
4479,0.19040723
4480,0.17888957
4481,0.1821235
4482,0.17863718
4483,0.18783686
4484,0.18225922
4485,0.18772419
4486,0.19444105
4487,0.1911168
4488,0.1842373
4489,0.17597312
4490,0.18045022
4491,0.17897218
4492,0.18504219
4493,0.18805657
4494,0.18665247
4495,0.18600263
4496,0.19206145
4497,0.19709603
4498,0.18239343
4499,0.18821646
4500,0.19250292
4501,0.19493596
4502,0.18856691
4503,0.1877106
4504,0.185078
4505,0.18000327
4506,0.1906681
4507,0.18542063
4508,0.18704264
4509,0.18406704
4510,0.19260749
4511,0.19104208
4512,0.19555873
4513,0.19099538
4514,0.1824074
4515,0.1912168
4516,0.19513333
4517,0.18989782
4518,0.18448065
4519,0.19145928
4520,0.18807691
4521,0.18951218
4522,0.18805793
4523,0.19144462
4524,0.18701266
4525,0.18543576
4526,0.1870699
4527,0.1894153
4528,0.18891941
4529,0.19092064
4530,0.1995229
4531,0.19101673
4532,0.1883356
4533,0.17822286
4534,0.1855457
4535,0.17685023
4536,0.1783344
4537,0.1806775
4538,0.1714505
4539,0.18104677
4540,0.1830909
4541,0.18123253
4542,0.17951688
4543,0.17811556
4544,0.17485708
4545,0.17077565
4546,0.17600933
4547,0.17482063
4548,0.18589021
4549,0.18234171
4550,0.17694822
4551,0.18829499
4552,0.1846243
4553,0.18416396
4554,0.17231216
4555,0.1809651
4556,0.17874417
4557,0.18820563
4558,0.18998371
4559,0.1854385
4560,0.18573931
4561,0.18363723
4562,0.1980482
4563,0.18453316
4564,0.18550172
4565,0.18289447
4566,0.18270762
4567,0.17532587
4568,0.18378153
4569,0.18176483
4570,0.1936884
4571,0.1976978
4572,0.19181177
4573,0.18199328
4574,0.18793318
4575,0.18991661
4576,0.19363442
4577,0.1876128
4578,0.175863
4579,0.17793801
4580,0.1820661
4581,0.18237665
4582,0.18154311
4583,0.18528724
4584,0.17552784
4585,0.18502152
4586,0.17708214
4587,0.17688192
4588,0.18568166
4589,0.17152481
4590,0.18200308
4591,0.18359835
4592,0.17551042
4593,0.17647795
4594,0.17850584
4595,0.18475267
4596,0.18052506
4597,0.17522407
4598,0.17943165
4599,0.17983466
4600,0.18802269
4601,0.1967245
4602,0.18674667
4603,0.18217248
4604,0.18325372
4605,0.18350393
4606,0.19027197
4607,0.18685856
4608,0.18048553
4609,0.1803089
4610,0.18147008
4611,0.17444256
4612,0.18108056
4613,0.18015757
4614,0.1773813
4615,0.18182372
4616,0.18463258
4617,0.17218783
4618,0.17948422
4619,0.18290842
4620,0.19194728
4621,0.1800061
4622,0.1826155
4623,0.18328431
4624,0.18834236
4625,0.18591353
4626,0.1812452
4627,0.18366499
4628,0.18132675
4629,0.19385941
4630,0.18609579
4631,0.18577361
4632,0.19206145
4633,0.1923943
4634,0.18318693
4635,0.18402134
4636,0.1835192
4637,0.18773912
4638,0.19345662
4639,0.19290242
4640,0.18374686
4641,0.18145885
4642,0.19322456
4643,0.1915671
4644,0.17989986
4645,0.18756661
4646,0.18325509
4647,0.17983466
4648,0.1893857
4649,0.18335661
4650,0.18857232
4651,0.19095267
4652,0.1971206
4653,0.19503272
4654,0.1924963
4655,0.18792099
4656,0.18487129
4657,0.1890435
4658,0.19454458
4659,0.19342367
4660,0.1915245
4661,0.1993056
4662,0.19882154
4663,0.19553135
4664,0.19644961
4665,0.19173336
4666,0.18653907
4667,0.19269086
4668,0.18623957
4669,0.19554308
4670,0.19361599
4671,0.19215433
4672,0.18922275
4673,0.18855068
4674,0.18846956
4675,0.18232633
4676,0.18809724
4677,0.1881826
4678,0.1776613
4679,0.18264621
4680,0.17750055
4681,0.18027072
4682,0.18031596
4683,0.18573245
4684,0.18628335
4685,0.1820955
4686,0.18786536
4687,0.17767565
4688,0.18070854
4689,0.1812916
4690,0.17745745
4691,0.18717343
4692,0.1871571
4693,0.18057589
4694,0.17714547
4695,0.18253733
4696,0.17922981
4697,0.18434243
4698,0.18196526
4699,0.17882258
4700,0.18762368
4701,0.18045445
4702,0.18553333
4703,0.1937555
4704,0.19384363
4705,0.18704537
4706,0.18185456
4707,0.18856826
4708,0.18879388
4709,0.18504769
4710,0.1837524
4711,0.18793997
4712,0.17946717
4713,0.1844005
4714,0.17772444
4715,0.17585285
4716,0.18004717
4717,0.18164419
4718,0.18100312
4719,0.18954042
4720,0.19107544
4721,0.19365154
4722,0.18754758
4723,0.18754758
4724,0.18863179
4725,0.19198579
4726,0.18691313
4727,0.18940723
4728,0.1887142
4729,0.19000652
4730,0.18940857
4731,0.18431893
4732,0.19611193
4733,0.18366084
4734,0.19505362
4735,0.19788854
4736,0.18759921
4737,0.18598618
4738,0.1908779
4739,0.1825415
4740,0.17904624
4741,0.17908326
4742,0.1777947
4743,0.18144901
4744,0.18437286
4745,0.17704615
4746,0.17973116
4747,0.18081008
4748,0.1758369
4749,0.17660357
4750,0.18563223
4751,0.17954244
4752,0.17690931
4753,0.18031454
4754,0.18897069
4755,0.17797239
4756,0.19127278
4757,0.18751632
4758,0.17983183
4759,0.185078
4760,0.18534777
4761,0.18152344
4762,0.1859711
4763,0.17854154
4764,0.18291259
4765,0.18561438
4766,0.181165
4767,0.18550035
4768,0.18117346
4769,0.17619027
4770,0.17461783
4771,0.18182512
4772,0.18474025
4773,0.18558004
4774,0.18873176
4775,0.18166383
4776,0.18512207
4777,0.17641294
4778,0.18350531
4779,0.18295021
4780,0.1827662
4781,0.18796574
4782,0.18470438
4783,0.1815417
4784,0.18302545
4785,0.17686175
4786,0.18409613
4787,0.18690495
4788,0.1793066
4789,0.18237665
4790,0.17943165
4791,0.1905317
4792,0.17844585
4793,0.178383
4794,0.1877622
4795,0.1880376
4796,0.18140545
4797,0.18527623
4798,0.18763454
4799,0.18170872
4800,0.18402411
4801,0.17340194
4802,0.18028204
4803,0.19040456
4804,0.1773468
4805,0.17217007
4806,0.17342252
4807,0.17825003
4808,0.17865287
4809,0.17750771
4810,0.17790648
4811,0.18201849
4812,0.18151082
4813,0.17563383
4814,0.18266158
4815,0.17842585
4816,0.18359281
4817,0.17917576
4818,0.18201989
4819,0.174501
4820,0.17993386
4821,0.17752065
4822,0.1735768
4823,0.19036841
4824,0.18461189
4825,0.18320502
4826,0.18835455
4827,0.17761251
4828,0.17913875
4829,0.18365528
4830,0.18173537
4831,0.18895179
4832,0.1881555
4833,0.18589844
4834,0.18642426
4835,0.18472508
4836,0.18851553
4837,0.18515511
4838,0.17525461
4839,0.18079457
4840,0.18111715
4841,0.18440603
4842,0.18489058
4843,0.18650354
4844,0.17380133
4845,0.18353587
4846,0.18029335
4847,0.18551548
4848,0.18581066
4849,0.18659236
4850,0.18174519
4851,0.18037532
4852,0.17624813
4853,0.18139842
4854,0.18758835
4855,0.18670708
4856,0.18740344
4857,0.18276063
4858,0.18213049
4859,0.18192324
4860,0.1806126
4861,0.18105522
4862,0.18404351
4863,0.18396454
4864,0.17814562
4865,0.1835317
4866,0.17320338
4867,0.17600355
4868,0.17596008
4869,0.1704245
4870,0.17146239
4871,0.17475353
4872,0.1703527
4873,0.17162138
4874,0.17506687
4875,0.18427052
4876,0.1763291
4877,0.17200862
4878,0.17226185
4879,0.17540582
4880,0.18190782
4881,0.18347752
4882,0.18080303
4883,0.19177456
4884,0.18500224
4885,0.18315352
4886,0.18925375
4887,0.18997566
4888,0.18904619
4889,0.19208004
4890,0.18734904
4891,0.17976661
4892,0.18391187
4893,0.19013125
4894,0.19081779
4895,0.1832384
4896,0.18269506
4897,0.18055753
4898,0.18097778
4899,0.1867767
4900,0.1807565
4901,0.18589981
4902,0.1787898
4903,0.19063067
4904,0.18978503
4905,0.17491537
4906,0.17802824
4907,0.18730685
4908,0.18729596
4909,0.18711758
4910,0.19271731
4911,0.18147288
4912,0.18202129
4913,0.1816554
4914,0.17999618
4915,0.18168487
4916,0.1838994
4917,0.17979497
4918,0.1856336
4919,0.18152486
4920,0.1864639
4921,0.18668523
4922,0.18540688
4923,0.18567067
4924,0.18279967
4925,0.1876196
4926,0.19232407
4927,0.18335801
4928,0.18944088
4929,0.18679444
4930,0.18306722
4931,0.19039117
4932,0.18811485
4933,0.18292652
4934,0.18666612
4935,0.18994883
4936,0.1861766
4937,0.19692264
4938,0.19461796
4939,0.19164957
4940,0.19346057
4941,0.19948201
4942,0.18802676
4943,0.19397245
4944,0.18551959
4945,0.19293544
4946,0.19808425
4947,0.18780157
4948,0.18324536
4949,0.18872501
4950,0.18673028
4951,0.18562812
4952,0.18877903
4953,0.1884939
4954,0.19254395
4955,0.18686129
4956,0.18615194
4957,0.19187821
4958,0.196661
4959,0.1937305
4960,0.18587376
4961,0.19182639
4962,0.19437024
4963,0.18881413
4964,0.19424824
4965,0.18608895
4966,0.190624
4967,0.18956327
4968,0.19516076
4969,0.19081378
4970,0.1903068
4971,0.1896762
4972,0.18575166
4973,0.18937223
4974,0.19872536
4975,0.19327997
4976,0.19475412
4977,0.18855204
4978,0.19583617
4979,0.20061101
4980,0.18934801
4981,0.1936489
4982,0.19222862
4983,0.20238465
4984,0.20210484
4985,0.19325228
4986,0.19918917
4987,0.19709861
4988,0.1933815
4989,0.19166154
4990,0.20393299
4991,0.20694567
4992,0.19362521
4993,0.1917998
4994,0.19693041
4995,0.2006237
4996,0.19257706
4997,0.20218176
4998,0.18947181
