,RMSD_6eqe_PET-tetramer_1
0,0.0
1,0.11081059
2,0.119965345
3,0.1347101
4,0.12055232
5,0.12961541
6,0.13217132
7,0.12608495
8,0.13400899
9,0.12657681
10,0.13355008
11,0.12776318
12,0.13210548
13,0.13981114
14,0.14049746
15,0.14921904
16,0.14484067
17,0.14705798
18,0.15392534
19,0.14552717
20,0.16187462
21,0.17058
22,0.15586536
23,0.16540755
24,0.16903576
25,0.1603783
26,0.14462085
27,0.15676852
28,0.16966248
29,0.14939882
30,0.15763023
31,0.14960332
32,0.1656508
33,0.16110969
34,0.15459241
35,0.14525536
36,0.14136869
37,0.14156547
38,0.14850776
39,0.15461491
40,0.16173482
41,0.15772797
42,0.16005872
43,0.155082
44,0.15418349
45,0.16514738
46,0.15441062
47,0.16063227
48,0.15494892
49,0.16907105
50,0.1545908
51,0.16288792
52,0.15840569
53,0.161344
54,0.17146797
55,0.17583495
56,0.17940886
57,0.16803883
58,0.17023578
59,0.17395906
60,0.1723831
61,0.18167491
62,0.18210126
63,0.17798036
64,0.16529481
65,0.17960964
66,0.1746663
67,0.17962624
68,0.1731987
69,0.17859657
70,0.18112135
71,0.18979125
72,0.18653779
73,0.18199341
74,0.18665235
75,0.18159828
76,0.17818832
77,0.18629113
78,0.17351414
79,0.1817734
80,0.1818062
81,0.17847405
82,0.1847383
83,0.18484052
84,0.17906912
85,0.1835532
86,0.17779593
87,0.18706602
88,0.19252048
89,0.18421957
90,0.194648
91,0.19486623
92,0.20246056
93,0.20374551
94,0.21212365
95,0.20546928
96,0.21011515
97,0.20492905
98,0.21226187
99,0.21260235
100,0.21798569
101,0.21563326
102,0.22552668
103,0.21926127
104,0.21108764
105,0.21363449
106,0.2152837
107,0.21441722
108,0.22172321
109,0.2160455
110,0.22496831
111,0.21946523
112,0.22127998
113,0.21866079
114,0.21433605
115,0.2158625
116,0.22583835
117,0.21531834
118,0.21280217
119,0.2133737
120,0.21822613
121,0.22414924
122,0.21769473
123,0.2218745
124,0.21638922
125,0.21635476
126,0.21965654
127,0.21559636
128,0.22185434
129,0.21620882
130,0.22527635
131,0.22304209
132,0.21278349
133,0.21286406
134,0.2127975
135,0.22204807
136,0.21820904
137,0.22061175
138,0.22132602
139,0.22125864
140,0.22071539
141,0.20986068
142,0.22694393
143,0.21427226
144,0.20319214
145,0.20804787
146,0.2198737
147,0.21110414
148,0.20358197
149,0.21825118
150,0.22313121
151,0.21145117
152,0.21285005
153,0.20602739
154,0.1933
155,0.19350947
156,0.18645115
157,0.18459967
158,0.18900122
159,0.19446914
160,0.19440651
161,0.1867056
162,0.19140697
163,0.1950409
164,0.18767224
165,0.1812064
166,0.17749932
167,0.18315601
168,0.18143398
169,0.18067342
170,0.18405625
171,0.17420608
172,0.1742446
173,0.17880242
174,0.18233316
175,0.18938483
176,0.18358299
177,0.17975903
178,0.17204249
179,0.17719099
180,0.1781437
181,0.18967989
182,0.17718679
183,0.18334863
184,0.18847972
185,0.18531726
186,0.18265186
187,0.18313159
188,0.18592653
189,0.18592519
190,0.19171578
191,0.19855827
192,0.19101961
193,0.18070368
194,0.18391441
195,0.18523142
196,0.19345552
197,0.18955405
198,0.18908799
199,0.18407515
200,0.19185963
201,0.19008568
202,0.19870467
203,0.17970648
204,0.17996217
205,0.18500316
206,0.18924303
207,0.19749516
208,0.1964592
209,0.18567637
210,0.19447298
211,0.18141341
212,0.19250628
213,0.18851268
214,0.1818964
215,0.18717228
216,0.18144219
217,0.17287983
218,0.17528565
219,0.1830094
220,0.19448575
221,0.18888414
222,0.19463268
223,0.19487643
224,0.20419881
225,0.22705342
226,0.2244263
227,0.21236488
228,0.22491196
229,0.2176365
230,0.23526083
231,0.23347597
232,0.22638686
233,0.22799835
234,0.22636381
235,0.22880147
236,0.22525539
237,0.22189243
238,0.22688477
239,0.21796288
240,0.22156285
241,0.23128437
242,0.22295068
243,0.22029833
244,0.23009488
245,0.22344068
246,0.2271924
247,0.22342731
248,0.222085
249,0.22791004
250,0.22345957
251,0.22437978
252,0.22915208
253,0.21923293
254,0.23195077
255,0.2278555
256,0.2242734
257,0.22907506
258,0.22858845
259,0.23113602
260,0.23127362
261,0.22690777
262,0.23151316
263,0.2335941
264,0.22024529
265,0.22139676
266,0.23204613
267,0.23276481
268,0.22524987
269,0.22917052
270,0.22107883
271,0.22162567
272,0.22425567
273,0.21603975
274,0.22191146
275,0.23352599
276,0.23045108
277,0.22097987
278,0.22920956
279,0.23358986
280,0.22531828
281,0.23257145
282,0.22847208
283,0.22434433
284,0.21592698
285,0.22909242
286,0.22504786
287,0.23121558
288,0.21994264
289,0.21746169
290,0.22990252
291,0.2283513
292,0.23021583
293,0.22320805
294,0.23788008
295,0.2180803
296,0.22411376
297,0.22755969
298,0.22600777
299,0.222283
300,0.2343579
301,0.2289839
302,0.22808883
303,0.2128769
304,0.21611106
305,0.21852547
306,0.22429335
307,0.22523001
308,0.2221678
309,0.2210316
310,0.22385965
311,0.22421134
312,0.22327486
313,0.23137784
314,0.21858007
315,0.23364411
316,0.2301856
317,0.23490451
318,0.21676336
319,0.21712081
320,0.23147881
321,0.22187114
322,0.21444504
323,0.21279399
324,0.2215707
325,0.21123242
326,0.22192267
327,0.21470566
328,0.2278086
329,0.21135478
330,0.21480867
331,0.21461883
332,0.20699628
333,0.2078913
334,0.20518844
335,0.22743623
336,0.2298874
337,0.22107658
338,0.22535908
339,0.22572386
340,0.21594079
341,0.21764678
342,0.21747197
343,0.21772899
344,0.22412597
345,0.21998557
346,0.22754112
347,0.22590767
348,0.22300084
349,0.2144972
350,0.22288267
351,0.22667544
352,0.23131661
353,0.2268004
354,0.22313233
355,0.22318245
356,0.23337908
357,0.23320541
358,0.22625507
359,0.22069399
360,0.2282642
361,0.22800925
362,0.22899258
363,0.22977275
364,0.22088762
365,0.22322032
366,0.23442683
367,0.23833314
368,0.23578954
369,0.22466539
370,0.23426136
371,0.23353557
372,0.22527856
373,0.23134668
374,0.24260916
375,0.23934466
376,0.24778202
377,0.24655418
378,0.24042845
379,0.25108233
380,0.24467802
381,0.26140207
382,0.25803533
383,0.24771781
384,0.25700837
385,0.2658961
386,0.25014213
387,0.23905267
388,0.24013467
389,0.2300495
390,0.2365515
391,0.24806574
392,0.24823502
393,0.2637204
394,0.27194172
395,0.2753551
396,0.2549187
397,0.25176644
398,0.2668218
399,0.2645081
400,0.27286693
401,0.260626
402,0.2552724
403,0.24282318
404,0.23836233
405,0.24505156
406,0.23699974
407,0.25018287
408,0.23415524
409,0.22780749
410,0.22821084
411,0.24481817
412,0.24721059
413,0.24340083
414,0.23998868
415,0.2399773
416,0.24935791
417,0.24344064
418,0.23717271
419,0.24178304
420,0.24729002
421,0.24349986
422,0.24406266
423,0.2486372
424,0.24687254
425,0.24229649
426,0.24962291
427,0.24690978
428,0.25566253
429,0.23311374
430,0.24112318
431,0.24821499
432,0.24225236
433,0.24773587
434,0.25552636
435,0.2459415
436,0.2575764
437,0.25995564
438,0.26512098
439,0.26162922
440,0.27391335
441,0.25802281
442,0.26303715
443,0.26499346
444,0.25921166
445,0.25873274
446,0.2617973
447,0.27512932
448,0.27717873
449,0.27284965
450,0.27340204
451,0.26746655
452,0.2649306
453,0.2672834
454,0.26759014
455,0.2623436
456,0.26833588
457,0.2689576
458,0.26416206
459,0.26265985
460,0.27045792
461,0.25797462
462,0.25296605
463,0.2548514
464,0.25515452
465,0.25901118
466,0.25198945
467,0.24518237
468,0.25235513
469,0.23867287
470,0.24933
471,0.25532982
472,0.26198998
473,0.2698682
474,0.25623548
475,0.26441222
476,0.2590649
477,0.24939977
478,0.2636676
479,0.2582356
480,0.24868418
481,0.24828607
482,0.26281878
483,0.24930407
484,0.25459477
485,0.2554281
486,0.2575899
487,0.26238057
488,0.263776
489,0.26590452
490,0.2554505
491,0.27141201
492,0.2679716
493,0.2681478
494,0.2655154
495,0.26905465
496,0.272702
497,0.2718183
498,0.2640256
499,0.2683933
500,0.25807577
501,0.26521567
502,0.26170805
503,0.2617489
504,0.2617033
505,0.26189604
506,0.25704318
507,0.269351
508,0.25730512
509,0.2551321
510,0.25056309
511,0.26138875
512,0.25002682
513,0.24257228
514,0.2524152
515,0.2624412
516,0.252231
517,0.2621673
518,0.26082808
519,0.25671226
520,0.26038268
521,0.2807153
522,0.2675855
523,0.27198195
524,0.26963416
525,0.26328084
526,0.25753877
527,0.26674166
528,0.26192167
529,0.26563424
530,0.26233888
531,0.2553775
532,0.2595882
533,0.26995477
534,0.27034026
535,0.2766779
536,0.26524845
537,0.26140776
538,0.24756826
539,0.27494314
540,0.2736728
541,0.26939714
542,0.26647037
543,0.27274394
544,0.25870582
545,0.2684137
546,0.26154086
547,0.26601386
548,0.26510036
549,0.26938516
550,0.27309
551,0.25979495
552,0.26707038
553,0.25020173
554,0.25370675
555,0.25662804
556,0.2630929
557,0.25168645
558,0.26152945
559,0.27155483
560,0.26776284
561,0.25792742
562,0.26482174
563,0.26500002
564,0.26377884
565,0.26859048
566,0.27287513
567,0.27120313
568,0.2678807
569,0.2680087
570,0.2672955
571,0.26196435
572,0.26017547
573,0.26586807
574,0.25871256
575,0.27104086
576,0.27512482
577,0.26256427
578,0.26311746
579,0.26848125
580,0.26571283
581,0.2640943
582,0.2591119
583,0.26748422
584,0.26187515
585,0.26374018
586,0.2531605
587,0.27305725
588,0.2625709
589,0.25367248
590,0.267513
591,0.26726112
592,0.26094526
593,0.27122238
594,0.26113093
595,0.27382353
596,0.27268195
597,0.2686756
598,0.26312408
599,0.2609443
600,0.26518753
601,0.2573959
602,0.26713088
603,0.25442776
604,0.25901982
605,0.2568381
606,0.24931404
607,0.26142773
608,0.24796954
609,0.2693418
610,0.2550834
611,0.263776
612,0.25845978
613,0.26233414
614,0.2570103
615,0.2585809
616,0.2731892
617,0.26845628
618,0.2712966
619,0.26444793
620,0.26484334
621,0.2579033
622,0.26601574
623,0.2594551
624,0.26740614
625,0.2654124
626,0.26120803
627,0.2577327
628,0.27071878
629,0.2528127
630,0.25866547
631,0.25792164
632,0.26021272
633,0.26374492
634,0.27050847
635,0.26759848
636,0.26178688
637,0.26715228
638,0.2708005
639,0.27563748
640,0.27092713
641,0.26739407
642,0.27845544
643,0.25905818
644,0.24684234
645,0.25438282
646,0.24996719
647,0.24025884
648,0.24720657
649,0.24962789
650,0.24425608
651,0.24520873
652,0.25592196
653,0.26136595
654,0.2552198
655,0.25296506
656,0.24649067
657,0.25034276
658,0.25019976
659,0.24969658
660,0.24718143
661,0.25385565
662,0.25937462
663,0.25307015
664,0.27326015
665,0.26174226
666,0.26881897
667,0.26776934
668,0.255137
669,0.2581249
670,0.2538057
671,0.26148003
672,0.26809216
673,0.260206
674,0.25505027
675,0.25812972
676,0.26021558
677,0.26537305
678,0.2630173
679,0.24223493
680,0.25797367
681,0.24809179
682,0.2502415
683,0.25034475
684,0.24683328
685,0.25135443
686,0.24960996
687,0.25300336
688,0.2682553
689,0.26244307
690,0.26799944
691,1.0782642
692,1.0703881
693,1.0832802
694,1.0845039
695,1.0914367
696,1.0930723
697,1.0802796
698,0.29008603
699,0.27473155
700,0.2825879
701,1.0802925
702,1.0187366
703,1.0544517
704,1.0473506
705,1.0650946
706,0.27766433
707,0.265883
708,0.27358288
709,0.26078424
710,0.26140016
711,0.24646848
712,0.25350195
713,0.25046983
714,0.25849438
715,0.24831711
716,0.24854222
717,0.26748422
718,0.25524023
719,0.25608313
720,0.26730388
721,0.2621692
722,0.2579226
723,0.25971553
724,0.25963897
725,0.2694165
726,0.26012194
727,0.25326064
728,0.25452644
729,0.25718722
730,0.25630045
731,0.26023087
732,0.26032445
733,0.25894207
734,0.26009712
735,0.25418735
736,0.26171565
737,0.26599798
738,0.25940624
739,0.26392013
740,0.2563625
741,0.25036263
742,0.25955376
743,0.25737464
744,0.25689617
745,0.2534029
746,0.2594963
747,0.25659898
748,0.2538155
749,0.2584463
750,0.25441703
751,0.2546592
752,0.2645184
753,0.26318076
754,0.25506195
755,0.26072896
756,0.25938514
757,0.2579862
758,0.2563596
759,0.25910425
760,0.26282918
761,0.27239376
762,0.26221567
763,0.26739684
764,0.28103474
765,0.28297377
766,0.28255096
767,0.27978668
768,0.27375814
769,0.27604386
770,0.26881343
771,0.26711598
772,0.26883283
773,0.26608765
774,0.2674257
775,0.26700243
776,0.27657458
777,0.26195392
778,0.27354744
779,0.26968762
780,0.26869226
781,0.27061686
782,0.2695558
783,0.27535596
784,0.27101794
785,0.26733735
786,0.2691045
787,0.26662236
788,0.28439575
789,0.28663653
790,0.28646392
791,0.28725067
792,0.28538948
793,0.27940443
794,0.29011258
795,0.28971738
796,0.29197007
797,0.2847329
798,0.28487167
799,0.2804584
800,0.28698057
801,0.29172137
802,0.28226316
803,0.27976537
804,0.2744301
805,0.28155428
806,0.279856
807,0.28946075
808,0.28699616
809,0.27408844
810,0.28364226
811,0.27572042
812,0.27693743
813,0.264525
814,0.2674582
815,0.26641905
816,0.26120135
817,0.9701674
818,0.25910807
819,0.26043326
820,0.2647551
821,0.26066318
822,0.2693492
823,0.26283485
824,0.27072614
825,0.27520612
826,0.2719472
827,0.27113438
828,0.27153194
829,0.27053696
830,0.28121066
831,0.26146862
832,0.2582837
833,0.25965524
834,0.25046486
835,0.24738348
836,0.25759473
837,0.26555938
838,0.25378907
839,0.9549224
840,0.95279866
841,0.95451
842,0.9352477
843,0.9448969
844,0.9515421
845,0.9232888
846,0.93443257
847,0.24486282
848,0.25386542
849,0.25282452
850,0.2534431
851,0.2534588
852,0.25325572
853,0.27050388
854,0.26844886
855,0.2679781
856,0.2682108
857,0.2708216
858,0.2747623
859,0.26783615
860,0.25393787
861,0.27122512
862,0.26233605
863,0.2742924
864,0.27217105
865,0.2606918
866,0.2627053
867,0.27146602
868,0.26765049
869,0.26821822
870,0.27251694
871,0.27798104
872,0.26830253
873,0.27799267
874,0.2792843
875,0.28776765
876,0.29042602
877,0.27314916
878,0.27120772
879,0.28315026
880,0.28185603
881,0.28269693
882,0.28523266
883,0.27768493
884,0.28759053
885,0.27813122
886,0.25639936
887,0.2649897
888,0.26808012
889,0.2759484
890,0.26787236
891,1.0094917
892,1.006244
893,1.0168446
894,1.0304887
895,1.0261815
896,1.0189229
897,1.0109005
898,1.0221522
899,0.27406213
900,1.02633
901,1.0185618
902,1.0313209
903,1.0255046
904,1.0114152
905,0.27489796
906,1.0133351
907,0.25622675
908,0.25954705
909,0.27174607
910,0.2658662
911,0.2663108
912,0.26910177
913,0.263193
914,0.25779343
915,0.2540651
916,0.26924396
917,0.2648565
918,0.25854245
919,1.0278043
920,0.25901788
921,0.26436898
922,0.27007994
923,0.26317793
924,0.2768683
925,0.26503283
926,0.2577327
927,0.2553483
928,0.25569847
929,0.26694378
930,0.2604762
931,0.25852033
932,0.26167956
933,0.25401813
934,0.25429294
935,0.2592922
936,0.24585558
937,0.25954992
938,0.25583744
939,1.0471648
940,0.26532996
941,0.26324683
942,0.2614819
943,0.2711289
944,0.2733211
945,0.25883934
946,0.26206017
947,0.25013617
948,0.26069558
949,0.25587535
950,0.25561875
951,0.25569752
952,0.2502713
953,0.25227728
954,0.2555001
955,0.25843477
956,0.25602585
957,0.26749536
958,0.27173966
959,0.26752418
960,0.27135065
961,0.2710647
962,0.26733458
963,0.25797078
964,0.26117375
965,0.25884414
966,0.25641775
967,0.2541228
968,0.25813353
969,0.2541766
970,0.26003593
971,0.25684488
972,0.24761043
973,0.2658213
974,0.26672116
975,0.26868948
976,0.2661792
977,0.25425482
978,0.26278758
979,0.2606908
980,0.2529798
981,0.2548738
982,0.2607585
983,0.2542499
984,0.2525796
985,0.2626485
986,0.25452644
987,1.0159988
988,0.27988794
989,0.2901289
990,0.27862495
991,0.2752296
992,0.28405297
993,0.2779408
994,0.28314584
995,0.27464467
996,0.27691588
997,0.29591134
998,0.2946951
999,0.29088607
1000,0.26888368
1001,0.28417018
1002,0.27793008
1003,0.2864804
1004,0.28697452
1005,0.2886163
1006,0.30014387
1007,0.28794724
1008,0.28410283
1009,0.2927709
1010,0.29067153
1011,0.2970724
1012,0.29811975
1013,0.31991085
1014,0.30379188
1015,0.28363615
1016,0.2900672
1017,0.28885388
1018,0.28236967
1019,0.29629412
1020,0.29318064
1021,0.30157226
1022,0.3037608
1023,0.29371512
1024,0.29892656
1025,0.2910475
1026,0.29217857
1027,0.2898949
1028,0.29474825
1029,0.2945382
1030,0.27920508
1031,0.2756519
1032,0.2912123
1033,0.2856863
1034,0.29362965
1035,0.29040205
1036,0.29717278
1037,0.29548016
1038,0.2864457
1039,0.28245857
1040,0.29184064
1041,0.29102874
1042,0.29364657
1043,0.29004663
1044,0.29434997
1045,0.29674593
1046,0.3023674
1047,0.3064913
1048,0.29947317
1049,0.30769724
1050,0.2977009
1051,0.29906288
1052,0.29632014
1053,0.2972464
1054,0.3022967
1055,0.29643503
1056,0.2915714
1057,0.2969854
1058,0.30925474
1059,0.31532115
1060,0.31085482
1061,0.30768272
1062,0.30333173
1063,0.30703738
1064,0.30063784
1065,0.30407074
1066,0.29729822
1067,0.29942086
1068,0.29275307
1069,0.29508284
1070,0.30491805
1071,0.30711266
1072,0.29498512
1073,0.30339155
1074,0.29817727
1075,0.3051071
1076,0.29738098
1077,0.29995912
1078,0.29423594
1079,0.2951123
1080,0.2967451
1081,0.2882906
1082,0.302096
1083,0.29995832
1084,0.2937109
1085,0.29225937
1086,0.29476595
1087,0.2877737
1088,0.3052887
1089,0.28958008
1090,0.29384965
1091,0.2977869
1092,0.30100387
1093,0.2963696
1094,0.30709
1095,0.30026639
1096,0.2970381
1097,0.2948899
1098,0.29781863
1099,0.29585338
1100,0.30039716
1101,0.29982653
1102,0.2942883
1103,0.30688435
1104,0.30784664
1105,0.3053563
1106,0.30422193
1107,0.3055475
1108,0.30305874
1109,0.305589
1110,0.2938843
1111,0.27982843
1112,0.29702473
1113,0.30129853
1114,0.30313253
1115,0.30071968
1116,0.29882842
1117,0.30201948
1118,0.30223995
1119,0.29317728
1120,0.30805004
1121,0.3063891
1122,0.30314484
1123,0.3058394
1124,0.29560545
1125,0.29035923
1126,0.3040879
1127,0.30157804
1128,0.3006519
1129,0.31247455
1130,0.3069127
1131,0.2979588
1132,0.30410427
1133,0.2995346
1134,0.29532784
1135,0.28960583
1136,0.30540675
1137,0.29487723
1138,0.29186365
1139,0.29633188
1140,0.29665127
1141,0.3025334
1142,0.30531964
1143,0.29782864
1144,0.29360086
1145,0.2933849
1146,0.29445043
1147,0.29429927
1148,0.2944808
1149,0.3014956
1150,0.30177084
1151,0.30104846
1152,0.30187294
1153,0.291666
1154,0.30068082
1155,0.30136698
1156,0.3045755
1157,0.30621868
1158,0.30257037
1159,0.30748796
1160,0.3024997
1161,0.30600595
1162,0.31061646
1163,0.30733192
1164,0.29814476
1165,0.2987752
1166,0.30375504
1167,0.2954978
1168,0.2983023
1169,0.2998829
1170,0.3029677
1171,0.2987519
1172,0.30184495
1173,0.30026224
1174,0.29270467
1175,0.301728
1176,0.3121594
1177,0.30683982
1178,0.31864113
1179,0.3060214
1180,0.30087748
1181,0.29520074
1182,0.29694942
1183,0.30825332
1184,0.30854505
1185,0.30365112
1186,0.29614058
1187,0.30427584
1188,0.295034
1189,0.29286343
1190,0.2933239
1191,0.30218074
1192,0.31698707
1193,0.30597588
1194,0.30253175
1195,0.2991626
1196,0.29331118
1197,0.3112184
1198,0.3056215
1199,0.31690472
1200,0.31033465
1201,0.31888598
1202,0.31431612
1203,0.30444816
1204,0.3040683
1205,0.30242327
1206,0.29140002
1207,0.28074715
1208,0.2876726
1209,0.2854182
1210,0.27816248
1211,0.27621308
1212,0.2720925
1213,0.27895573
1214,0.28499117
1215,0.28302294
1216,0.28641444
1217,0.269435
1218,0.28388053
1219,0.2622119
1220,0.28028816
1221,0.28590286
1222,0.27141476
1223,0.27500552
1224,0.27712762
1225,0.27715722
1226,0.28155252
1227,0.27226236
1228,0.27453062
1229,0.28044155
1230,0.28649256
1231,0.28010455
1232,0.2816346
1233,0.2845801
1234,0.2763597
1235,0.28162667
1236,0.2917001
1237,0.28466308
1238,0.28396633
1239,0.28071174
1240,0.2818816
1241,0.28659663
1242,0.2814333
1243,0.278049
1244,0.28595674
1245,0.2880206
1246,0.28833714
1247,0.29549947
1248,0.29620603
1249,0.30053943
1250,0.29917672
1251,0.3041484
1252,0.3112352
1253,0.30483326
1254,0.31283626
1255,0.30882207
1256,0.30777156
1257,0.3134403
1258,0.32037747
1259,0.31733972
1260,0.30948934
1261,0.31644243
1262,0.3231814
1263,0.32554
1264,0.30870292
1265,0.3219014
1266,0.3249164
1267,0.32494086
1268,0.32054266
1269,0.32335976
1270,0.3162507
1271,0.31714463
1272,0.3112959
1273,0.3101464
1274,0.31998387
1275,0.3133967
1276,0.30449063
1277,0.3205225
1278,0.31307214
1279,0.30951104
1280,0.3198114
1281,0.30456814
1282,0.2842288
1283,0.27923003
1284,0.27735892
1285,0.2679067
1286,0.28670937
1287,0.27530542
1288,0.27834293
1289,0.27856073
1290,0.29207817
1291,0.2816152
1292,0.28359672
1293,0.27598262
1294,0.27783886
1295,0.27472338
1296,0.27306363
1297,0.27589163
1298,0.2807808
1299,0.27164727
1300,0.26659998
1301,0.27408573
1302,0.27339384
1303,0.26281783
1304,0.26432008
1305,0.26642373
1306,0.2675019
1307,0.26540208
1308,0.27267376
1309,0.27970317
1310,0.27744493
1311,0.281849
1312,0.2788702
1313,0.27935907
1314,0.28101262
1315,0.28092682
1316,0.27855805
1317,0.27508867
1318,1.0473346
1319,0.26646477
1320,0.2756429
1321,0.27316192
1322,0.2735765
1323,0.2759394
1324,0.2704322
1325,0.27208427
1326,0.27236092
1327,0.266238
1328,0.26621374
1329,0.27250963
1330,0.26990688
1331,0.2689077
1332,0.2665935
1333,0.266778
1334,0.26671836
1335,0.27428788
1336,0.26982582
1337,0.26720345
1338,0.2686562
1339,0.28070554
1340,0.26942575
1341,0.27366826
1342,0.26796696
1343,0.27348748
1344,0.26252925
1345,0.2698378
1346,0.25773942
1347,0.26167482
1348,0.27147335
1349,0.26821822
1350,1.079569
1351,1.0619967
1352,1.051686
1353,1.0605727
1354,1.0622768
1355,1.0665598
1356,1.0683802
1357,1.0578402
1358,1.0522351
1359,1.0547204
1360,1.0489603
1361,1.0530319
1362,1.0423776
1363,1.0457765
1364,1.0449339
1365,1.0286658
1366,1.040462
1367,1.0453681
1368,1.0302733
1369,1.0329982
1370,1.0336363
1371,1.0392345
1372,1.0370436
1373,1.0417244
1374,1.0324252
1375,1.0355461
1376,1.0411894
1377,1.0336245
1378,1.02268
1379,1.0208191
1380,1.0193932
1381,1.0305656
1382,1.0245087
1383,1.0438825
1384,1.0568585
1385,1.0397915
1386,1.0428557
1387,1.0592142
1388,1.0477179
1389,1.0565927
1390,1.0454785
1391,1.0341636
1392,1.0458274
1393,1.0508549
1394,1.0382842
1395,1.0405736
1396,1.0493668
1397,1.042913
1398,1.0464661
1399,1.0405585
1400,1.0373399
1401,1.0494674
1402,1.0418984
1403,1.0382863
1404,1.0469246
1405,0.27729082
1406,0.2664685
1407,0.27912676
1408,1.0373298
1409,1.0631918
1410,1.0541422
1411,1.0358192
1412,1.0304925
1413,1.0400082
1414,1.043021
1415,0.24765058
1416,1.031434
1417,0.24485675
1418,1.0187266
1419,0.24888699
1420,0.26282352
1421,0.25978443
1422,0.27117196
1423,0.2589699
1424,0.25276846
1425,0.251017
1426,0.26105192
1427,0.25635862
1428,0.2515699
1429,0.26938793
1430,0.25306916
1431,0.24528778
1432,0.24897386
1433,0.24644025
1434,0.25062558
1435,0.250915
1436,0.25231966
1437,0.24975531
1438,1.0444971
1439,1.0490769
1440,0.254543
1441,0.2512951
1442,0.2510982
1443,0.2462011
1444,0.25691745
1445,0.25993842
1446,0.25745285
1447,0.25191447
1448,0.2484762
1449,0.2531546
1450,0.25325572
1451,0.26004645
1452,0.25333127
1453,0.25317523
1454,0.24548326
1455,0.2562025
1456,0.25650498
1457,0.2514523
1458,0.24291632
1459,0.24857421
1460,0.25688553
1461,0.2588835
1462,0.24530905
1463,1.0011027
1464,1.0089005
1465,0.2546231
1466,0.25549915
1467,0.25974137
1468,0.2605716
1469,0.250443
1470,1.0249908
1471,1.0265019
1472,1.0292772
1473,0.26698104
1474,0.27503175
1475,0.2727157
1476,1.0266296
1477,0.2764074
1478,1.027635
1479,0.2806276
1480,0.27688265
1481,0.27720025
1482,0.2739533
1483,0.27805704
1484,0.26937038
1485,0.26919317
1486,0.26982123
1487,0.2618391
1488,0.27337748
1489,1.0028384
1490,1.0181111
1491,1.0023247
1492,1.0128332
1493,1.0119381
1494,1.0154798
1495,1.0073603
1496,1.0327915
1497,1.0220752
1498,1.4454436
1499,1.4240322
1500,1.038024
1501,1.4410088
1502,1.4307053
1503,1.4361184
1504,1.4466395
1505,1.4294597
1506,1.4342725
1507,1.0245795
1508,1.4314727
1509,1.033684
1510,1.0266068
1511,1.0321851
1512,1.0313138
1513,1.0286745
1514,1.0338337
1515,1.0266017
1516,1.0424279
1517,1.0396093
1518,1.0351398
1519,1.0300457
1520,1.0184982
1521,1.0313681
1522,1.0273668
1523,1.0287035
1524,1.0344697
1525,1.0329051
1526,1.0287869
1527,1.0275873
1528,1.0258005
1529,1.0369185
1530,1.0278908
1531,1.0194669
1532,1.033864
1533,1.0291692
1534,1.0338295
1535,1.0374898
1536,1.0341083
1537,1.0339501
1538,1.0202311
1539,1.0285077
1540,1.0322757
1541,1.0301129
1542,1.0343356
1543,1.0324408
1544,1.0308582
1545,1.034523
1546,1.0309232
1547,1.0309893
1548,1.0352755
1549,1.0197749
1550,1.0289685
1551,1.0261028
1552,1.0185578
1553,1.0156617
1554,1.0281351
1555,1.0396124
1556,1.0341436
1557,1.0343083
1558,1.0493973
1559,1.0368611
1560,1.0268496
1561,1.027284
1562,1.0357922
1563,1.0300872
1564,1.0337672
1565,1.0432409
1566,0.29243195
1567,1.0405028
1568,1.0291755
1569,1.0340943
1570,1.0397305
1571,1.0406595
1572,1.0372931
1573,1.0292071
1574,1.0203741
1575,1.0337006
1576,1.0356584
1577,0.2855575
1578,0.2880991
1579,0.30222598
1580,0.30418107
1581,0.29014343
1582,0.2892563
1583,0.29096723
1584,0.28858873
1585,1.0067822
1586,0.29999146
1587,0.28882635
1588,0.2823107
1589,0.98863626
1590,0.28255358
1591,0.27739835
1592,0.2868541
1593,0.28846383
1594,0.30022252
1595,0.31001094
1596,0.31695414
1597,0.29506767
1598,0.30094028
1599,0.29403904
1600,0.3004559
1601,0.30789268
1602,0.2969268
1603,0.29266986
1604,0.29853466
1605,0.29227382
1606,0.29530343
1607,0.30972216
1608,0.28666428
1609,0.28604713
1610,0.29309756
1611,0.2972974
1612,0.3015533
1613,0.29495478
1614,0.291666
1615,0.9459635
1616,0.9518202
1617,0.9537417
1618,0.95728284
1619,0.9531299
1620,0.9507432
1621,0.9495328
1622,0.9436735
1623,0.2773356
1624,0.28074625
1625,0.27641636
1626,0.279092
1627,0.27259353
1628,0.26851088
1629,0.94632995
1630,0.9367873
1631,0.2692744
1632,0.27300718
1633,0.94927937
1634,0.27406758
1635,0.27051306
1636,0.27281502
1637,0.9464899
1638,0.94656867
1639,0.94189
1640,0.9462254
1641,0.9427815
1642,0.94733775
1643,0.9415862
1644,0.2803458
1645,0.94911724
1646,0.2828745
1647,0.27788088
1648,0.28255272
1649,0.9459217
1650,0.288056
1651,0.94734293
1652,0.94623643
1653,0.94257504
1654,0.9436545
1655,0.9511666
1656,0.9458578
1657,0.94449806
1658,0.9401451
1659,0.94088084
1660,0.94400525
1661,0.9404766
1662,0.9405051
1663,0.9446054
1664,0.94235665
1665,0.9434859
1666,0.93879
1667,0.9422567
1668,0.9363951
1669,0.9391362
1670,0.94107974
1671,0.94196254
1672,0.9457646
1673,0.93724835
1674,0.9404853
1675,0.9383014
1676,0.9331967
1677,0.9413095
1678,0.93531203
1679,0.9361092
1680,0.93714756
1681,0.9380825
1682,0.9384942
1683,0.9369293
1684,0.93688416
1685,0.93860173
1686,0.9435262
1687,0.93911135
1688,0.9347764
1689,0.9421129
1690,0.93735206
1691,0.944227
1692,0.9389592
1693,0.93694705
1694,0.93929213
1695,0.94235563
1696,0.9492346
1697,0.9370304
1698,0.941493
1699,0.9352902
1700,0.94366264
1701,0.9410578
1702,0.9378149
1703,0.9487013
1704,0.9520186
1705,0.94078654
1706,0.9494883
1707,0.948286
1708,0.9577942
1709,0.95589536
1710,0.9590748
1711,0.9468782
1712,0.9497974
1713,0.95790344
1714,0.95310384
1715,0.9423287
1716,0.9443172
1717,0.9417174
1718,0.947222
1719,0.9473367
1720,0.9449606
1721,0.9557877
1722,0.95095414
1723,0.9484241
1724,0.9476947
1725,0.9534811
1726,0.94977856
1727,0.94836015
1728,0.94156504
1729,0.9380206
1730,0.94863534
1731,0.9449469
1732,0.9478898
1733,0.94460225
1734,0.9387574
1735,0.94201475
1736,0.9479874
1737,0.9376466
1738,0.93496597
1739,0.93726796
1740,0.9333549
1741,0.93638396
1742,0.93551075
1743,0.9349798
1744,0.9336938
1745,0.93358284
1746,0.93437934
1747,0.9313622
1748,0.9366406
1749,0.9342006
1750,0.93315756
1751,0.9284587
1752,0.93146044
1753,0.9445909
1754,0.9271254
1755,0.9347623
1756,0.92827874
1757,0.9374989
1758,0.94291013
1759,0.93036276
1760,0.9380166
1761,0.9456705
1762,0.9413203
1763,0.9306999
1764,0.93545127
1765,0.93185526
1766,0.937308
1767,0.92857724
1768,0.9355252
1769,0.94205856
1770,0.93656605
1771,0.9345429
1772,0.94094795
1773,0.93140066
1774,0.93194914
1775,0.9386166
1776,0.94516224
1777,0.94055194
1778,0.9398074
1779,0.93717384
1780,0.9403677
1781,0.93649995
1782,0.9337812
1783,0.93184566
1784,0.9470646
1785,0.9418298
1786,0.9388437
1787,0.9416102
1788,0.9340178
1789,0.9391476
1790,0.9381565
1791,0.9371004
1792,0.9352493
1793,0.9415714
1794,0.93359935
1795,0.93989736
1796,0.93111664
1797,0.93444824
1798,0.93656707
1799,0.9296358
1800,0.9341596
1801,0.93765485
1802,0.9400634
1803,0.9402392
1804,0.94280994
1805,0.9422854
1806,0.94115555
1807,0.93492925
1808,0.9453782
1809,0.93628895
1810,0.94027567
1811,0.93647367
1812,0.93698126
1813,0.9323947
1814,0.9451389
1815,0.94847757
1816,0.941858
1817,0.92957056
1818,0.938335
1819,0.9411096
1820,0.9305003
1821,0.940689
1822,0.9607539
1823,0.95000726
1824,0.9525349
1825,0.943556
1826,0.9363171
1827,0.9448456
1828,0.94538313
1829,0.9412741
1830,0.936634
1831,0.9383999
1832,0.94488084
1833,0.9482629
1834,0.9463226
1835,0.9598952
1836,0.9600117
1837,0.95761406
1838,0.9693511
1839,0.963072
1840,0.97044635
1841,0.9670499
1842,0.95676965
1843,0.9702179
1844,0.9660084
1845,0.97521263
1846,1.3661231
1847,0.9934621
1848,0.97408444
1849,0.97385293
1850,0.96148324
1851,0.970608
1852,0.9830915
1853,0.99840504
1854,1.3832937
1855,0.9760681
1856,1.379596
1857,0.98183334
1858,1.3457838
1859,1.3466386
1860,0.96671337
1861,0.97903883
1862,0.95792216
1863,0.97162914
1864,0.96895355
1865,0.9720875
1866,0.9700147
1867,0.96412516
1868,0.97793746
1869,0.958498
1870,0.96476126
1871,0.96903104
1872,0.9629143
1873,0.9530564
1874,0.9490018
1875,0.94752556
1876,0.9516123
1877,0.95052356
1878,0.956382
1879,0.9532431
1880,0.9534412
1881,0.950734
1882,0.94584894
1883,0.9464799
1884,0.9475707
1885,0.94714063
1886,0.94603336
1887,0.9475604
1888,0.94491404
1889,0.96110183
1890,0.94909215
1891,0.9538757
1892,0.9561795
1893,0.94629425
1894,0.9543897
1895,0.9473616
1896,0.94724613
1897,0.9452567
1898,0.94268
1899,0.93241495
1900,0.9449145
1901,0.9424859
1902,0.9405778
1903,0.9359082
1904,0.9468971
1905,0.9437907
1906,0.952466
1907,0.9546454
1908,0.9458408
1909,0.9471976
1910,0.9547334
1911,0.952692
1912,0.95194995
1913,0.9336135
1914,0.95918596
1915,0.9537595
1916,0.946487
1917,0.9456823
1918,0.9395075
1919,0.94192743
1920,0.9439179
1921,0.94265383
1922,0.9372754
1923,0.9392826
1924,0.94327646
1925,0.9454746
1926,0.9451607
1927,0.9465991
1928,0.9445875
1929,0.9452675
1930,0.9458844
1931,0.9522142
1932,0.94897217
1933,0.9505494
1934,0.948097
1935,0.94226515
1936,0.9421546
1937,0.94967645
1938,0.95035696
1939,0.9420728
1940,0.9463381
1941,0.9458326
1942,0.94504344
1943,0.944477
1944,0.9441767
1945,0.9410491
1946,0.94285107
1947,0.95530105
1948,0.9531393
1949,0.94929975
1950,0.9498785
1951,0.9524509
1952,0.95500433
1953,0.96698946
1954,0.95459175
1955,0.9502929
1956,0.9429357
1957,0.94137865
1958,0.95698106
1959,0.95612854
1960,0.9676755
1961,0.9660218
1962,0.95542514
1963,0.97485673
1964,0.97289616
1965,0.97844666
1966,0.2895157
1967,0.9803761
1968,0.986469
1969,0.9743865
1970,0.29305518
1971,0.29174012
1972,1.4340479
1973,1.4406912
1974,1.0734167
1975,1.0774788
1976,1.4435033
1977,1.0836289
1978,1.0999337
1979,1.0838487
1980,1.0901597
1981,1.0913223
1982,1.087822
1983,1.4565644
1984,1.4661722
1985,1.0769345
1986,1.077336
1987,1.092342
1988,1.0828679
1989,1.0803677
1990,1.0844312
1991,1.0822116
1992,1.0941409
1993,1.0870519
1994,1.0723045
1995,1.0757226
1996,1.0423719
1997,1.0455852
1998,1.0560122
1999,1.0410671
2000,1.0426779
2001,1.0368502
2002,1.0408819
2003,1.0450069
2004,1.0359633
2005,1.048266
2006,0.2906604
2007,0.2910629
2008,0.29214284
2009,0.28762767
2010,0.29476765
2011,0.2949337
2012,0.28901044
2013,0.28108868
2014,0.28572285
2015,0.28920302
2016,0.2782956
2017,0.26979268
2018,0.26298517
2019,0.25905532
2020,0.25966862
2021,0.26069653
2022,0.2648593
2023,0.2697125
2024,0.27758646
2025,0.27746555
2026,0.27385712
2027,0.28703168
2028,0.27822772
2029,0.2744301
2030,0.27954406
2031,0.26818395
2032,0.28100112
2033,0.28189307
2034,0.263809
2035,0.276384
2036,0.28687403
2037,0.2718439
2038,0.2841798
2039,0.28352132
2040,0.28152782
2041,0.28180754
2042,0.2840862
2043,0.28529018
2044,0.2834117
2045,0.29003292
2046,0.28013027
2047,0.27822325
2048,0.27653503
2049,0.28508273
2050,0.28576633
2051,0.28449538
2052,0.27748793
2053,0.2819195
2054,0.2832819
2055,0.2822975
2056,0.2797254
2057,0.28201473
2058,0.2907596
2059,0.28263363
2060,0.29366857
2061,0.2823019
2062,0.29327136
2063,0.2801773
2064,0.27879888
2065,0.29615486
2066,0.29350856
2067,0.2916839
2068,0.29347894
2069,0.28386915
2070,0.96664727
2071,0.9730461
2072,0.9624408
2073,0.966401
2074,0.95834136
2075,0.95613813
2076,0.95740074
2077,0.9524073
2078,0.95654804
2079,1.413797
2080,1.4119552
2081,1.05052
2082,1.4168153
2083,1.42408
2084,1.411755
2085,1.4129577
2086,1.4140239
2087,1.4132509
2088,1.074801
2089,1.0634629
2090,1.4045602
2091,1.4068316
2092,1.426016
2093,1.4179913
2094,1.4128987
2095,0.95389056
2096,1.4162445
2097,0.9537629
2098,0.96495265
2099,1.4166272
2100,1.4181919
2101,1.4155577
2102,0.9389565
2103,0.94522697
2104,1.4163823
2105,1.4158031
2106,0.94467354
2107,0.9505403
2108,1.3916657
2109,1.400258
2110,1.4019994
2111,1.4104369
2112,0.96438736
2113,1.3993287
2114,1.4021147
2115,0.9681994
2116,0.9608859
2117,0.95930076
2118,0.9645543
2119,1.4108574
2120,0.98437625
2121,1.4192773
2122,0.9807749
2123,0.9959818
2124,1.420241
2125,0.9888376
2126,1.4185374
2127,1.0557723
2128,1.0545024
2129,1.4057528
2130,1.4151813
2131,1.4293069
2132,1.4207213
2133,1.4066812
2134,1.4270059
2135,1.4235742
2136,1.4349412
2137,1.0519844
2138,1.4289378
2139,1.4148897
2140,1.413969
2141,1.4046123
2142,1.4192572
2143,1.4092118
2144,1.4217942
2145,1.0452564
2146,1.4113734
2147,1.4247102
2148,1.035813
2149,1.0521827
2150,1.4269621
2151,1.4067492
2152,1.407962
2153,1.0423195
2154,1.4322617
2155,1.4181643
2156,1.4089999
2157,1.4164463
2158,1.4167547
2159,1.4103265
2160,1.4190975
2161,1.4043012
2162,1.4207073
2163,1.4148744
2164,1.405678
2165,1.4064913
2166,1.418404
2167,0.96979123
2168,1.4285246
2169,1.4275262
2170,0.969298
2171,0.9980086
2172,0.9837279
2173,0.28242162
2174,0.27799624
2175,0.2830405
2176,0.28049913
2177,1.0016465
2178,0.28004774
2179,0.28676915
2180,0.28564107
2181,1.0623916
2182,1.0586917
2183,0.27915078
2184,1.0681503
2185,1.0594825
2186,1.0800991
2187,1.0476631
2188,1.0360692
2189,1.0488085
2190,1.061503
2191,1.0599824
2192,1.0614424
2193,1.0617886
2194,1.0609453
2195,1.05216
2196,1.0621818
2197,1.0635524
2198,1.397789
2199,1.0648036
2200,1.0613946
2201,1.0669259
2202,1.0450095
2203,1.056869
2204,1.0800855
2205,1.0515348
2206,1.063474
2207,1.0665046
2208,1.0470552
2209,1.0629758
2210,1.0693007
2211,1.0675384
2212,1.0567416
2213,1.0675474
2214,1.060318
2215,1.0521876
2216,1.069355
2217,1.4342171
2218,1.447998
2219,1.4306042
2220,1.4513226
2221,1.0894976
2222,1.4353552
2223,1.4370843
2224,1.0803205
2225,1.0746408
2226,1.0773953
2227,1.4444355
2228,1.4274814
2229,1.4295653
2230,1.0632794
2231,1.4411217
2232,1.4367975
2233,1.4487569
2234,1.4456849
2235,1.4282683
2236,1.4447469
2237,1.4377282
2238,1.430123
2239,1.4283769
2240,1.4422219
2241,1.4400445
2242,1.4422677
2243,1.4221945
2244,1.4275522
2245,1.4197465
2246,1.4186802
2247,1.4247737
2248,0.966012
2249,0.97507906
2250,0.9651265
2251,0.95219874
2252,0.9620673
2253,0.9587166
2254,0.95591486
2255,0.94371957
2256,0.9480993
2257,0.9530608
2258,0.9580223
2259,0.949182
2260,0.94702595
2261,0.9573335
2262,1.4214274
2263,1.4146304
2264,1.4296452
2265,1.4234669
2266,1.4266646
2267,1.4168934
2268,1.4156014
2269,1.4127818
2270,1.4218493
2271,1.417747
2272,1.4164599
2273,1.4184793
2274,1.4303035
2275,1.4169004
2276,1.420615
2277,1.4186944
2278,1.4178454
2279,1.4138027
2280,1.4256953
2281,1.4213188
2282,1.4252758
2283,1.4229779
2284,1.4270566
2285,1.4207207
2286,1.4321153
2287,0.9759451
2288,0.9828566
2289,0.98210084
2290,0.97598815
2291,0.9835482
2292,0.9678507
2293,0.98271316
2294,0.9762069
2295,0.9678982
2296,0.99067533
2297,1.4239124
2298,1.4137802
2299,0.988415
2300,1.4219071
2301,1.4276958
2302,1.4306
2303,0.9895047
2304,1.4154946
2305,1.4291728
2306,1.4296162
2307,1.4250492
2308,0.9821983
2309,0.9643348
2310,0.972993
2311,0.98155636
2312,0.9856346
2313,0.98252696
2314,0.98236305
2315,0.97023225
2316,1.4183862
2317,0.9803847
2318,0.96816987
2319,0.98297715
2320,0.962112
2321,0.9718571
2322,0.96930903
2323,0.97097206
2324,0.96468884
2325,1.4295079
2326,0.97151995
2327,0.99411213
2328,0.98825026
2329,1.4161582
2330,0.97953916
2331,0.9726749
2332,1.4281764
2333,1.4309092
2334,0.9629391
2335,0.9588534
2336,0.96214247
2337,1.431027
2338,1.4289447
2339,0.9456032
2340,0.9565561
2341,0.96329963
2342,0.9577784
2343,1.4397527
2344,0.9636824
2345,0.9607193
2346,1.4537748
2347,0.9662057
2348,0.9647004
2349,0.9658692
2350,0.96027625
2351,1.3480674
2352,1.3352913
2353,1.7231189
2354,1.7169139
2355,1.3412646
2356,1.7157453
2357,1.7155997
2358,1.7161899
2359,1.7137002
2360,1.7215433
2361,1.7167883
2362,1.7174058
2363,1.7163252
2364,1.7104607
2365,1.7145233
2366,1.7127659
2367,1.719635
2368,1.7236028
2369,1.7264827
2370,1.7242146
2371,1.7372859
2372,1.7377895
2373,1.7425565
2374,1.7419213
2375,1.7432992
2376,1.4400009
2377,1.4407185
2378,1.4452631
2379,1.4347535
2380,1.4396559
2381,1.441974
2382,1.4413272
2383,1.4474972
2384,1.4465638
2385,1.7471805
2386,1.4416041
2387,1.4432709
2388,1.440336
2389,1.7394675
2390,1.4494444
2391,1.4473999
2392,1.4361542
2393,1.4472591
2394,1.4400419
2395,1.433391
2396,1.4331859
2397,1.432609
2398,0.9450644
2399,0.9610103
2400,0.9631306
2401,0.9744051
2402,0.98847485
2403,0.9751112
2404,0.9865977
2405,0.98502445
2406,0.9779708
2407,0.97385246
2408,0.97744757
2409,0.9896484
2410,0.98939896
2411,0.98410857
2412,0.9922537
2413,0.9901064
2414,0.9796429
2415,1.0037221
2416,0.9915503
2417,0.9814515
2418,0.9926111
2419,0.98581845
2420,1.0000014
2421,0.9913259
2422,0.9881544
2423,0.9886257
2424,0.99320686
2425,0.98894393
2426,0.9874028
2427,0.9844901
2428,0.97005904
2429,0.98602086
2430,1.4581302
2431,1.4505169
2432,1.451492
2433,0.991101
2434,0.988168
2435,0.98028785
2436,0.987966
2437,1.4502256
2438,1.4436603
2439,1.4652677
2440,1.4531986
2441,1.4548558
2442,1.4628632
2443,1.4667473
2444,1.440216
2445,1.4559975
2446,1.4643782
2447,1.4666647
2448,1.463457
2449,1.4525596
2450,1.4690791
2451,1.4633715
2452,1.4633654
2453,1.4634557
2454,1.4603419
2455,0.94365084
2456,0.94498265
2457,0.9610807
2458,0.971057
2459,0.97167754
2460,0.9863415
2461,0.9880976
2462,0.98905474
2463,0.97966754
2464,0.9883918
2465,0.9865864
2466,0.9767299
2467,0.9871795
2468,0.9906209
2469,0.9830315
2470,0.9825718
2471,0.9916498
2472,0.9719683
2473,0.97679305
2474,0.9772001
2475,0.9775981
2476,0.9623548
2477,0.9840876
2478,0.98161125
2479,0.97197807
2480,0.97068864
2481,0.96922725
2482,0.97689563
2483,0.99521136
2484,0.97524804
2485,0.9799676
2486,0.9770859
2487,0.9707959
2488,0.9726105
2489,0.973662
2490,0.9872213
2491,1.4434841
2492,1.4571576
2493,1.4578377
2494,1.4485621
2495,0.9724497
2496,1.4455369
2497,1.4400558
2498,1.446201
2499,0.9775948
2500,1.4404379
2501,1.4314053
2502,1.4371294
2503,1.4351691
2504,1.4403889
2505,1.4373808
2506,1.4486778
2507,1.442378
2508,1.4371746
2509,1.4351565
2510,0.9547084
2511,0.9502058
2512,0.96502346
2513,0.9612107
2514,0.96093684
2515,0.95142424
2516,0.96995527
2517,0.96512264
2518,0.9640486
2519,0.961536
2520,0.9514658
2521,1.4238863
2522,0.97729576
2523,1.4304063
2524,1.4236337
2525,0.96868575
2526,1.4165541
2527,1.4306669
2528,1.4389969
2529,1.430495
2530,0.95375454
2531,1.4414744
2532,1.4369265
2533,0.94969296
2534,0.9546219
2535,0.952681
2536,0.9528754
2537,0.9628268
2538,0.96942955
2539,0.9585802
2540,0.94830376
2541,0.9578648
2542,0.9581146
2543,0.9585239
2544,0.9483043
2545,0.9612883
2546,0.9450074
2547,0.94974923
2548,0.94175774
2549,0.9485074
2550,0.9434451
2551,0.9497029
2552,0.94799525
2553,0.955364
2554,0.9304301
2555,0.9479077
2556,0.9600241
2557,0.94683594
2558,0.9482026
2559,1.4359215
2560,0.95364714
2561,1.442143
2562,1.4345051
2563,1.4391195
2564,1.4378017
2565,0.95017177
2566,1.4168671
2567,0.9489937
2568,1.4391108
2569,0.9493448
2570,1.4458219
2571,1.4446602
2572,1.4397203
2573,1.4438967
2574,1.4478115
2575,1.4431914
2576,1.4441286
2577,1.4428592
2578,1.4450037
2579,1.4449587
2580,1.4434736
2581,1.4436299
2582,1.44485
2583,1.4382421
2584,1.4385277
2585,1.4433237
2586,1.436667
2587,1.4378037
2588,1.4341319
2589,1.4395506
2590,1.4305689
2591,1.4326127
2592,1.4320692
2593,1.4335506
2594,1.4345372
2595,1.4426222
2596,1.4302568
2597,1.4336666
2598,1.4338632
2599,1.4392972
2600,1.4475307
2601,1.4363214
2602,1.4297047
2603,1.4292963
2604,1.4179518
2605,1.4361318
2606,1.4297104
2607,1.4325407
2608,1.4374989
2609,1.4221963
2610,1.4317275
2611,1.4352235
2612,1.4370866
2613,1.4238741
2614,1.4383823
2615,1.4188172
2616,1.4184648
2617,1.4188143
2618,1.421279
2619,1.4136336
2620,1.4157437
2621,1.4059644
2622,1.4104687
2623,1.4037806
2624,1.4013582
2625,1.4336596
2626,1.4083965
2627,1.4283699
2628,1.4273086
2629,1.4239244
2630,1.406546
2631,1.424991
2632,1.4221703
2633,1.4324151
2634,1.4339628
2635,1.4053369
2636,1.4064966
2637,1.4020613
2638,1.4196284
2639,1.4101536
2640,1.4261539
2641,1.4329756
2642,1.4314183
2643,1.432073
2644,1.4222578
2645,1.4185185
2646,1.4301316
2647,1.4473878
2648,1.4373723
2649,1.4443218
2650,1.4375445
2651,1.4213988
2652,1.4215052
2653,1.434818
2654,1.4364992
2655,1.4281485
2656,1.4454224
2657,1.4261961
2658,1.455156
2659,1.443741
2660,1.4331176
2661,1.4353247
2662,1.4345862
2663,1.4426596
2664,1.4377812
2665,1.437151
2666,1.4473089
2667,1.4358712
2668,1.4433241
2669,1.4240099
2670,1.4262795
2671,1.4269719
2672,1.4381802
2673,1.4273233
2674,1.4392995
2675,1.4410636
2676,1.4300568
2677,1.4322616
2678,1.4381387
2679,1.4292012
2680,1.454013
2681,1.4425814
2682,1.4409595
2683,1.444015
2684,1.4339032
2685,1.4506679
2686,1.4403143
2687,1.4530549
2688,1.443174
2689,1.4319968
2690,1.4168603
2691,1.4111089
2692,1.4206442
2693,1.41069
2694,1.4207972
2695,1.4371489
2696,1.4326003
2697,1.4335743
2698,1.4480644
2699,1.4415239
2700,1.4286351
2701,1.434411
2702,1.4457176
2703,1.4303808
2704,1.4403538
2705,1.4409164
2706,1.4404626
2707,1.4437858
2708,1.4514319
2709,1.4453926
2710,1.4642862
2711,1.4561273
2712,1.4628907
2713,1.4727961
2714,1.4179369
2715,1.405826
2716,1.4084734
2717,1.4054875
2718,1.405279
2719,1.4161888
2720,1.4369249
2721,1.4376866
2722,1.4479337
2723,1.4205283
2724,1.415603
2725,1.4189919
2726,1.410911
2727,1.4223821
2728,1.4159431
2729,1.4145008
2730,1.4128345
2731,1.3987725
2732,1.3982208
2733,1.4135619
2734,1.3943621
2735,1.3878671
2736,1.4109291
2737,1.4222763
2738,1.417531
2739,1.4532458
2740,1.4632771
2741,1.4647886
2742,1.4710809
2743,1.7407649
2744,1.4567122
2745,1.7465026
2746,1.7431004
2747,1.7476918
2748,1.740897
2749,1.7564812
2750,1.7519721
2751,1.7439137
2752,1.7420902
2753,1.7417022
2754,1.7478633
2755,1.4138997
2756,1.7338921
2757,1.4196233
2758,1.4078052
2759,1.3887135
2760,1.4011801
2761,1.3949399
2762,1.4071087
2763,1.4115266
2764,1.4302944
2765,1.427072
2766,1.425681
2767,1.426547
2768,1.4291952
2769,1.4138583
2770,1.4260622
2771,1.4176792
2772,1.421111
2773,1.4217402
2774,1.4240897
2775,1.4225172
2776,1.430631
2777,1.4352143
2778,1.4287101
2779,1.4158108
2780,1.4257662
2781,1.4326044
2782,1.4224226
2783,1.4202005
2784,1.4301604
2785,0.9444425
2786,0.94599235
2787,1.4239424
2788,1.4307835
2789,1.4337445
2790,1.4318724
2791,1.4314549
2792,1.4262844
2793,1.4286643
2794,1.4302795
2795,1.4199575
2796,1.4145299
2797,1.7209076
2798,1.7267727
2799,1.7222222
2800,1.7243582
2801,1.7117175
2802,1.4377787
2803,1.7205625
2804,1.4348425
2805,1.44317
2806,1.433896
2807,1.4241929
2808,1.4387615
2809,1.4470509
2810,1.419961
2811,1.7321486
2812,1.423376
2813,1.4367385
2814,1.4574157
2815,1.4386582
2816,1.4363958
2817,1.4537468
2818,1.4586507
2819,1.4235857
2820,1.4562676
2821,1.4557148
2822,1.4578202
2823,1.4522375
2824,1.4317272
2825,1.4423428
2826,1.4317364
2827,1.7094789
2828,1.7047712
2829,1.4368653
2830,1.4215626
2831,1.4278551
2832,1.4202918
2833,1.4288536
2834,1.4228278
2835,1.4251148
2836,1.4325399
2837,1.4265592
2838,1.4259821
2839,1.415433
2840,1.4134176
2841,1.4137615
2842,1.4167905
2843,1.4259043
2844,1.4167216
2845,1.4178561
2846,1.426343
2847,1.7137275
2848,1.7136879
2849,1.7059249
2850,1.7056128
2851,1.718028
2852,1.7095357
2853,1.4171437
2854,1.7205205
2855,1.7025266
2856,1.7106901
2857,1.4165436
2858,1.4197772
2859,1.7098176
2860,1.7052594
2861,1.7125201
2862,1.7189156
2863,1.7181249
2864,1.7126281
2865,1.7103754
2866,1.4090996
2867,1.411903
2868,1.4176911
2869,1.7124083
2870,1.7083613
2871,1.7092963
2872,1.7084241
2873,1.7142583
2874,1.7105879
2875,1.4150696
2876,1.4096184
2877,1.7208555
2878,1.7149653
2879,1.4118434
2880,1.411323
2881,1.4103303
2882,1.4086114
2883,1.7082492
2884,1.7163196
2885,1.7206568
2886,1.4130558
2887,1.7184615
2888,1.7203579
2889,1.7163719
2890,1.7165617
2891,1.7167357
2892,1.7096236
2893,1.7133214
2894,1.4181823
2895,1.4067895
2896,1.395123
2897,1.4085175
2898,1.400657
2899,1.3965344
2900,1.4217912
2901,1.0394651
2902,1.057549
2903,1.4221866
2904,1.4171824
2905,1.4257075
2906,1.4256282
2907,1.4213423
2908,1.4251997
2909,1.4160635
2910,1.4108224
2911,1.4181118
2912,1.4230394
2913,1.423942
2914,1.4287783
2915,1.4240823
2916,1.4170184
2917,1.4063121
2918,1.4123977
2919,1.4049445
2920,1.4080017
2921,1.4147822
2922,1.4062406
2923,1.4096209
2924,1.4162759
2925,1.424131
2926,1.4178538
2927,1.4144318
2928,1.4135499
2929,1.4122427
2930,1.4169208
2931,1.4195002
2932,1.4177116
2933,1.73241
2934,1.7242768
2935,1.4162005
2936,1.6989597
2937,1.7266124
2938,1.7029971
2939,1.7086102
2940,1.4065146
2941,1.4083294
2942,1.4076978
2943,1.414747
2944,1.4009806
2945,1.4184688
2946,1.416793
2947,1.4119294
2948,1.4092015
2949,1.413431
2950,1.408049
2951,1.724422
2952,1.7194772
2953,1.4267373
2954,1.7011192
2955,1.6945788
2956,1.691082
2957,1.7002429
2958,1.4349635
2959,1.4565989
2960,1.4417788
2961,1.4251468
2962,1.4254081
2963,1.4291493
2964,1.4261211
2965,1.4462965
2966,1.7401569
2967,1.7620158
2968,1.7545623
2969,1.4404234
2970,1.4522467
2971,1.7563356
2972,1.4481851
2973,1.4595088
2974,1.4635522
2975,1.4673593
2976,1.4537275
2977,1.7547315
2978,1.4657017
2979,1.7634436
2980,1.7622715
2981,1.7722627
2982,1.4831407
2983,1.4853408
2984,1.4827105
2985,1.4830338
2986,1.488554
2987,1.4787381
2988,1.464567
2989,1.476
2990,1.4811695
2991,1.1151869
2992,1.1132761
2993,1.107629
2994,1.1249408
2995,1.1190282
2996,1.1235778
2997,1.1150923
2998,1.1140852
2999,1.1128544
3000,1.1070168
3001,1.1115968
3002,1.1180418
3003,1.1190149
3004,1.1210272
3005,1.4828902
3006,1.4854112
3007,1.4798796
3008,1.491305
3009,1.1309836
3010,1.121932
3011,1.1281857
3012,1.128048
3013,1.1275277
3014,1.4903821
3015,1.4923693
3016,1.4907292
3017,1.1200062
3018,1.118533
3019,1.4758828
3020,1.4758805
3021,1.4848305
3022,1.4758986
3023,1.4794644
3024,1.4849899
3025,1.4880989
3026,1.4811207
3027,1.4788883
3028,0.95788455
3029,0.2176719
3030,0.21664521
3031,1.1263171
3032,0.20206116
3033,0.20052262
3034,0.2098666
3035,0.21074943
3036,0.21207559
3037,0.20757782
3038,0.21455742
3039,0.2052829
3040,0.21766047
3041,0.21292594
3042,0.21795033
3043,0.21229114
3044,0.2073406
3045,0.98451763
3046,0.9801208
3047,1.3799769
3048,1.3759781
3049,1.3778589
3050,1.3746648
3051,1.3709333
3052,1.3778076
3053,0.9843578
3054,1.3636543
3055,1.3705837
3056,0.9647718
3057,1.37443
3058,0.9766271
3059,0.97572327
3060,0.9740025
3061,0.969328
3062,0.96760696
3063,0.9610201
3064,0.9757253
3065,0.97098434
3066,0.9712702
3067,0.97642326
3068,0.96929955
3069,1.4564941
3070,1.4595175
3071,1.4634516
3072,1.46101
3073,1.4694031
3074,1.4693224
3075,1.4713823
3076,1.4671971
3077,1.4709487
3078,1.469979
3079,1.4655255
3080,1.1161027
3081,1.1093291
3082,1.1085143
3083,1.4718916
3084,0.9730752
3085,0.97237486
3086,0.9719024
3087,0.20049162
3088,0.20593207
3089,0.21163681
3090,0.20392963
3091,0.21535759
3092,0.210984
3093,0.21099813
3094,0.21880396
3095,0.2088444
3096,0.21144883
3097,0.21944937
3098,0.21120536
3099,0.21371242
3100,0.21415044
3101,0.21109353
3102,0.20947896
3103,0.21194196
3104,0.21748455
3105,0.20458066
3106,1.1063895
3107,1.107284
3108,1.1115452
3109,1.109314
3110,1.107624
3111,1.1049821
3112,1.109823
3113,1.1130842
3114,0.20380649
3115,0.20364423
3116,0.20717031
3117,0.21755996
3118,0.22351964
3119,0.21548219
3120,0.21782827
3121,0.22067598
3122,1.0993425
3123,0.20614439
3124,0.2075467
3125,0.2134471
3126,1.1048574
3127,1.1041707
3128,0.22306214
3129,1.1037121
3130,1.1093109
3131,1.1045321
3132,1.1037884
3133,0.21845494
3134,0.23197435
3135,1.1080967
3136,0.22458571
3137,0.21720323
3138,0.21187861
3139,0.21225952
3140,0.2158936
3141,0.22114964
3142,1.1074247
3143,0.2195909
3144,0.22564897
3145,0.22416809
3146,0.23346958
3147,0.23075612
3148,0.22643955
3149,0.2328342
3150,0.22452594
3151,0.2276798
3152,0.22427562
3153,0.20718591
3154,0.2093021
3155,0.20894909
3156,0.21187274
3157,0.22632319
3158,0.21607886
3159,0.21113357
3160,0.2137229
3161,0.21546836
3162,0.22181624
3163,0.21899472
3164,0.22853407
3165,0.21356001
3166,0.2219361
3167,0.22206374
3168,0.21955015
3169,0.22364192
3170,0.2183195
3171,0.2217064
3172,0.21080251
3173,0.2144775
3174,0.22006579
3175,0.2168287
3176,0.21167322
3177,0.21515551
3178,0.21726616
3179,0.20673433
3180,0.20984527
3181,0.20780282
3182,0.20610459
3183,0.21278699
3184,0.20403564
3185,0.21329565
3186,0.21211661
3187,0.2127017
3188,0.2083988
3189,0.22312897
3190,0.2198703
3191,0.20824608
3192,0.21711051
3193,0.21383218
3194,0.20979908
3195,0.20697345
3196,0.20729265
3197,0.20459159
3198,0.20185563
3199,0.19376619
3200,0.20274025
3201,0.21305314
3202,0.2021657
3203,0.21216817
3204,0.2070695
3205,0.20789368
3206,0.20805982
3207,0.20339386
3208,0.20495331
3209,0.20590189
3210,0.20280154
3211,0.20615283
3212,0.20568812
3213,0.20772265
3214,0.19894344
3215,1.0987303
3216,1.0962836
3217,0.21321057
3218,1.100359
3219,1.0952219
3220,0.21748798
3221,0.21701775
3222,0.20935908
3223,0.21372172
3224,0.21473114
3225,0.21338187
3226,0.20540516
3227,0.20244704
3228,0.20206732
3229,0.20781597
3230,0.21056183
3231,0.21217519
3232,0.2137415
3233,0.22666228
3234,0.22168846
3235,0.21021806
3236,0.21684016
3237,0.2180689
3238,0.22221032
3239,1.0850561
3240,0.21178709
3241,0.21635017
3242,0.20574127
3243,1.096684
3244,1.0830785
3245,1.0678836
3246,1.0817299
3247,1.0821565
3248,1.0813006
3249,1.075479
3250,1.0840703
3251,1.0918516
3252,1.0911473
3253,1.0942788
3254,1.0886173
3255,1.0842648
3256,0.23615293
3257,0.24318118
3258,0.2339216
3259,1.0881333
3260,1.0759753
3261,1.0813981
3262,1.0809193
3263,1.0824914
3264,1.082952
3265,1.0915493
3266,1.10181
3267,1.0957574
3268,1.0932169
3269,1.095422
3270,1.0829225
3271,1.0902354
3272,1.0841708
3273,1.0891436
3274,1.0863141
3275,1.079517
3276,1.0741704
3277,1.0799712
3278,1.0789597
3279,1.084114
3280,1.0732135
3281,1.075013
3282,1.0722039
3283,1.080882
3284,1.080933
3285,1.0744996
3286,1.0722338
3287,1.0777
3288,1.0782193
3289,1.0732307
3290,1.0832819
3291,1.0758001
3292,1.0791453
3293,1.0785028
3294,1.0834918
3295,1.0781312
3296,1.0763537
3297,1.0777307
3298,1.0732123
3299,1.0723011
3300,1.0707659
3301,1.0776857
3302,1.0799891
3303,1.078749
3304,1.0710176
3305,1.083004
3306,1.0732951
3307,1.07756
3308,1.0784166
3309,1.0723526
3310,1.0829068
3311,1.0811753
3312,1.0866233
3313,1.0816722
3314,1.0805717
3315,1.0764841
3316,1.0757787
3317,1.0825738
3318,1.0938056
3319,1.0919536
3320,1.0821139
3321,1.0883311
3322,1.0875595
3323,1.0858968
3324,1.0903399
3325,1.0850685
3326,1.0859071
3327,1.0815233
3328,1.0824817
3329,1.0943367
3330,1.101897
3331,1.0943004
3332,1.0938776
3333,1.0877544
3334,1.0967339
3335,1.0891457
3336,1.0911283
3337,1.1035544
3338,1.0954543
3339,1.086748
3340,1.089529
3341,1.0910667
3342,1.0969775
3343,1.0922024
3344,1.0829773
3345,1.0900602
3346,1.0933044
3347,1.0856237
3348,1.0902212
3349,1.0928912
3350,1.0949905
3351,1.0878551
3352,1.0823536
3353,1.0827047
3354,1.0923887
3355,0.20740053
3356,0.9667674
3357,0.21430358
3358,0.21550527
3359,0.21433605
3360,0.22204472
3361,0.2165626
3362,0.21528716
3363,0.22051033
3364,0.21521443
3365,0.20902522
3366,0.21041895
3367,0.20218045
3368,0.21387868
3369,0.20531316
3370,0.2063902
3371,0.2060853
3372,0.20973627
3373,0.20822223
3374,0.20237705
3375,0.21601905
3376,0.21022633
3377,0.21968257
3378,0.21679202
3379,0.2127204
3380,0.21394606
3381,0.21394606
3382,0.20892292
3383,0.21379614
3384,0.20827593
3385,0.21425603
3386,0.21143237
3387,0.20163018
3388,0.21159571
3389,0.20315543
3390,0.18742707
3391,1.0832804
3392,1.0772496
3393,1.0775912
3394,1.070137
3395,1.0716769
3396,1.0942485
3397,1.093806
3398,1.0888803
3399,1.0970836
3400,1.0997016
3401,1.0924609
3402,1.1006768
3403,1.1015431
3404,1.0956204
3405,1.1012822
3406,1.0936997
3407,1.0851419
3408,1.0687793
3409,1.0706897
3410,1.0619944
3411,1.0659612
3412,1.0657399
3413,1.0614094
3414,1.065046
3415,1.0648309
3416,1.0567733
3417,1.0661039
3418,1.0788152
3419,1.0739436
3420,1.0783546
3421,1.0689334
3422,1.053543
3423,1.0653607
3424,1.0658132
3425,1.061159
3426,1.0614196
3427,1.0693983
3428,1.0568919
3429,1.0661335
3430,1.0533419
3431,1.0544056
3432,1.0619768
3433,1.0930734
3434,1.0608654
3435,1.0839287
3436,1.0710347
3437,1.053772
3438,1.0600005
3439,1.4523455
3440,1.4717827
3441,1.4514573
3442,1.4494998
3443,1.4621412
3444,1.4497678
3445,1.4556473
3446,1.4594169
3447,1.4456488
3448,1.4533035
3449,1.4573563
3450,1.7777662
3451,1.4379934
3452,1.447033
3453,1.7777324
3454,1.4595306
3455,1.4463778
3456,1.7794702
3457,1.4460906
3458,1.7485435
3459,1.7524458
3460,1.475305
3461,1.4585911
3462,1.4697844
3463,1.4544204
3464,1.4504716
3465,1.467667
3466,1.4573399
3467,1.462172
3468,1.4546791
3469,1.4624512
3470,1.462394
3471,1.4518374
3472,1.4636096
3473,1.4626926
3474,1.463547
3475,1.4558486
3476,1.4615992
3477,1.4648418
3478,1.0681769
3479,1.4614828
3480,1.4665354
3481,1.4701176
3482,1.4619912
3483,1.4632276
3484,1.4589521
3485,1.4660374
3486,1.0463061
3487,1.0522335
3488,1.0539274
3489,1.0517739
3490,1.0483462
3491,1.0521361
3492,1.0553252
3493,1.0562087
3494,1.0591756
3495,1.0435225
3496,1.0564102
3497,1.0672685
3498,1.0595627
3499,1.0802337
3500,1.0741509
3501,1.0771708
3502,1.0711832
3503,1.0694417
3504,1.0584503
3505,1.0660456
3506,1.0643847
3507,1.0577595
3508,1.0552899
3509,1.0491885
3510,1.0569142
3511,1.0645337
3512,1.0621067
3513,1.0848666
3514,1.0747764
3515,1.0623772
3516,1.0577894
3517,1.0871086
3518,1.107437
3519,1.0941627
3520,1.1030928
3521,1.096077
3522,1.1016684
3523,1.480517
3524,1.4720128
3525,1.4798791
3526,1.4838984
3527,1.4754707
3528,1.4745233
3529,1.4872822
3530,1.4766082
3531,1.4811436
3532,1.4755003
3533,1.0944921
3534,1.1026379
3535,1.1084318
3536,1.1015612
3537,1.0973244
3538,1.0985084
3539,1.0958735
3540,1.0978911
3541,1.0950122
3542,1.463541
3543,1.0988504
3544,1.4667532
3545,1.0914422
3546,1.1019325
3547,1.464401
3548,1.4606658
3549,1.4585139
3550,1.4612123
3551,1.1051097
3552,1.4591942
3553,1.4464915
3554,1.0716916
3555,1.089377
3556,1.0882224
3557,1.1029993
3558,1.0928982
3559,1.0974925
3560,1.0821538
3561,1.0809397
3562,1.073074
3563,1.059065
3564,1.0825161
3565,1.0773191
3566,1.0735801
3567,1.1007795
3568,1.0780228
3569,1.0636326
3570,1.0752835
3571,1.0705659
3572,1.0651423
3573,1.0600997
3574,1.0591995
3575,1.0455806
3576,1.0691458
3577,1.0782372
3578,1.0516
3579,1.0565624
3580,1.0562094
3581,1.0486145
3582,1.0623357
3583,1.0950882
3584,1.0737474
3585,1.092338
3586,1.0990903
3587,1.0889786
3588,1.0980643
3589,1.0970992
3590,1.0959305
3591,1.0967731
3592,1.0897567
3593,1.0855675
3594,1.0972356
3595,1.0884039
3596,1.0938647
3597,1.0912633
3598,1.1026849
3599,1.0940632
3600,1.4812258
3601,1.1027086
3602,1.4873818
3603,1.1031724
3604,1.4830825
3605,1.1094137
3606,1.1071798
3607,1.0883672
3608,1.0976564
3609,1.0979697
3610,1.102045
3611,1.0996443
3612,1.1008732
3613,1.0992761
3614,1.088161
3615,1.0876988
3616,1.095784
3617,1.0880909
3618,1.092422
3619,1.0892959
3620,1.1014738
3621,1.0890256
3622,1.0848523
3623,1.0869796
3624,1.0896754
3625,1.093157
3626,1.0791762
3627,1.0850412
3628,1.0773642
3629,1.0889786
3630,1.0801572
3631,1.0816998
3632,1.0935829
3633,1.0899968
3634,1.0926465
3635,1.0910993
3636,1.0857618
3637,1.0871639
3638,1.0878087
3639,1.094634
3640,1.0958576
3641,1.1058042
3642,1.091389
3643,1.1009402
3644,1.0943516
3645,1.0947454
3646,1.0923705
3647,1.0686412
3648,1.0700475
3649,1.0534295
3650,1.0490242
3651,1.0621231
3652,1.0628688
3653,1.0755098
3654,1.0703946
3655,1.0690837
3656,1.0655006
3657,1.0712528
3658,1.0571816
3659,1.0810511
3660,1.0621659
3661,1.0700389
3662,1.0683548
3663,1.0440888
3664,1.0602231
3665,1.0652288
3666,1.0666276
3667,1.0665176
3668,1.0657395
3669,1.0655361
3670,1.0598497
3671,1.0716935
3672,1.0664622
3673,1.0672245
3674,0.20233528
3675,0.208227
3676,0.20698066
3677,0.20343664
3678,0.21207559
3679,0.20857763
3680,0.21938254
3681,0.2111065
3682,0.21370894
3683,1.037201
3684,1.0287025
3685,1.0397482
3686,1.0402719
3687,1.0498462
3688,1.0517831
3689,1.0447422
3690,1.0330776
3691,1.0369934
3692,1.0475173
3693,1.050893
3694,1.04832
3695,1.0558519
3696,1.0579327
3697,1.0562443
3698,1.0636672
3699,1.0700344
3700,1.0660508
3701,1.0641674
3702,1.0643097
3703,1.0732135
3704,1.0767463
3705,1.0651135
3706,1.0717591
3707,1.071646
3708,1.0736037
3709,1.0713414
3710,1.0727316
3711,1.074247
3712,1.0748523
3713,1.0735317
3714,1.0702384
3715,1.0888826
3716,1.0726762
3717,1.0686835
3718,1.0730339
3719,1.0683614
3720,1.0751041
3721,1.0734274
3722,1.073779
3723,1.0736647
3724,1.0719551
3725,1.0791384
3726,1.080412
3727,1.0794744
3728,1.06746
3729,1.0773891
3730,1.0766709
3731,1.0790527
3732,1.0766399
3733,1.075234
3734,1.077758
3735,1.0797123
3736,1.077914
3737,1.0756088
3738,1.0803833
3739,1.0795264
3740,1.0717812
3741,1.0763534
3742,1.0749023
3743,1.0782682
3744,1.0704153
3745,1.0722947
3746,1.0763867
3747,1.0756829
3748,1.0761077
3749,1.0726718
3750,1.0812694
3751,1.082405
3752,1.0787451
3753,1.085076
3754,1.081819
3755,1.0767794
3756,1.0731108
3757,1.0837274
3758,0.19339384
3759,0.19994542
3760,0.202162
3761,0.20711032
3762,0.22066808
3763,0.20844293
3764,0.20549105
3765,0.20269121
3766,0.21370777
3767,0.20965923
3768,0.21592353
3769,0.21154872
3770,0.19920315
3771,0.1975606
3772,0.20254524
3773,1.0738603
3774,1.0719615
3775,1.078384
3776,1.0675516
3777,1.0630429
3778,1.0565574
3779,1.0617111
3780,1.0581515
3781,1.0602573
3782,1.068363
3783,1.0648723
3784,1.0550486
3785,1.0656028
3786,1.0648545
3787,1.0702126
3788,1.0606098
3789,1.0550435
3790,1.063438
3791,1.0661284
3792,1.0642748
3793,1.0653951
3794,1.0490904
3795,1.0650611
3796,1.0642521
3797,1.0627944
3798,1.065243
3799,1.0652972
3800,1.0637753
3801,1.0611557
3802,1.0658398
3803,1.0633577
3804,1.0630662
3805,1.0588077
3806,1.0536089
3807,1.0525507
3808,1.0562268
3809,1.0551077
3810,0.1989984
3811,0.19724582
3812,0.19776052
3813,1.0614824
3814,0.19856703
3815,1.0544077
3816,1.0596431
3817,0.21222204
3818,0.1957329
3819,0.19779824
3820,0.20020008
3821,0.1987472
3822,0.1947884
3823,0.19265987
3824,0.1936366
3825,0.1985758
3826,0.20128101
3827,0.20519328
3828,0.20393695
3829,0.99951744
3830,0.19982977
3831,1.0005305
3832,0.9984712
3833,0.9969967
3834,1.0008504
3835,0.9984722
3836,1.0036235
3837,1.0004292
3838,0.9989195
3839,0.99821603
3840,1.0015026
3841,1.0051762
3842,1.0027221
3843,1.0082207
3844,1.0050154
3845,0.99317735
3846,1.0067915
3847,0.9988065
3848,1.0018582
3849,0.19608055
3850,0.19783592
3851,0.99637204
3852,0.99496806
3853,1.0057433
3854,1.0078508
3855,0.99676406
3856,1.0047383
3857,1.0022783
3858,1.0040361
3859,1.0068305
3860,1.0014359
3861,0.9965409
3862,0.9974748
3863,1.0015974
3864,1.0136002
3865,1.0058502
3866,1.0083767
3867,1.006228
3868,1.0068271
3869,1.0087492
3870,1.0096773
3871,1.0035211
3872,1.0095183
3873,1.0048227
3874,1.0033063
3875,1.0011134
3876,1.0022131
3877,1.0045547
3878,1.0075077
3879,1.0162051
3880,1.0048642
3881,1.0116181
3882,1.0069835
3883,1.0085499
3884,1.0105937
3885,0.9989874
3886,1.0030404
3887,1.0127412
3888,1.0228807
3889,1.0094492
3890,1.0088779
3891,1.0088536
3892,1.007651
3893,1.0058448
3894,1.0049279
3895,0.22061627
3896,0.21444272
3897,0.21323971
3898,0.9984705
3899,0.21274842
3900,0.21609497
3901,1.0016967
3902,1.0010602
3903,0.20391744
3904,0.20297307
3905,1.0027856
3906,0.99969053
3907,0.2034061
3908,1.0062033
3909,0.996244
3910,0.99757093
3911,0.211922
3912,0.21386705
3913,1.0051783
3914,1.0030138
3915,1.0041568
3916,1.0070423
3917,1.0065315
3918,1.0085846
3919,1.0123641
3920,1.0029031
3921,1.0076574
3922,1.0126312
3923,1.0069226
3924,0.21103936
3925,0.21343312
3926,0.20541605
3927,0.21466398
3928,0.21647535
3929,0.21237776
3930,0.21435693
3931,0.23014458
3932,0.22493295
3933,0.23216927
3934,0.23034428
3935,0.22139789
3936,0.22010079
3937,0.22618037
3938,0.21852092
3939,0.22120358
3940,0.21989968
3941,0.22017531
3942,0.23216072
3943,0.22949459
3944,0.22038856
3945,0.23351641
3946,0.22745153
3947,0.22583064
3948,0.2393509
3949,0.24524522
3950,0.23773168
3951,0.2384374
3952,0.2381349
3953,0.22510527
3954,0.23005167
3955,0.22241269
3956,0.23173529
3957,0.21329217
3958,0.21606277
3959,0.22257578
3960,0.21811448
3961,0.2435509
3962,0.2631543
3963,0.2715759
3964,0.2734602
3965,0.30218238
3966,0.28849915
3967,0.27038255
3968,0.25430954
3969,0.24871916
3970,0.23905267
3971,0.2446638
3972,0.25403768
3973,0.24602133
3974,0.2622204
3975,0.25725874
3976,0.2480968
3977,0.25246838
3978,0.25695905
3979,0.23660928
3980,0.25668904
3981,0.26158267
3982,0.24657434
3983,0.26465088
3984,0.25652146
3985,0.26322135
3986,0.25726452
3987,0.261897
3988,0.2636205
3989,0.26063362
3990,0.27351928
3991,0.266252
3992,0.26940453
3993,0.27146694
3994,1.0070976
3995,1.0030966
3996,1.0059243
3997,1.0062127
3998,0.9988811
3999,0.99705404
4000,0.9947145
4001,0.99861187
4002,0.9976322
4003,1.0028414
4004,1.0063448
4005,1.0057967
4006,1.0062895
4007,0.99907273
4008,1.0029474
4009,1.006427
4010,0.24424082
4011,1.0023929
4012,0.26532903
4013,1.0022489
4014,0.9993439
4015,1.0020492
4016,1.0115337
4017,1.0049802
4018,1.0059382
4019,0.26089382
4020,1.0018156
4021,0.99616796
4022,0.98498785
4023,0.97439694
4024,0.977836
4025,0.9896155
4026,1.0025824
4027,0.99170196
4028,0.99217904
4029,0.99119407
4030,0.9897823
4031,0.9922344
4032,0.99279636
4033,0.9949573
4034,0.9964975
4035,0.97997546
4036,0.9766579
4037,0.9743317
4038,0.9905494
4039,0.9953779
4040,0.9920743
4041,0.99298483
4042,0.982031
4043,0.99250215
4044,0.9886541
4045,0.98493814
4046,0.99377924
4047,0.98143655
4048,0.99377877
4049,0.99212295
4050,1.0027182
4051,0.99731505
4052,0.9824298
4053,1.0005981
4054,0.9950383
4055,0.99433684
4056,0.9906866
4057,0.991364
4058,0.995874
4059,0.9954066
4060,0.99595106
4061,0.9944623
4062,0.99158543
4063,0.9831473
4064,0.9941206
4065,0.99093497
4066,0.9912324
4067,0.99074155
4068,0.9958974
4069,1.0013447
4070,0.9969805
4071,1.0001544
4072,1.0092819
4073,0.99870795
4074,1.0057088
4075,0.99817795
4076,1.0022069
4077,0.9909026
4078,0.98977023
4079,0.9949728
4080,1.0040361
4081,0.9891882
4082,0.24311985
4083,0.9963725
4084,0.99541885
4085,0.99544436
4086,0.9893724
4087,0.99758136
4088,0.9992645
4089,0.9990364
4090,0.9942114
4091,0.991429
4092,1.0005171
4093,0.9946935
4094,0.9996855
4095,0.99028563
4096,0.25317425
4097,0.24395877
4098,0.2512654
4099,0.2584011
4100,0.2581008
4101,0.99590194
4102,0.99864346
4103,1.0054018
4104,1.0114331
4105,1.0042423
4106,1.0006068
4107,0.9858971
4108,1.0031613
4109,1.0221479
4110,1.0103112
4111,1.0179973
4112,1.0181843
4113,1.0169386
4114,1.0232804
4115,1.0213027
4116,1.0264218
4117,1.0268455
4118,1.0187354
4119,1.0262568
4120,1.0204777
4121,1.0281713
4122,1.0213399
4123,1.0014985
4124,1.0024358
4125,1.0093405
4126,1.0097094
4127,0.9843146
4128,0.98910123
4129,0.9983184
4130,1.0063922
4131,1.008667
4132,1.0067898
4133,1.0035795
4134,1.010519
4135,1.0117563
4136,1.0107297
4137,1.0124263
4138,0.2205588
4139,1.0060395
4140,0.223563
4141,0.23331197
4142,1.0052301
4143,1.0148163
4144,1.0186378
4145,1.0309753
4146,1.013573
4147,1.0224301
4148,1.0177126
4149,0.9990292
4150,0.2307938
4151,0.21376243
4152,0.20767479
4153,0.21467556
4154,1.007613
4155,1.0010694
4156,1.0044187
4157,0.25768447
4158,1.0022902
4159,1.002013
4160,0.24549238
4161,0.24747086
4162,0.24548934
4163,0.23577689
4164,0.23947963
4165,0.9941429
4166,0.24443206
4167,0.98197484
4168,0.9943091
4169,0.25485724
4170,0.25739008
4171,0.25064045
4172,0.26151612
4173,0.2506811
4174,0.2624516
4175,0.2628008
4176,0.25470018
4177,0.2620725
4178,0.2654667
4179,0.26827195
4180,0.26925597
4181,0.26312596
4182,0.26581383
4183,0.25550303
4184,0.2587068
4185,0.25275567
4186,0.2538762
4187,1.0172355
4188,1.0202461
4189,0.99747974
4190,1.0137545
4191,1.018971
4192,1.0060716
4193,0.25535122
4194,1.0143628
4195,1.0161941
4196,1.0218933
4197,1.0337703
4198,1.0327306
4199,1.0364019
4200,1.030111
4201,1.0291294
4202,1.0367668
4203,1.0400985
4204,1.0395466
4205,1.0431265
4206,1.0336943
4207,1.0202008
4208,1.0147744
4209,1.0077571
4210,1.0061494
4211,1.0137042
4212,1.0003405
4213,1.0028292
4214,1.0053279
4215,0.99193126
4216,0.9993866
4217,1.0125679
4218,1.0002362
4219,0.9942804
4220,0.99777323
4221,0.9941616
4222,0.9958842
4223,0.9751675
4224,0.9524838
4225,0.93830407
4226,0.9411759
4227,0.95532703
4228,0.9623775
4229,0.9678815
4230,0.9845032
4231,0.9590535
4232,0.9568907
4233,0.999951
4234,1.0084816
4235,1.0134774
4236,1.0211688
4237,1.0349547
4238,1.0161053
4239,1.0237529
4240,1.0213574
4241,1.0224264
4242,1.0236626
4243,1.0192106
4244,1.0187359
4245,1.0215436
4246,1.0410883
4247,1.0297503
4248,1.0306756
4249,1.0399575
4250,1.0303818
4251,1.0228902
4252,1.0232434
4253,1.0149893
4254,1.0161102
4255,1.0202361
4256,1.0271398
4257,1.0121524
4258,1.0249417
4259,1.0274935
4260,1.0260059
4261,1.0201383
4262,1.0122912
4263,1.0113215
4264,1.0129163
4265,1.010663
4266,1.0162319
4267,1.0159905
4268,1.0131855
4269,1.0187287
4270,1.0157698
4271,1.013818
4272,1.0086042
4273,1.0092659
4274,1.0109544
4275,1.00919
4276,1.0141056
4277,1.016845
4278,1.012291
4279,1.0348834
4280,1.0250995
4281,1.0205349
4282,1.0278451
4283,0.25610158
4284,1.0124248
4285,1.0003753
4286,0.99874455
4287,0.9985845
4288,1.0025249
4289,1.0027834
4290,0.9784832
4291,0.9731787
4292,0.9810409
4293,0.98105156
4294,0.9905052
4295,0.9677613
4296,0.9865612
4297,0.9990914
4298,1.0060452
4299,0.99298537
4300,1.0010538
4301,1.0072289
4302,0.99542487
4303,0.97883576
4304,0.9898162
4305,0.9759306
4306,0.96726704
4307,0.9736891
4308,0.9830586
4309,0.9860705
4310,0.9573418
4311,0.91994005
4312,0.93997777
4313,0.95032823
4314,0.9459601
4315,0.91158724
4316,0.9369855
4317,0.96191925
4318,0.9634469
4319,0.9649276
4320,0.9631151
4321,0.95004964
4322,0.95655376
4323,0.9637451
4324,0.9715005
4325,1.0257198
4326,1.0137391
4327,1.0242083
4328,1.0088148
4329,1.0160923
4330,1.0058112
4331,1.0171162
4332,1.0433044
4333,1.0441843
4334,1.0331606
4335,1.0247171
4336,0.3026451
4337,0.28944957
4338,0.28966504
4339,0.28290612
4340,0.29965737
4341,0.29590127
4342,0.2591963
4343,0.2777225
4344,0.28143772
4345,0.265667
4346,0.26755482
4347,0.2603216
4348,0.27434042
4349,0.2742326
4350,0.2843739
4351,0.28939462
4352,0.26105192
4353,0.28491008
4354,0.31199852
4355,0.28251576
4356,0.28351256
4357,0.27398503
4358,0.2677183
4359,0.2541678
4360,0.24174191
4361,0.24621926
4362,0.25260124
4363,0.2596581
4364,0.24938382
4365,0.2516687
4366,0.24502417
4367,0.23732044
4368,0.23952529
4369,0.2504986
4370,0.2512555
4371,0.24720155
4372,0.25935256
4373,0.2442398
4374,0.25061366
4375,0.25589865
4376,0.25566155
4377,0.249819
4378,0.24357131
4379,0.25549233
4380,1.091529
4381,0.2501948
4382,1.0956435
4383,0.26082045
4384,0.25370774
4385,0.25164595
4386,0.25334108
4387,0.24634239
4388,0.2672239
4389,0.26267216
4390,0.26324213
4391,0.26044184
4392,0.25898814
4393,0.26456445
4394,0.24998707
4395,0.2544815
4396,0.26081377
4397,0.24721763
4398,0.25397703
4399,0.24695307
4400,0.25559738
4401,0.27153835
4402,0.27241567
4403,0.25661737
4404,0.25299355
4405,0.25127825
4406,0.26300976
4407,0.2678742
4408,0.27445003
4409,0.26208007
4410,0.26872927
4411,0.26407924
4412,0.26579794
4413,0.27158046
4414,0.26638922
4415,0.27630845
4416,0.2686164
4417,0.26975858
4418,0.27054706
4419,0.26672956
4420,0.26389846
4421,0.26629588
4422,0.27602226
4423,0.26954103
4424,0.25035864
4425,0.25557402
4426,0.25092587
4427,0.25275075
4428,0.24460487
4429,0.25143254
4430,0.24700841
4431,0.23723872
4432,0.25915605
4433,0.254748
4434,0.23630233
4435,0.23822883
4436,0.24141885
4437,0.23268259
4438,0.25063846
4439,0.24619503
4440,0.2532086
4441,0.26104048
4442,0.26357993
4443,0.2562413
4444,0.26422697
4445,0.26185238
4446,0.25125057
4447,0.26094908
4448,0.2628604
4449,0.28222618
4450,0.25843477
4451,0.2618467
4452,0.28593242
4453,0.27792382
4454,0.27892366
4455,0.2727822
4456,0.27400047
4457,0.2744754
4458,0.2729471
4459,0.26461893
4460,0.28259054
4461,0.270761
4462,0.26937684
4463,0.26062217
4464,0.27061597
4465,0.2852135
4466,0.27025384
4467,0.2707739
4468,0.26089573
4469,0.25960067
4470,0.26114997
4471,0.2686423
4472,0.25690004
4473,0.25651467
4474,0.26254722
4475,0.25119418
4476,0.25807384
4477,0.26734945
4478,0.27028233
4479,0.28193185
4480,0.2791054
4481,0.27558428
4482,0.27361375
4483,0.28819746
4484,0.27322468
4485,0.2704322
4486,0.26288497
4487,0.26126605
4488,0.26164916
4489,0.2711179
4490,0.2570577
4491,0.26692423
4492,0.25723845
4493,0.25050652
4494,0.26055443
4495,0.24817492
4496,0.25990304
4497,0.25946468
4498,0.25461918
4499,0.25951543
4500,0.25098333
4501,0.24695207
4502,0.25634214
4503,0.24979709
4504,0.25816727
4505,0.2750498
4506,0.26890218
4507,0.26656923
4508,0.29411343
4509,0.26304188
4510,0.2579727
4511,0.24871317
4512,0.24441478
4513,0.24857022
4514,0.2613203
4515,0.24987967
4516,0.2634092
4517,0.26142773
4518,0.25847802
4519,0.2517457
4520,0.24263272
4521,0.2380138
4522,0.24706073
4523,0.25521588
4524,0.23965703
4525,0.2508476
4526,0.24924226
4527,0.26891327
4528,0.2637694
4529,0.25836453
4530,0.2705498
4531,0.26434642
4532,0.27616358
4533,0.2793564
4534,0.98354846
4535,0.274613
4536,0.27758375
4537,0.28484985
4538,0.28941694
4539,0.28155607
4540,0.27960896
4541,0.28019238
4542,0.25425187
4543,0.26659626
4544,0.26639295
4545,0.2628462
4546,0.2533087
4547,0.26231992
4548,0.26421568
4549,0.25884414
4550,0.26976594
4551,0.2652494
4552,0.25359997
4553,0.25171313
4554,0.25433204
4555,0.26088905
4556,0.24696514
4557,0.24424183
4558,0.24946654
4559,0.24750501
4560,0.26370627
4561,0.25148392
4562,0.24867319
4563,0.98692596
4564,0.9843164
4565,0.97675717
4566,0.9887051
4567,0.9862767
4568,1.0006585
4569,0.98708886
4570,1.0030694
4571,1.0030491
4572,1.0201687
4573,1.0208597
4574,1.0185304
4575,1.00229
4576,1.004884
4577,1.0111016
4578,1.014505
4579,1.0079749
4580,1.0073471
4581,1.0078459
4582,0.9946885
4583,0.99787986
4584,1.0031376
4585,1.0126708
4586,0.9893075
4587,1.0064683
4588,1.0074813
4589,1.0085139
4590,0.9942411
4591,0.99497104
4592,0.9934721
4593,0.99269044
4594,0.99362266
4595,0.9854977
4596,0.9908191
4597,0.9834289
4598,0.9923714
4599,0.9989498
4600,0.9961552
4601,0.98335284
4602,0.97258955
4603,0.964879
4604,0.9727917
4605,0.97098666
4606,0.9641507
4607,0.97089165
4608,0.96302867
4609,0.96585965
4610,0.9661797
4611,0.9696426
4612,0.96962875
4613,0.9676049
4614,0.96922004
4615,0.9723513
4616,0.97564965
4617,0.97313374
4618,0.9640579
4619,0.96898615
4620,0.9568993
4621,0.9569733
4622,0.96389234
4623,0.9670699
4624,0.96120477
4625,0.97198546
4626,0.97225726
4627,0.9744385
4628,0.97454053
4629,0.9728144
4630,0.9645363
4631,0.95846975
4632,0.97765374
4633,0.9627904
4634,0.95827675
4635,0.98053277
4636,0.98829323
4637,1.0023309
4638,1.0130464
4639,1.0089422
4640,1.0017684
4641,1.0028588
4642,1.0141476
4643,0.9961642
4644,1.0157552
4645,0.9930477
4646,1.0059488
4647,0.9926722
4648,1.0233614
4649,1.0052444
4650,1.0176996
4651,1.0011004
4652,1.0056033
4653,0.9982835
4654,1.0023832
4655,1.0091807
4656,1.0042605
4657,1.0035255
4658,1.0027938
4659,0.9944361
4660,0.9908156
4661,0.99028635
4662,0.9987465
4663,1.0007966
4664,0.9864987
4665,0.9920505
4666,0.98508626
4667,0.9799856
4668,0.9810903
4669,0.98668563
4670,0.98380846
4671,0.98759085
4672,0.9848801
4673,0.9859934
4674,0.9768124
4675,0.9775755
4676,0.97298867
4677,0.9837862
4678,0.99172527
4679,0.9818536
4680,0.9726511
4681,0.98199606
4682,1.0114558
4683,1.0132066
4684,0.9995244
4685,0.9979939
4686,0.9874235
4687,0.9921074
4688,0.99138886
4689,0.98619807
4690,0.98472667
4691,0.9879089
4692,0.9904713
4693,0.9840361
4694,0.99692863
4695,0.99207354
4696,0.9993108
4697,1.0176241
4698,1.0178127
4699,1.0183942
4700,1.0118434
4701,1.0260159
4702,1.0128602
4703,1.0117973
4704,1.0140084
4705,1.012258
4706,1.011841
4707,1.0130893
4708,1.0106055
4709,1.0253158
4710,1.0196319
4711,1.010019
4712,1.0173904
4713,1.0138714
4714,1.0027102
4715,1.0011467
4716,1.0078665
4717,1.0101225
4718,1.0110465
4719,1.0058624
4720,0.99792415
4721,1.0204436
4722,1.0203241
4723,1.0137023
4724,1.0090162
4725,1.0153232
4726,1.016036
4727,1.0197912
4728,1.0244129
4729,1.0301982
4730,1.0256454
4731,1.0293822
4732,1.0293695
4733,1.0332825
4734,1.0387611
4735,1.0304629
4736,1.0248393
4737,1.0302755
4738,1.0275116
4739,1.0366231
4740,1.0286206
4741,1.0282044
4742,1.0408626
4743,1.0291562
4744,1.02071
4745,1.0246125
4746,1.015921
4747,1.0353531
4748,1.037992
4749,1.0336523
4750,1.0324131
4751,1.0264004
4752,1.0318463
4753,1.0247862
4754,1.0194058
4755,1.0270897
4756,1.0334023
4757,1.0273553
4758,1.0306761
4759,1.0297433
4760,1.034843
4761,1.0332017
4762,1.0255916
4763,1.0291475
4764,1.0243568
4765,1.0306418
4766,1.0245887
4767,1.0270458
4768,1.0280502
4769,1.0245512
4770,1.0276241
4771,1.0267658
4772,1.0274149
4773,1.0169662
4774,1.0208817
4775,1.0195563
4776,1.0041761
4777,0.99450684
4778,1.0057566
4779,1.0079107
4780,1.0241408
4781,1.0294701
4782,1.0239522
4783,1.0135949
4784,1.0075974
4785,0.99658704
4786,1.0133165
4787,1.0117381
4788,1.0113465
4789,1.0104475
4790,1.0045491
4791,1.0007012
4792,1.0098499
4793,1.022149
4794,1.0159421
4795,1.016808
4796,1.017651
4797,1.0126516
4798,1.0194513
4799,1.0176889
4800,1.014425
4801,1.0202596
4802,1.0143665
4803,0.9989916
4804,0.98588705
4805,0.98332626
4806,0.9985168
4807,0.9951719
4808,0.9764421
4809,0.9741497
4810,0.99107766
4811,0.9959748
4812,0.98755306
4813,1.0102206
4814,1.0126302
4815,1.0124015
4816,1.0087739
4817,1.006098
4818,1.0065236
4819,1.0013797
4820,1.002995
4821,1.0028208
4822,1.0088816
4823,1.0122168
4824,1.0130097
4825,1.0027775
4826,1.0117503
4827,1.0030462
4828,1.0084405
4829,1.0127149
4830,1.0187495
4831,1.0072259
4832,1.0102247
4833,1.0108792
4834,1.0153912
4835,1.0156074
4836,1.0126972
4837,1.0101025
4838,1.0137928
4839,1.0128285
4840,1.0122691
4841,1.0108043
4842,1.0034405
4843,0.9856016
4844,0.9983092
4845,1.0004692
4846,0.9924776
4847,0.9874305
4848,0.9980422
4849,1.0014639
4850,0.98795646
4851,0.9896027
4852,0.99639744
4853,0.9950847
4854,0.9997268
4855,0.993355
4856,0.99972135
4857,1.0013086
4858,0.9916558
4859,0.9984259
4860,1.0119923
4861,1.0054253
4862,0.24219184
4863,0.2283502
4864,0.22984955
4865,0.23959999
4866,0.23469174
4867,0.22573157
4868,0.23747642
4869,0.2335558
4870,0.23929584
4871,1.0971916
4872,0.24108814
4873,0.21734735
4874,1.0879219
4875,1.0810117
4876,1.0896579
4877,0.21795374
4878,0.23628235
4879,0.22297297
4880,0.21765134
4881,1.0965408
4882,1.0975825
4883,1.0958503
4884,1.0876627
4885,1.0906217
4886,0.21675189
4887,0.21332246
4888,0.21606621
4889,1.1100848
4890,0.22114627
4891,0.22256127
4892,0.22621772
4893,0.21780203
4894,0.22499594
4895,0.25718433
4896,0.24184369
4897,0.23704797
4898,0.23709829
4899,0.23679829
4900,0.24449714
4901,0.23871765
4902,0.22958446
4903,0.2377599
4904,1.105279
4905,1.0916511
4906,1.093773
4907,1.0962381
4908,0.24592735
4909,0.23869786
4910,0.24999304
4911,0.25843957
4912,0.24898782
4913,0.26165107
4914,1.0947795
4915,1.0952274
4916,1.0915788
4917,1.1126323
4918,1.0982907
4919,1.0995737
4920,1.0937235
4921,1.0933162
4922,1.100921
4923,1.0852798
4924,1.0844597
4925,1.0978234
4926,1.0719671
4927,1.0771438
4928,1.0739272
4929,1.0751041
4930,1.0767868
4931,1.0796043
4932,1.0750204
4933,1.0699968
4934,1.0750101
4935,1.0741132
4936,1.0785505
4937,1.0729795
4938,1.0763288
4939,1.0732896
4940,1.0724139
4941,1.0716735
4942,1.074428
4943,1.4725276
4944,1.4617922
4945,1.4495826
4946,1.0756177
4947,1.0664312
4948,1.0751
4949,1.4563346
4950,1.0813907
4951,1.4691203
4952,1.4701922
4953,1.4627601
4954,1.0686642
4955,1.4600284
4956,1.0662214
4957,1.0720096
4958,1.0645729
4959,1.0554444
4960,1.0461822
4961,1.051746
4962,1.0555236
4963,1.0480884
4964,1.0544065
4965,1.0436127
4966,1.0493178
4967,1.0491312
4968,1.0558167
4969,1.0335096
4970,1.0400093
4971,1.0647749
4972,1.0542341
4973,1.0587898
4974,1.0572711
4975,1.0596293
4976,1.0542021
4977,1.0507972
4978,1.0538981
4979,1.056747
4980,1.0573494
4981,1.0518935
4982,1.0599707
4983,1.0713836
4984,1.0753037
4985,1.0865909
4986,1.0811282
4987,1.0591979
4988,1.0540783
4989,1.0518535
4990,1.0460994
4991,1.0481428
4992,1.0428748
4993,1.4470525
4994,1.0500883
4995,1.052252
4996,1.4528326
4997,1.4465336
4998,1.0589188
