,A:SER:249:O -- H -- A:TYR:178:OH,A:SER:249:O -- H -- A:GLN:245:NE2,A:SER:249:O -- H -- A:GLY:248:N,A:SER:249:O -- H -- A:SER:249:N,A:SER:249:O -- H -- A:SER:249:OG,A:SER:249:O -- H -- A:ASP:251:N,A:SER:249:O -- H -- A:GLY:252:N,A:SER:249:O -- H -- A:ARG:253:N,A:SER:249:O -- H -- A:ARG:253:NH1,A:SER:249:O -- H -- A:ARG:253:NH2,A:SER:249:O -- H -- A:GLU:254:N,A:SER:249:O -- H -- A:TYR:276:OH
0,0.49084675,0.5604148,0.46059144,0.27729544,0.38492504,0.3596103,0.3279954,0.30634913,0.67691576,0.5716272,0.570441,0.487207
1,0.4674028,0.54339284,0.45589188,0.27237326,0.37237185,0.33745155,0.26736367,0.32868266,0.74355745,0.6347197,0.56352776,0.5363316
2,0.51744056,0.543662,0.48384905,0.28491628,0.37362283,0.33956784,0.2823707,0.34332594,0.697993,0.5686568,0.56601,0.5444249
3,0.5660876,0.5425479,0.49114016,0.2922772,0.35392034,0.32316005,0.2822245,0.30846977,0.5568686,0.518292,0.525627,0.530983
4,0.57798827,0.5405703,0.49937528,0.28985253,0.36667734,0.34466708,0.29873073,0.29402688,0.7249648,0.6152645,0.5258811,0.5816139
5,0.5594398,0.54939765,0.49200422,0.29529694,0.3570608,0.3330171,0.28811958,0.28485125,0.592107,0.50114065,0.5381422,0.54119945
6,0.6088825,0.6079479,0.52226484,0.28275257,0.37768215,0.34182894,0.33806518,0.31266078,0.6814814,0.5547448,0.5503871,0.5101667
7,0.53415394,0.6504632,0.53531235,0.28460371,0.36910632,0.32364985,0.28909478,0.3104333,0.7835457,0.6887785,0.5304295,0.52657205
8,0.55072373,0.5468632,0.534638,0.26796675,0.36069232,0.33564752,0.31703216,0.33167595,0.6659326,0.5918041,0.5677899,0.48081303
9,0.51575315,0.57014763,0.5202278,0.26218006,0.38407204,0.36308792,0.31860188,0.34608158,0.6411768,0.52073854,0.56995386,0.52133095
10,0.55021274,0.53081,0.5642725,0.28087133,0.34350902,0.3095292,0.27968422,0.26834595,0.72078055,0.6209453,0.50623727,0.59576607
11,0.45933735,0.4919383,0.5038748,0.28244594,0.36458838,0.3225482,0.29715943,0.30368653,0.7016208,0.6300827,0.54087406,0.5754107
12,0.61753964,0.5547424,0.45642596,0.27440253,0.3622681,0.3385744,0.29755768,0.30655777,0.52918303,0.42439988,0.53940195,0.6458595
13,0.60680985,0.5384097,0.49246684,0.28180113,0.39659473,0.37135467,0.3100445,0.28274488,0.6561858,0.5221629,0.53341055,0.5308492
14,0.5877733,0.5169241,0.49896514,0.29158327,0.3426753,0.34067398,0.2902797,0.28538322,0.692905,0.6229147,0.51678175,0.50616884
15,0.65891176,0.5331218,0.47310674,0.2893385,0.3560637,0.36636895,0.31818557,0.3017152,0.70277363,0.5762789,0.54151756,0.53766596
16,0.5836774,0.4767189,0.4817004,0.29364666,0.3409427,0.30922756,0.28927374,0.29931617,0.69759625,0.58056986,0.5356848,0.5279413
17,0.65341324,0.49629056,0.48670736,0.29032022,0.40893048,0.3382372,0.3027515,0.35119796,0.7420689,0.645776,0.5781548,0.51763964
18,0.69073355,0.5264255,0.51239735,0.28739235,0.3454694,0.34458923,0.30691642,0.28529978,0.50848573,0.46508822,0.5189979,0.5641519
19,0.66775995,0.5064448,0.4662344,0.30533674,0.33403483,0.3462315,0.30750734,0.28481093,0.6063715,0.4511329,0.5381247,0.5602801
20,0.62970513,0.54225296,0.50979304,0.29024076,0.35882884,0.32056034,0.3101107,0.3016772,0.7027154,0.6038903,0.5340218,0.53279597
21,0.77131957,0.5589401,0.47636524,0.2908715,0.37337318,0.328428,0.3256482,0.29313737,0.6548841,0.54299545,0.5102388,0.5424232
22,0.6635592,0.5174125,0.47853023,0.29116485,0.33783624,0.35195804,0.28139853,0.305216,0.6788868,0.5656786,0.54822874,0.6464494
23,0.7097003,0.589366,0.5072073,0.27617493,0.38618672,0.33429313,0.2944999,0.27718982,0.6670097,0.5675072,0.50760627,0.5363513
24,0.6680795,0.54077184,0.4751895,0.27973837,0.37918285,0.30486667,0.28944713,0.3227987,0.7670321,0.65025914,0.5262148,0.5343665
25,0.70003325,0.54345727,0.48966268,0.28270108,0.36501735,0.34970692,0.31358632,0.29971665,0.64374053,0.5304887,0.5105119,0.58409834
26,0.7567751,0.51861167,0.49330437,0.29036054,0.37096193,0.3800156,0.32144317,0.2999893,0.64377576,0.5142055,0.5344459,0.5371038
27,0.5812311,0.5524954,0.47343263,0.30030784,0.35718125,0.3344552,0.29776374,0.29705733,0.70677346,0.6406843,0.5181501,0.53946745
28,0.5645276,0.55923015,0.4617348,0.2819421,0.3868103,0.37496185,0.3184378,0.35541847,0.7577896,0.6188362,0.59423953,0.5297633
29,0.60918033,0.5392858,0.5261419,0.30713022,0.36881638,0.35531822,0.30039895,0.27622765,0.7012119,0.5934927,0.520149,0.5184757
30,0.52533454,0.5178644,0.49418572,0.28995264,0.34522587,0.32657453,0.28892446,0.29266867,0.7736455,0.66133296,0.5306943,0.5257946
31,0.5374676,0.5134478,0.5111473,0.28646347,0.3440393,0.32303274,0.27023977,0.29384658,0.7593345,0.68128675,0.5314031,0.71363664
32,0.49626943,0.48875093,0.46183068,0.2761329,0.37735125,0.34010792,0.29462236,0.30289528,0.74421114,0.61410004,0.53712434,0.6350121
33,0.55080116,0.56376106,0.4699849,0.292625,0.38275018,0.33396614,0.28106007,0.32650566,0.773086,0.65497756,0.54349524,0.5202115
34,0.5867006,0.5539655,0.50531965,0.2834078,0.34799898,0.30748835,0.28340128,0.28404412,0.7272928,0.57058954,0.51040846,0.56987095
35,0.589211,0.54508,0.47677252,0.272495,0.4018007,0.3776353,0.3080985,0.30510765,0.7305825,0.6180721,0.5521259,0.49122134
36,0.54512507,0.5879296,0.47936457,0.28458413,0.34813643,0.35765794,0.31467614,0.3032676,0.68496054,0.5958987,0.55915576,0.51968765
37,0.57924443,0.69503635,0.54155993,0.29672974,0.33244577,0.34338456,0.3332852,0.30696508,0.7042541,0.5913628,0.5417355,0.51495904
38,0.6349588,0.99937785,0.538089,0.28975505,0.33233866,0.35119,0.3145515,0.2779412,0.72292346,0.62935746,0.53262275,0.4531075
39,0.6188484,1.0046659,0.5298212,0.27974042,0.34951314,0.36416227,0.30506927,0.27684212,0.757924,0.66048217,0.52992564,0.5244243
40,0.6112291,0.9420094,0.515421,0.29808143,0.3527633,0.3761859,0.35994866,0.330817,0.7112148,0.58305645,0.5700557,0.4155235
41,0.6237971,0.95574236,0.5489077,0.29148263,0.33568767,0.3003934,0.27251256,0.30840546,0.751296,0.6552166,0.532822,0.5100093
42,0.5600232,0.99688536,0.5112984,0.29149604,0.3618784,0.35199204,0.3224559,0.29379416,0.686577,0.60028267,0.50528824,0.4869788
43,0.5573825,0.9271964,0.48624563,0.29106075,0.36959127,0.3566649,0.3200975,0.32091412,0.5324265,0.40537453,0.54548943,0.4291895
44,0.5169091,0.97648925,0.5147333,0.29742283,0.3504549,0.32294112,0.28649598,0.29873583,0.5677217,0.45011523,0.5239063,0.5005998
45,0.57140404,1.0075344,0.49646032,0.2821797,0.35192466,0.360907,0.31440187,0.2891321,0.49549755,0.40459996,0.5351804,0.48522568
46,0.6255425,0.9446362,0.5092183,0.28533968,0.3566445,0.37433222,0.30478308,0.28049475,0.49385718,0.4101538,0.5097084,0.5610182
47,0.60190076,1.023259,0.517474,0.29361397,0.33892286,0.36068857,0.34136993,0.3027973,0.49536625,0.3967193,0.53361475,0.5169428
48,0.607926,0.96910524,0.54836625,0.29969996,0.35286573,0.34609744,0.30061626,0.27161017,0.5867124,0.46867582,0.5046705,0.46323144
49,0.6390828,1.0230577,0.4945374,0.27798703,0.35192493,0.36656347,0.32334584,0.28739256,0.48835796,0.42555544,0.506831,0.5071846
50,0.5178606,1.0176108,0.4968203,0.28613463,0.355341,0.36300564,0.303195,0.28664207,0.52836853,0.44040495,0.5258787,0.5759489
51,0.60276824,1.0202466,0.51614445,0.27945146,0.35558665,0.3440003,0.3288545,0.28106123,0.47408596,0.4074217,0.4996268,0.52019864
52,0.58072823,0.9917079,0.51018137,0.28400424,0.3503233,0.36079356,0.3200373,0.2843065,0.4732591,0.4060263,0.5084828,0.5263214
53,0.6499279,1.0671934,0.5201137,0.3093623,0.3728821,0.3097609,0.31770355,0.27356428,0.5493987,0.45652974,0.51416093,0.51919836
54,0.6232829,0.952681,0.4992647,0.29722717,0.34308213,0.32893455,0.30870074,0.27921686,0.5809771,0.4658454,0.50262594,0.48517114
55,0.7276416,0.99603367,0.49570075,0.28855824,0.34882042,0.37050465,0.33046162,0.29100928,0.534803,0.4344708,0.51825714,0.46511406
56,0.7827263,0.98087,0.49659762,0.28973746,0.30691594,0.34621432,0.33907753,0.27472454,0.61417705,0.471661,0.52034,0.57381487
57,0.6805914,0.9756016,0.52106774,0.2878858,0.3805706,0.3666471,0.32426637,0.2880616,0.48250356,0.4103205,0.5243456,0.53096706
58,0.63440466,1.0555192,0.5181865,0.29142684,0.359363,0.3905413,0.35659063,0.29625466,0.4795817,0.38988557,0.53483576,0.5088225
59,0.7017572,1.0584636,0.5219342,0.2956846,0.36963233,0.36438334,0.33329678,0.2729859,0.47650596,0.40887836,0.5064069,0.5293919
60,0.579118,1.0177197,0.4856938,0.2761099,0.3583892,0.3578879,0.30825606,0.30004022,0.4937736,0.41078734,0.53608114,0.520084
61,0.5840784,0.9590937,0.5156307,0.29337612,0.34578133,0.3265623,0.29150724,0.29313186,0.56391704,0.48593155,0.51353115,0.50328666
62,0.6470157,1.041951,0.50022984,0.28686595,0.37597337,0.39474496,0.3575279,0.2942541,0.48336518,0.3785651,0.5355165,0.4998385
63,0.6063771,1.0144624,0.49337307,0.29469144,0.33357313,0.33707532,0.28458115,0.31126678,0.5742319,0.45715714,0.5303992,0.52311784
64,0.63974744,0.9990738,0.51081574,0.28177688,0.35113314,0.37941512,0.35758582,0.32347265,0.44195566,0.3313073,0.55029124,0.5277798
65,0.682747,0.99832755,0.52669793,0.29410514,0.37009507,0.36404732,0.33700198,0.28250614,0.5281306,0.4154678,0.50294286,0.54496217
66,0.5943554,0.9457605,0.50776213,0.28786573,0.36356708,0.3901139,0.33189216,0.30407897,0.5317005,0.4363244,0.532666,0.51124865
67,0.56066066,0.9933707,0.47971845,0.27830684,0.39091268,0.38621122,0.32050192,0.31330147,0.52455044,0.4684382,0.5663833,0.46715698
68,0.62954175,0.9811024,0.5142644,0.29255483,0.33898738,0.39843723,0.34339356,0.27033463,0.5046278,0.4085399,0.50579566,0.5064523
69,0.59026843,0.9858658,0.52921575,0.29526114,0.34209737,0.3598702,0.30255553,0.29388657,0.49411407,0.3813632,0.5281084,0.5630953
70,0.5208925,0.94935423,0.52836525,0.28913257,0.36832908,0.3561294,0.29988307,0.2894298,0.5614552,0.46449015,0.53366435,0.5371707
71,0.58636266,0.9676337,0.46911094,0.29513896,0.33493108,0.3819898,0.34508985,0.31970516,0.51392734,0.4295731,0.55526966,0.5474348
72,0.50674367,0.955763,0.52985144,0.29583752,0.3621068,0.3537733,0.29913867,0.2866039,0.5634969,0.47764492,0.5245532,0.496409
73,0.6024115,0.96822006,0.521783,0.2985828,0.36006474,0.405224,0.3331153,0.2942343,0.5234767,0.41459954,0.5323646,0.4601966
74,0.54392296,1.0306175,0.53505623,0.3058923,0.32396606,0.31454983,0.2751532,0.2941867,0.55282515,0.5119526,0.52898526,0.5687058
75,0.65291494,1.0018715,0.5191658,0.30431846,0.34021205,0.36486065,0.33355778,0.29444402,0.53808814,0.46673822,0.5525444,0.42894307
76,0.61506987,0.9776875,0.52548814,0.29185095,0.3346609,0.3794631,0.29650468,0.27260712,0.51945484,0.42272416,0.52243614,0.45994243
77,0.6909554,1.0102752,0.54392993,0.29980052,0.33581445,0.3498601,0.30361736,0.27707586,0.456509,0.38830566,0.5133555,0.60737246
78,0.6245111,1.0309069,0.5287596,0.28791225,0.35583675,0.37592027,0.32417682,0.28387016,0.48656303,0.4099983,0.51534665,0.5241147
79,0.5855029,0.9371941,0.52774745,0.29129001,0.34983742,0.3612439,0.29907185,0.28679815,0.5131621,0.45788768,0.51032764,0.5101003
80,0.6973048,1.0343732,0.5116694,0.2947223,0.38469127,0.35823706,0.33686042,0.3009924,0.45648357,0.4000975,0.53394616,0.56428725
81,0.64786094,0.9412102,0.51024735,0.27842626,0.3615277,0.37603638,0.36164153,0.3186977,0.50093657,0.37889397,0.5527458,0.53945833
82,0.6571908,1.0099471,0.50534296,0.28790635,0.36979982,0.34859604,0.32278278,0.3001696,0.5087566,0.4203739,0.5270978,0.5097854
83,0.56359154,0.9445419,0.5010312,0.28575608,0.35431457,0.33414894,0.31094316,0.28639147,0.51536477,0.4336121,0.5261924,0.4804889
84,0.683942,0.98884016,0.49389204,0.28078353,0.3508343,0.38090765,0.33278018,0.28601456,0.49053484,0.3861575,0.5271208,0.5542877
85,0.57303184,0.98088115,0.48984012,0.28086877,0.3820806,0.37933332,0.31350917,0.28277922,0.5468521,0.45094696,0.5347068,0.5408164
86,0.60121953,1.0459024,0.5259167,0.2889564,0.34010723,0.36663324,0.32324427,0.28502712,0.5050013,0.41957456,0.51930225,0.5294535
87,0.6666099,1.0509408,0.49281067,0.28548533,0.36178204,0.3608556,0.31519985,0.27996883,0.5055578,0.44604748,0.5185541,0.5497128
88,0.56009537,1.0015763,0.5134759,0.28533792,0.35635236,0.30942246,0.29430148,0.28633714,0.5300308,0.48174548,0.48923367,0.6755089
89,0.65752727,0.9470623,0.5231758,0.29659066,0.33861306,0.39467263,0.3474744,0.2842975,0.50788754,0.43943587,0.543042,0.47958776
90,0.59478134,0.9580192,0.5186346,0.29315054,0.3727883,0.3553683,0.33632657,0.30686456,0.44693443,0.39255682,0.52507275,0.48422948
91,0.5417919,1.021809,0.4651414,0.2846,0.3494735,0.35346064,0.35283574,0.31132227,0.5820388,0.4503269,0.55560404,0.63977575
92,0.62029874,1.041551,0.52257013,0.28959802,0.36164472,0.37136385,0.3555355,0.29856503,0.44215772,0.3676394,0.51061285,0.5644474
93,0.5707399,0.92050445,0.5219004,0.28885373,0.3694689,0.3707633,0.32679245,0.2871548,0.47644395,0.42297092,0.5157263,0.5046953
94,0.57550085,0.98776513,0.5491684,0.30765477,0.32594573,0.3583063,0.28984442,0.28012335,0.4990977,0.4455529,0.5045059,0.5783823
95,0.63986766,0.94518054,0.5165926,0.30028346,0.37529933,0.37635034,0.31437218,0.29740927,0.46412453,0.3954857,0.5380153,0.4741384
96,0.6884334,1.0504677,0.51490444,0.30594546,0.3498312,0.37159303,0.33604065,0.29699874,0.51155514,0.40661156,0.5233068,0.54535055
97,0.62242514,0.9242187,0.5389369,0.31043977,0.38344872,0.3739308,0.33899647,0.28548706,0.49171662,0.44546685,0.5186658,0.47686103
98,0.66984725,1.0132834,0.4985325,0.2814701,0.38113812,0.3715682,0.3321591,0.27739543,0.44871023,0.37868294,0.5158809,0.5689543
99,0.6123071,0.9886171,0.5411554,0.30719054,0.35571057,0.35122737,0.3478909,0.2743495,0.49451742,0.40670544,0.503652,0.5886917
100,0.5734807,1.0241939,0.531122,0.2908014,0.3532815,0.3581384,0.33041877,0.2821997,0.47498304,0.38287076,0.5034684,0.5718156
101,0.68703854,0.94775593,0.5470278,0.29664636,0.37824613,0.3783146,0.36059752,0.28428665,0.4729479,0.42217126,0.5086318,0.47996342
102,0.66768795,0.97706807,0.51399404,0.28132012,0.37030855,0.37799564,0.3597403,0.2964808,0.4977309,0.39648542,0.5181536,0.5501143
103,0.567862,0.96818054,0.5126593,0.2902732,0.3244491,0.33301353,0.30602145,0.2873702,0.55761015,0.4264206,0.52653176,0.48076844
104,0.56127167,0.9617199,0.51365423,0.30338332,0.3250955,0.32936925,0.3019734,0.271208,0.55569273,0.47751966,0.49145144,0.51931155
105,0.59418535,1.0214376,0.51824343,0.27948546,0.3473422,0.32739404,0.31111997,0.29069835,0.52772313,0.4310391,0.5376985,0.50872815
106,0.6307913,1.0081936,0.54579574,0.2938622,0.3919598,0.3562052,0.35821387,0.29353666,0.48368105,0.3841818,0.51426274,0.5133793
107,0.57457906,1.0582538,0.48437083,0.27431378,0.35185733,0.34939843,0.3305227,0.32126504,0.48729137,0.42387298,0.5461846,0.46649796
108,0.62168443,1.0084432,0.50980234,0.287487,0.3824765,0.36147368,0.32913265,0.28451958,0.4935477,0.3860053,0.49733496,0.5665243
109,0.60576195,1.0341294,0.5299016,0.2875776,0.36022025,0.34499452,0.31825286,0.30209005,0.49922433,0.40023786,0.52122605,0.5326323
110,0.602735,1.0092126,0.52309287,0.3058876,0.36445192,0.37085754,0.3320259,0.27690575,0.45033097,0.3849962,0.5291251,0.5685017
111,0.5589161,0.9385578,0.48958173,0.3021358,0.35490268,0.3868445,0.34375986,0.31178963,0.5078814,0.39643613,0.550604,0.4719429
112,0.5880303,0.9493746,0.53954643,0.30668303,0.34752885,0.3358219,0.283672,0.2758392,0.61260164,0.53803873,0.5189012,0.56906307
113,0.5241629,0.99309003,0.50863093,0.30281922,0.3578399,0.36954,0.3191275,0.29311016,0.5340569,0.41057575,0.5122897,0.5742127
114,0.5802674,1.0542102,0.5230291,0.28504932,0.34445554,0.36393023,0.2999133,0.2814003,0.46074083,0.40519375,0.4899459,0.60415363
115,0.69371355,1.0093526,0.5203117,0.29711148,0.3650973,0.3799835,0.37443584,0.32898685,0.48214027,0.39247847,0.5592407,0.5069525
116,0.6396898,0.9872266,0.50785786,0.29206705,0.33526823,0.36303976,0.29469594,0.2826227,0.5546192,0.4501759,0.52790374,0.47448504
117,0.7424181,0.9494933,0.5062685,0.29552418,0.36080876,0.33688363,0.32038367,0.27884528,0.5416725,0.44474417,0.5264757,0.5110795
118,0.60107774,0.96191627,0.49357828,0.29255483,0.3314424,0.34351623,0.3291178,0.2985576,0.5663734,0.44855484,0.537539,0.590815
119,0.6080297,1.01046,0.49581662,0.27055883,0.37908724,0.38864252,0.35766017,0.29787546,0.55250925,0.4703325,0.54091644,0.528876
120,0.63386637,0.99194837,0.5891672,0.27625522,0.33991268,0.38350984,0.32752743,0.27279627,0.5165598,0.43792364,0.5033461,0.5142608
121,0.56516016,1.0081557,0.51200986,0.27989987,0.37227488,0.31618991,0.3355538,0.29932082,0.4999933,0.40387574,0.52616864,0.5720987
122,0.57551676,0.97677577,0.49592653,0.29395583,0.3399855,0.35035485,0.32029858,0.27070868,0.5753413,0.44947207,0.4996878,0.50038844
123,0.5820361,1.0149136,0.51577747,0.2923201,0.367931,0.36079764,0.3319475,0.26798543,0.51122534,0.40927273,0.50293565,0.49906024
124,0.58438456,0.9759821,0.5295657,0.2973935,0.36504796,0.36993128,0.31210917,0.28024963,0.46870846,0.40668327,0.50893134,0.52020025
125,0.5904863,1.0125948,0.5209542,0.28515616,0.36883128,0.33915377,0.29479998,0.2856129,0.5568628,0.50073117,0.50809896,0.58868825
126,0.57159245,0.99231064,0.51255095,0.28040943,0.34803742,0.32446834,0.3103298,0.314991,0.6437394,0.55977803,0.5421396,0.55567044
127,0.64634126,1.0310678,0.48649257,0.29388133,0.3347413,0.34524482,0.3464064,0.28089494,0.51577497,0.38543004,0.49534342,0.48089465
128,0.63743275,0.9987363,0.50733805,0.29421377,0.35211217,0.37278834,0.3216184,0.27776965,0.51182866,0.43327087,0.53253675,0.49425
129,0.6658409,0.9601456,0.51532143,0.28198242,0.3327759,0.36082262,0.3288402,0.2811098,0.58993816,0.45475477,0.52270377,0.48053864
130,0.63350123,0.9199618,0.51465636,0.29528505,0.34966835,0.36823174,0.3553006,0.27719995,0.52338797,0.441271,0.50510395,0.49130756
131,0.6049211,0.95604175,0.50013435,0.2784076,0.34549007,0.37625504,0.34924924,0.32242933,0.50552243,0.40463796,0.5620787,0.542571
132,0.69894844,0.9903977,0.50568247,0.29631534,0.36248204,0.3450677,0.32807416,0.2776715,0.50825644,0.39411095,0.4945561,0.47028968
133,0.62542325,0.96367556,0.53803426,0.29880056,0.3440292,0.33311743,0.31577635,0.2690888,0.54042,0.45036682,0.505606,0.5478097
134,0.6660271,1.0587775,0.5230459,0.2957656,0.3401183,0.3739397,0.35867527,0.28125095,0.48654124,0.39674327,0.51196986,0.48877558
135,0.6541231,0.9962002,0.499207,0.3006822,0.3528518,0.33742532,0.36148772,0.29818833,0.46271908,0.41481242,0.5160454,0.5692426
136,0.60331565,0.7608681,0.49656472,0.2850346,0.3556862,0.3767344,0.30992204,0.294939,0.52225727,0.42564625,0.51978135,0.55529255
137,0.6118546,0.8281533,0.5112737,0.29307672,0.35900572,0.37854087,0.37699422,0.29411623,0.49241078,0.39212638,0.5348884,0.50727254
138,0.5074508,1.0167494,0.48944008,0.2925464,0.32011923,0.34649158,0.30299574,0.28526127,0.5451206,0.43921435,0.5292839,0.50525576
139,0.5640442,0.9518366,0.5425599,0.2960693,0.33696812,0.3305669,0.3080524,0.29771507,0.5112143,0.41896006,0.513833,0.5053446
140,0.64217526,1.0141962,0.5362993,0.29692686,0.3472451,0.34633827,0.31437808,0.29694742,0.47265306,0.40820304,0.5268159,0.57922447
141,0.6352901,1.0448811,0.50089633,0.28662118,0.34183088,0.42519122,0.38989937,0.29377058,0.5136788,0.38006058,0.550168,0.5015585
142,0.6251816,0.9429788,0.5302779,0.30098844,0.3660918,0.3503032,0.33730224,0.2780864,0.508257,0.38809958,0.5127389,0.48844248
143,0.7522485,0.94175875,0.5349237,0.30480626,0.33304226,0.32565296,0.3132066,0.28853336,0.5055682,0.44259924,0.5202609,0.5342019
144,0.7193254,0.93088996,0.54278547,0.30359665,0.35620096,0.35644245,0.31890354,0.27672574,0.52440464,0.41024637,0.51702166,0.49019843
145,0.72385037,0.9156124,0.5418295,0.3135764,0.32770598,0.3417244,0.3155013,0.27960527,0.5210593,0.44407338,0.5057124,0.5016171
146,0.7530095,0.9024879,0.5058762,0.30418158,0.36016873,0.3929231,0.35510066,0.30322364,0.49093732,0.3881271,0.55182433,0.5139867
147,0.8387425,1.0192817,0.5402484,0.29296452,0.38146636,0.36987004,0.33523154,0.2848362,0.46316332,0.39814052,0.50550663,0.4989307
148,0.6297314,0.90479153,0.4997118,0.28553063,0.3447743,0.33813468,0.28995574,0.27467516,0.56395465,0.4678594,0.51229227,0.55859435
149,0.69619536,1.011398,0.48425537,0.29102066,0.37146315,0.4012877,0.374604,0.30466864,0.46993473,0.36858338,0.5355367,0.4395986
150,0.65267235,0.9850771,0.5270986,0.28938317,0.3381789,0.36415124,0.32763427,0.28092384,0.5182406,0.42345068,0.50988424,0.550853
151,0.64911914,1.0619377,0.50861394,0.3068679,0.3590352,0.36952886,0.34720752,0.3110405,0.47321597,0.34826434,0.5254244,0.47408986
152,0.60418475,1.016772,0.50061655,0.29392016,0.36638805,0.35879058,0.35782966,0.31651503,0.54576427,0.42974335,0.5234666,0.59011555
153,0.5990906,0.92699665,0.52437204,0.2999816,0.36744243,0.35718298,0.30470133,0.29863444,0.55073166,0.42552182,0.525891,0.534602
154,0.56814504,1.0093054,0.5159619,0.29485816,0.38092086,0.32397866,0.30002588,0.28032422,0.5056011,0.42728212,0.49768242,0.535803
155,0.6642178,0.97149634,0.5220943,0.27407357,0.38692826,0.40025926,0.4088418,0.34711257,0.47923082,0.33189476,0.5695192,0.4685973
156,0.6138486,0.91451603,0.5102146,0.2810859,0.35093653,0.3792639,0.33472815,0.29832914,0.6606717,0.5531035,0.53702456,0.4247894
157,0.54123086,0.8854849,0.5362217,0.29503095,0.3508584,0.3289438,0.32105243,0.29686078,0.65583223,0.5773408,0.5274939,0.49869692
158,0.5731066,0.9439025,0.5340064,0.27993813,0.3633768,0.33277503,0.32284245,0.29807514,0.6866228,0.6044292,0.49008122,0.43354252
159,0.51285976,0.9009368,0.54504716,0.299108,0.35577765,0.34674883,0.30784363,0.30652103,0.5636099,0.43538076,0.5465071,0.47072992
160,0.58583,0.94206136,0.52466834,0.29368487,0.35486144,0.3687787,0.32555997,0.27944493,0.71370685,0.6204139,0.5093526,0.46361697
161,0.633357,0.89105254,0.5196686,0.29244477,0.36189502,0.34042123,0.3146822,0.2940054,0.62181723,0.5449321,0.5281251,0.5757071
162,0.57831013,0.8849503,0.49883485,0.29826126,0.35428315,0.35348102,0.31964815,0.28698188,0.73953223,0.6268765,0.5233621,0.43471578
163,0.64281785,0.95654553,0.52735204,0.28842792,0.36900315,0.3788326,0.33481097,0.28938675,0.5154427,0.40028256,0.51054233,0.46894976
164,0.6923515,0.9083414,0.51322573,0.28933898,0.36851388,0.3906911,0.36931238,0.30155414,0.49666494,0.3912684,0.55599576,0.42138743
165,0.5983537,0.8932796,0.54920685,0.30294907,0.31928867,0.34727988,0.31380004,0.28107524,0.5029533,0.42095128,0.49345708,0.51121753
166,0.69471323,0.93322074,0.5102085,0.3010194,0.33871898,0.37973446,0.36937603,0.28682005,0.5140334,0.41104674,0.53127813,0.52413946
167,0.5990795,0.8869569,0.54075605,0.31853005,0.3335659,0.3582042,0.30069727,0.28240302,0.48506412,0.43257228,0.5255359,0.5645072
168,0.54676497,0.9431517,0.4860879,0.27948436,0.37508392,0.3652072,0.3601762,0.2945624,0.5046711,0.43075135,0.5234026,0.5125771
169,0.6137577,0.99101603,0.516733,0.29776528,0.33466166,0.33304122,0.30351987,0.2850322,0.5503692,0.46466932,0.51107746,0.5217722
170,0.7096789,1.0773001,0.503472,0.29167026,0.41081437,0.3705997,0.3422734,0.31474343,0.43807945,0.37054935,0.5377057,0.58427614
171,0.6165168,1.0288664,0.5322526,0.28591397,0.35698768,0.39475384,0.36943728,0.2925131,0.4618083,0.35126087,0.52487993,0.5367255
172,0.6217304,0.652052,0.52239215,0.28872257,0.379226,0.40743583,0.35495323,0.31606677,0.4896552,0.3678565,0.5439457,0.520545
173,0.59723794,0.59890175,0.5201133,0.29980522,0.35083047,0.35122168,0.34352288,0.29470056,0.4831908,0.39930263,0.53160983,0.47308487
174,0.5902224,0.61684453,0.5379705,0.291792,0.34171602,0.30139118,0.31900287,0.29736573,0.50588167,0.43883252,0.52628356,0.5358542
175,0.6628538,0.5405825,0.559261,0.29575965,0.33933923,0.3610021,0.3536067,0.31845042,0.5012308,0.38868418,0.5561803,0.5106598
176,0.5965071,0.6022604,0.5242105,0.2908372,0.34469876,0.35883176,0.31505632,0.28545928,0.5234562,0.41221154,0.51327884,0.55991185
177,0.6917661,0.630228,0.533025,0.2874401,0.37218997,0.4110845,0.36274424,0.28242525,0.5062676,0.41718024,0.49927476,0.4957376
178,0.6212104,0.59710956,0.49955156,0.2891563,0.34537917,0.32798654,0.3205104,0.2792712,0.5162987,0.449372,0.5103118,0.5259625
179,0.7030906,0.621002,0.5011968,0.29186183,0.3640507,0.33704522,0.36117557,0.2974107,0.47744974,0.38347617,0.52086437,0.4790109
180,0.68387645,0.5743846,0.50445974,0.28328997,0.34451365,0.3748878,0.34607357,0.27548873,0.5342708,0.45715907,0.5135898,0.5641007
181,0.5583412,0.5943028,0.5022785,0.29182434,0.34952453,0.3818774,0.3449701,0.29164684,0.48647657,0.41898796,0.5409605,0.54557484
182,0.69925994,0.66211075,0.5188733,0.28256887,0.37115937,0.33546036,0.3407737,0.2968989,0.55054593,0.4447376,0.50269735,0.69172275
183,0.5116801,0.5616976,0.48623806,0.28220516,0.3508848,0.33320257,0.3198842,0.3587073,0.5738821,0.48360032,0.5815271,0.6026452
184,0.734888,0.63775617,0.48523068,0.30105287,0.34660065,0.34739488,0.3350057,0.29803166,0.48835188,0.4173876,0.51903564,0.53159875
185,0.62863976,0.6196414,0.5176168,0.29482767,0.379344,0.36080942,0.3510565,0.2794483,0.48749125,0.3877807,0.52200544,0.5684177
186,0.67064977,0.5851492,0.5260103,0.28913006,0.35398176,0.39873278,0.35581836,0.30561805,0.49532548,0.3991008,0.5375661,0.46408802
187,0.6788723,0.6158907,0.53429884,0.28440067,0.35606545,0.37911978,0.3530217,0.2829313,0.5143549,0.4055657,0.50768185,0.5380178
188,0.6422024,0.5987577,0.5459609,0.31072757,0.35576522,0.35131887,0.3261364,0.27539667,0.52773875,0.42064136,0.50102586,0.46613723
189,0.6569023,0.59410214,0.53386337,0.29417017,0.3565664,0.35127446,0.3040451,0.28607047,0.47683764,0.43182647,0.4929714,0.5347018
190,0.6847023,0.5817732,0.51308763,0.29570526,0.3513081,0.34716877,0.3425661,0.29607847,0.46505475,0.37249783,0.53585774,0.53920555
191,0.5873302,0.56825376,0.5331508,0.29356986,0.34276506,0.37607297,0.32681865,0.2765727,0.5168174,0.46243507,0.5312522,0.58731014
192,0.6365307,0.5689802,0.5094455,0.28978807,0.37239018,0.3629005,0.3223685,0.28617847,0.48532018,0.42482978,0.5208139,0.5593372
193,0.63762,0.6047658,0.5063818,0.27531305,0.38348857,0.37802473,0.36354178,0.30011752,0.4556922,0.34966353,0.5228487,0.52185595
194,0.49243814,0.5898189,0.5151762,0.29366627,0.32858536,0.33678833,0.27933216,0.29909912,0.59125704,0.5095637,0.5193795,0.57006145
195,0.5582537,0.62111837,0.5078946,0.30035758,0.39472532,0.35212308,0.32018256,0.3348159,0.45686126,0.39011443,0.544943,0.5826116
196,0.65610087,0.6195248,0.51661754,0.2843032,0.35626718,0.3699003,0.36327422,0.30642265,0.5659132,0.47419322,0.52140635,0.5755627
197,0.6076497,0.5774501,0.47661614,0.28056425,0.34993875,0.37717244,0.3273747,0.29355726,0.5815988,0.47412926,0.5290476,0.5584937
198,0.6747351,0.63505125,0.5153056,0.29448345,0.36806813,0.39197677,0.39065254,0.33314797,0.4796973,0.3959535,0.54340637,0.5848747
199,0.6737448,0.5767943,0.5481454,0.29596648,0.3659479,0.36404383,0.35643703,0.28825405,0.5961437,0.54112273,0.51037824,0.607501
200,0.63642484,0.5459295,0.48566318,0.28462884,0.3447856,0.36767548,0.3614502,0.30872372,0.50209236,0.38600317,0.54976743,0.58141446
201,0.6315576,0.52968305,0.51324964,0.28945312,0.33463308,0.36001846,0.3319005,0.29309732,0.6222962,0.4997821,0.5316585,0.59635437
202,0.6313568,0.5290577,0.4825517,0.2886018,0.33855885,0.3650582,0.33831394,0.28908437,0.51941216,0.45534104,0.559182,0.58063245
203,0.62576336,0.61746275,0.52321774,0.29189914,0.3629697,0.33750606,0.30527478,0.28183308,0.54059273,0.44804236,0.49981797,0.5872366
204,0.6444366,0.58323884,0.5086909,0.28479064,0.36158502,0.37012935,0.32926875,0.2800128,0.61311144,0.48178384,0.52952033,0.5566876
205,0.68052965,0.6164866,0.47015956,0.27797002,0.33916637,0.3471131,0.33155942,0.31300005,0.6172231,0.5473599,0.54523456,0.5854016
206,0.5293463,0.55523854,0.49571636,0.2957189,0.33681226,0.3287504,0.2855517,0.29989883,0.6606569,0.6287386,0.53434986,0.5599693
207,0.56309754,0.5704353,0.5298312,0.29395056,0.33711153,0.33738106,0.28591204,0.2842739,0.5487631,0.45552322,0.50794125,0.5451071
208,0.6756784,0.618456,0.5021508,0.27536803,0.4003218,0.36175105,0.31030095,0.29065087,0.48637295,0.40254608,0.5100285,0.5694222
209,0.63621956,0.58860946,0.5204973,0.29788736,0.3389461,0.35311645,0.33092332,0.3046995,0.47345394,0.37306684,0.52024525,0.6024069
210,0.60883445,0.57892525,0.5077845,0.28664643,0.36477584,0.37752762,0.32190114,0.29424965,0.49117762,0.39176917,0.53542566,0.52545446
211,0.63320595,0.62210745,0.524311,0.28860974,0.32998765,0.3680718,0.3244573,0.29799354,0.5154618,0.41651094,0.53670084,0.6006916
212,0.6419246,0.5790929,0.47837555,0.2784436,0.34505793,0.37263957,0.36977828,0.30894464,0.5248555,0.40767628,0.5385113,0.6056478
213,0.66901433,0.5814189,0.5328992,0.30111805,0.35234585,0.36943614,0.37542838,0.32359368,0.54971164,0.43579504,0.53280425,0.57784855
214,0.56556165,0.57814765,0.507395,0.28502026,0.31493744,0.35469067,0.33188623,0.3204697,0.50378513,0.37986225,0.54894733,0.56827885
215,0.6218334,0.52720386,0.51492554,0.28581324,0.33291683,0.36055616,0.31863278,0.27540597,0.5243546,0.44375017,0.51943123,0.5675775
216,0.5990456,0.58722985,0.49017444,0.2756375,0.36212173,0.34605193,0.31640565,0.29753503,0.66335016,0.5902796,0.53611904,0.59464806
217,0.7508,0.527022,0.48841926,0.29430613,0.3480742,0.3635395,0.31826416,0.28637695,0.5730921,0.49279296,0.5298345,0.568297
218,0.7632305,0.6018923,0.49960825,0.28134498,0.3463645,0.3503304,0.3268737,0.26803976,0.58237505,0.47020456,0.48975903,0.5782961
219,0.6149245,0.59026784,0.49650565,0.28299066,0.3374204,0.35984033,0.33088958,0.29608175,0.60074806,0.52093303,0.53731614,0.5324208
220,0.59433985,0.51307374,0.51207274,0.28736973,0.3416748,0.3479655,0.3233789,0.32238975,0.6926753,0.5849892,0.53296095,0.5841432
221,0.62262934,0.57457197,0.50240046,0.28469208,0.3411489,0.35930422,0.33182138,0.2851818,0.47170347,0.4254357,0.5342805,0.5763004
222,0.6397166,0.5750092,0.5054123,0.30920064,0.34944686,0.32963303,0.33875754,0.2929605,0.50556356,0.47302914,0.5176562,0.52160054
223,0.6820914,0.6187756,0.48472062,0.2987313,0.3346813,0.34140995,0.30909395,0.2898341,0.5369175,0.44417828,0.51774126,0.60126275
224,0.66463965,0.55861276,0.49192762,0.2837809,0.35358992,0.3795788,0.34245265,0.2943012,0.5110115,0.4275811,0.54381675,0.52735037
225,0.6420566,0.5906362,0.5180193,0.288796,0.35399598,0.36607718,0.3255091,0.27395618,0.5872359,0.45770687,0.513574,0.5813891
226,0.69121486,0.61509174,0.5143541,0.2754637,0.3659946,0.368616,0.33243996,0.2940369,0.5620903,0.51382834,0.52182394,0.5800668
227,0.6648071,0.5851698,0.5150236,0.28549066,0.35466525,0.36151686,0.32944718,0.29796362,0.5719785,0.45913658,0.52388436,0.6074874
228,0.63513464,0.5511181,0.49857646,0.289711,0.31625167,0.35597056,0.32569274,0.2655092,0.6129763,0.5382694,0.48080412,0.6236408
229,0.6022482,0.59348154,0.50671345,0.290878,0.34787652,0.324705,0.32976064,0.31450185,0.57965255,0.44695926,0.53779894,0.55811566
230,0.62681335,0.5700434,0.5188756,0.30282694,0.3560464,0.35966513,0.3450651,0.29544193,0.5220962,0.4310499,0.51639074,0.57338405
231,0.6221333,0.59468657,0.5247879,0.28954464,0.34083927,0.36630958,0.34735024,0.30210468,0.59163946,0.47106692,0.5280926,0.5787143
232,0.5830921,0.5704786,0.50834894,0.28927457,0.33497283,0.3633612,0.32416314,0.29614225,0.57134515,0.4477219,0.52100974,0.6093896
233,0.60724527,0.6015368,0.48975432,0.28385854,0.34168497,0.3318933,0.33062598,0.28442416,0.56115407,0.44337803,0.532063,0.5188301
234,0.590305,0.608629,0.5021244,0.2805707,0.3631928,0.34340712,0.3116636,0.30130073,0.52806145,0.40450054,0.5302417,0.6072043
235,0.64825916,0.6183273,0.5014533,0.2846621,0.3688463,0.37383536,0.33612415,0.2938893,0.6629952,0.57658345,0.5195264,0.54648775
236,0.66158676,0.57592535,0.4890478,0.2888049,0.3591765,0.35495484,0.32045907,0.33374342,0.5235389,0.42290753,0.56494236,0.55803835
237,0.62226427,0.6596425,0.5042831,0.29032493,0.34821847,0.35915226,0.34060508,0.27199104,0.51720446,0.4353485,0.5034704,0.607104
238,0.63881075,0.59175026,0.50047374,0.30548713,0.3480568,0.3420002,0.31036058,0.30083448,0.6166192,0.4933587,0.5411317,0.55567026
239,0.7056045,0.6181072,0.5193209,0.2986967,0.33992404,0.36808696,0.35557118,0.27822104,0.46206725,0.40425864,0.4931791,0.5640863
240,0.69880724,0.59004366,0.49873915,0.28812662,0.36244455,0.38786274,0.3552283,0.29307124,0.5218843,0.3984683,0.5174513,0.5990054
241,0.5252201,0.6793607,0.48403972,0.29144242,0.33470762,0.3232923,0.28849763,0.28531578,0.49991518,0.44082984,0.5288826,0.56127906
242,0.5877055,0.57037383,0.4932966,0.295397,0.32866177,0.34640196,0.3145578,0.29104015,0.54306537,0.4450467,0.51296836,0.68553084
243,0.5875388,0.6229604,0.47934473,0.27922273,0.33816406,0.34416065,0.3418157,0.30316424,0.5432604,0.43950105,0.5226662,0.5330337
244,0.57351476,0.59626824,0.49581674,0.2997454,0.3085694,0.35363063,0.33882916,0.32807025,0.5038357,0.39939657,0.54960144,0.5626613
245,0.6703389,0.737699,0.46861443,0.28216365,0.31874803,0.32679057,0.3548669,0.3286034,0.47232565,0.3983973,0.5452674,0.57295597
246,0.7876445,0.68276465,0.488626,0.28970468,0.35318726,0.36541176,0.39050472,0.33686754,0.45250747,0.33537614,0.5557943,0.54184073
247,0.64864814,0.52977276,0.5178714,0.2840582,0.30840635,0.3265946,0.33326578,0.3084156,0.5113144,0.44413134,0.5401572,0.5239515
248,0.6486141,0.5559969,0.50329024,0.30248734,0.3157093,0.34813195,0.3060635,0.27437922,0.5441868,0.45972705,0.5049744,0.63332593
249,0.80137974,0.6308227,0.527955,0.28801888,0.35101488,0.3837067,0.36574388,0.31627658,0.44773588,0.34583327,0.51793456,0.54242146
250,0.63982356,0.63246095,0.5004704,0.2912076,0.31347236,0.33584133,0.33445492,0.29264197,0.58198994,0.47418535,0.50328034,0.56528556
251,0.64136535,0.5195698,0.48924738,0.29060325,0.3354933,0.3399674,0.31903028,0.27586365,0.6306341,0.48725334,0.4984065,0.59065455
252,0.75868493,0.61532336,0.49037677,0.28843835,0.3056688,0.30753136,0.31393364,0.30417895,0.52032316,0.4431063,0.50803214,0.6627707
253,0.5669745,0.62851185,0.48034534,0.3042032,0.29918176,0.31000602,0.30337948,0.28754056,0.66000754,0.54182506,0.49076644,0.62345415
254,0.58839583,0.5485478,0.5188453,0.28881082,0.30511257,0.316478,0.2811107,0.29290602,0.5305596,0.441984,0.51294404,0.5808859
255,0.7748301,0.6686753,0.4940834,0.295155,0.30924666,0.37244827,0.3552386,0.28228757,0.47877902,0.362569,0.51395077,0.6432424
256,0.664221,0.6236246,0.51568526,0.28518406,0.32384342,0.35165152,0.3396185,0.28974885,0.5475686,0.42884853,0.5235436,0.5522891
257,0.663135,0.66537184,0.52879894,0.29460046,0.32369825,0.36644742,0.33068582,0.27427968,0.48301914,0.40425304,0.48778212,0.5746968
258,0.6152476,0.6120482,0.50438243,0.28008798,0.3167904,0.35050726,0.31662798,0.2939698,0.5323437,0.43180078,0.5038399,0.5929544
259,0.602851,0.5877678,0.51997715,0.28347665,0.29119533,0.35407937,0.30778924,0.28488037,0.55229205,0.4843154,0.51684177,0.59766877
260,0.74782604,0.6170234,0.5245667,0.29761535,0.3184619,0.34046677,0.3161177,0.29926223,0.4895297,0.40111688,0.5278755,0.52358276
261,0.5802106,0.53281784,0.50394434,0.28285795,0.4206179,0.33948672,0.27794728,0.31655267,0.6006437,0.5080221,0.55856985,0.63315624
262,0.6254807,0.51198006,0.48796123,0.29513213,0.43413645,0.31544286,0.3004389,0.36054277,0.5512026,0.46981972,0.5887241,0.6221684
263,0.6245115,0.55791,0.46553046,0.29487276,0.44712818,0.3196535,0.30207986,0.313967,0.7468335,0.717473,0.5388359,0.7038554
264,0.6305387,0.6222083,0.47778144,0.2771737,0.45481333,0.32028344,0.327724,0.38743767,0.5516633,0.47389123,0.611969,0.63299394
265,0.69582474,0.6092781,0.49270487,0.28606793,0.4449883,0.34848222,0.35041523,0.35029185,0.5903042,0.531506,0.575194,0.63410187
266,0.63802934,0.59870785,0.47937438,0.2718302,0.44520435,0.37148526,0.34390047,0.31379682,0.6673844,0.6140162,0.5576284,0.5724199
267,0.59808147,0.51657724,0.48176554,0.28677672,0.4464915,0.3444675,0.33348,0.33425698,0.6669005,0.613894,0.5808566,0.5764639
268,0.6302657,0.5622393,0.5080787,0.28367648,0.44040573,0.32957742,0.29751414,0.3236424,0.66324747,0.6408669,0.5638891,0.71098024
269,0.46622697,0.5308251,0.5287755,0.3084303,0.43227488,0.3027757,0.29647738,0.3265399,0.70970225,0.6204135,0.5597039,0.7049796
270,0.6884126,0.5511767,0.52105397,0.3007057,0.44667244,0.32196575,0.29908106,0.3156819,0.7013122,0.63513476,0.54653543,0.7319171
271,0.6465733,0.6509037,0.47843295,0.2769807,0.45466945,0.3119082,0.3162108,0.3714294,0.6908974,0.61720747,0.5921046,0.72934514
272,0.6074231,0.5689409,0.4948533,0.28813022,0.4701878,0.32552132,0.30978757,0.31775534,0.67188895,0.6077324,0.54202825,0.73520184
273,0.7279321,0.6739429,0.45014718,0.2837069,0.4467106,0.318791,0.34717602,0.33056128,0.64629936,0.5954925,0.5630874,0.7505626
274,0.6490539,0.59487677,0.43802303,0.2845499,0.46590683,0.33040565,0.3759236,0.37823904,0.5943846,0.530771,0.611331,0.6739051
275,0.76864487,0.6095604,0.5032606,0.30554977,0.44959787,0.34180537,0.29454428,0.3027834,0.69574726,0.6353751,0.5374426,0.7182542
276,0.6489754,0.60137033,0.46100852,0.2722185,0.45414698,0.30752727,0.3027843,0.3690848,0.70293987,0.65661514,0.56407416,0.7510682
277,0.6350618,0.54945767,0.48292536,0.2956211,0.4700791,0.33306193,0.31825736,0.31163034,0.6755537,0.64018714,0.53722423,0.711757
278,0.51961803,0.63697666,0.47761032,0.28093228,0.44788453,0.3455081,0.32580176,0.3216227,0.63859904,0.5731979,0.5541586,0.68627185
279,0.6555293,0.6530773,0.47944784,0.291334,0.46563902,0.31959552,0.34288877,0.32290035,0.6480033,0.5532842,0.5102759,0.6762767
280,0.7283187,0.6245021,0.46669698,0.2908487,0.46286568,0.33329216,0.34905756,0.3135034,0.6397105,0.51805335,0.5509047,0.53507596
281,0.6511569,0.6612541,0.44197392,0.28877488,0.43887097,0.31276324,0.31692454,0.2872974,0.6253417,0.5225982,0.50018936,0.58942384
282,0.6055683,0.5857394,0.47342008,0.28825575,0.4606345,0.31193206,0.30311513,0.281706,0.6443116,0.52138793,0.4958679,0.59219885
283,0.69417304,0.6676394,0.46307975,0.2853339,0.45666006,0.31753376,0.33291107,0.30231866,0.5801855,0.4857561,0.49618414,0.63002855
284,0.6708464,0.6279167,0.45858118,0.27513334,0.45305324,0.33837053,0.35123762,0.2901882,0.5992702,0.49544343,0.51698095,0.59953004
285,0.6291717,0.5677758,0.4799461,0.27931747,0.44721994,0.33966917,0.33883092,0.319217,0.6799126,0.60373664,0.534002,0.637674
286,0.77693063,0.59685063,0.48514703,0.28624704,0.43874645,0.33819038,0.33438087,0.3053373,0.5797472,0.43551192,0.5104457,0.6329858
287,0.6180538,0.5826992,0.50498533,0.2798097,0.44636723,0.31571195,0.34642038,0.29867294,0.6246733,0.5253015,0.5019788,0.6357127
288,0.5769153,0.5972655,0.50926095,0.28252068,0.46183228,0.3204649,0.31567833,0.33237374,0.60209244,0.47400367,0.55416656,0.6857614
289,0.55082476,0.5607745,0.44258305,0.28093478,0.44094974,0.36686745,0.32875496,0.28627244,0.64959866,0.5550197,0.52031636,0.58447605
290,0.68997467,0.6131232,0.4946024,0.29431027,0.4457247,0.3083739,0.2833949,0.2902503,0.5843655,0.45577645,0.49906483,0.6095521
291,0.63938963,0.6257611,0.47708014,0.29596534,0.4522517,0.32551777,0.34756213,0.2966153,0.6189073,0.5087288,0.5092133,0.6456684
292,0.6047537,0.5922423,0.49903953,0.2829017,0.44245413,0.31277868,0.32665172,0.30670652,0.53147984,0.43896732,0.50380653,0.6785077
293,0.67760396,0.7667237,0.4753005,0.30014452,0.45667493,0.3069799,0.36275288,0.34379658,0.56863326,0.48575398,0.54710066,0.6058495
294,0.6255692,0.78419065,0.4967336,0.29619488,0.47008747,0.30824545,0.30325738,0.28998286,0.6124847,0.5022659,0.5088186,0.57014203
295,0.6271132,0.7205232,0.42514277,0.2823004,0.45638415,0.3605512,0.35033882,0.3432842,0.60616624,0.4610792,0.5586831,0.5818651
296,0.66748315,0.75553423,0.51909304,0.28222567,0.4476244,0.30424654,0.29680538,0.2890862,0.58854157,0.47795466,0.4911512,0.5672859
297,0.6377638,0.78793824,0.50080657,0.2757601,0.4643944,0.3416121,0.3272753,0.28080937,0.5951263,0.45862305,0.48025283,0.6165387
298,0.6046949,0.7630066,0.51216614,0.28702173,0.45034415,0.34196222,0.2984133,0.29895744,0.48549488,0.43266815,0.49683547,0.5524123
299,0.6645306,0.74163014,0.5291659,0.2871011,0.41168398,0.37153712,0.2974619,0.29682308,0.50950897,0.44483432,0.51351655,0.5391622
300,0.56783265,0.7002285,0.5444455,0.30131754,0.42438343,0.3386243,0.30408546,0.29965737,0.52329206,0.4328508,0.52858484,0.5640936
301,0.60822785,0.7462955,0.51284873,0.28324217,0.45084056,0.3821762,0.3428871,0.30887073,0.5312767,0.38898373,0.54057044,0.56673616
302,0.5725366,0.7062482,0.54551935,0.29178077,0.4399977,0.34520343,0.3014116,0.29582888,0.47133344,0.41415033,0.50471526,0.54634506
303,0.5275431,0.73891443,0.54273903,0.29948717,0.44569045,0.33279246,0.2865828,0.29252267,0.57213384,0.49036634,0.54837316,0.6127588
304,0.5691896,0.7002361,0.49623817,0.28235307,0.3439561,0.3483798,0.28353846,0.28454477,0.5594975,0.44694716,0.5143885,0.6989614
305,0.6623328,0.77067685,0.52258414,0.2949048,0.36804378,0.3667964,0.3462821,0.29295918,0.5071139,0.40063408,0.52482945,0.57995754
306,0.57450783,0.752183,0.5145812,0.29582977,0.32579666,0.32883635,0.32036552,0.27457613,0.5013713,0.4393791,0.50422925,0.6354233
307,0.69981015,0.74863267,0.50918937,0.28706986,0.35998097,0.33022687,0.29542154,0.2911053,0.54971874,0.4546962,0.5306261,0.62501556
308,0.7042495,0.74419814,0.5304277,0.29289326,0.36463594,0.36599556,0.3222719,0.26776388,0.5169339,0.4214615,0.5034502,0.6169558
309,0.7726653,0.79778194,0.53603107,0.30678526,0.3335426,0.33206692,0.33926573,0.28105506,0.5090417,0.39333478,0.50823116,0.5931917
310,0.6280519,0.76896757,0.5282375,0.31387204,0.34033754,0.3351212,0.33478713,0.29088682,0.5098444,0.4417223,0.5346245,0.6380698
311,0.7315166,0.7738621,0.5498429,0.29412484,0.32302,0.34794208,0.30750492,0.2789262,0.5414239,0.49127847,0.48283538,0.62564015
312,0.6571781,0.71711135,0.5421385,0.29187325,0.36341023,0.3668971,0.3207003,0.28817555,0.4945884,0.37570307,0.505049,0.659679
313,0.6179049,0.7311345,0.53811175,0.2960045,0.3543391,0.34470388,0.3115356,0.2906159,0.5853005,0.48765567,0.53085095,0.58928573
314,0.6324632,0.7812244,0.51831245,0.2890533,0.35903415,0.36151826,0.34712008,0.29746315,0.47691628,0.37076527,0.51893246,0.6068691
315,0.6720598,0.75629467,0.51010084,0.27130118,0.38212308,0.37305576,0.3514077,0.3004863,0.46309572,0.38552025,0.5167616,0.62129325
316,0.5933914,0.7287474,0.53247535,0.2911978,0.34231392,0.37099123,0.32376418,0.28890896,0.5163411,0.38499993,0.4987739,0.556774
317,0.62021166,0.77258646,0.51595616,0.28451133,0.33226964,0.309542,0.30001378,0.29099742,0.5710938,0.4856006,0.509343,0.69788915
318,0.7013296,0.7044763,0.53818214,0.27763498,0.37227198,0.33929524,0.2935273,0.2964543,0.5668722,0.46801254,0.47004813,0.66856474
319,0.6772711,0.7842483,0.54734975,0.28602397,0.35080168,0.33541164,0.35831806,0.30383044,0.5212601,0.40060413,0.5236438,0.5969146
320,0.6042294,0.7485114,0.52606267,0.30635995,0.3579706,0.37699962,0.3673176,0.2928331,0.47729746,0.37318614,0.501998,0.5429841
321,0.58430827,0.774419,0.52941847,0.289474,0.3733884,0.32343698,0.30235234,0.28746134,0.5229827,0.44182202,0.5124411,0.58042395
322,0.5696708,0.8113636,0.48831928,0.26504797,0.37853473,0.32613885,0.28912625,0.2792564,0.63640654,0.6044248,0.51186997,0.70002645
323,0.5003587,0.7672809,0.5119322,0.3004287,0.4625785,0.33058202,0.2802159,0.3184667,0.60366243,0.5345591,0.55102295,0.5919521
324,0.64570236,0.7665247,0.51344913,0.2848695,0.474834,0.34416986,0.31722125,0.30681288,0.4813573,0.39988244,0.50479484,0.651737
325,0.6910427,0.76925516,0.51854247,0.2918886,0.4366932,0.319057,0.29433316,0.2968724,0.52172136,0.4025384,0.49406275,0.65343285
326,0.64364123,0.8058685,0.45535251,0.27067307,0.44744545,0.35791966,0.33268592,0.2877994,0.51298296,0.39989352,0.50165355,0.66838217
327,0.5884418,0.8022114,0.46979684,0.29913172,0.46940848,0.35159025,0.30622694,0.292961,0.55121696,0.45058352,0.5319684,0.66851497
328,0.57875556,0.7804846,0.4645865,0.27620777,0.45405865,0.33925533,0.2927943,0.28779206,0.5560762,0.5102605,0.5142567,0.701811
329,0.6062784,0.82983804,0.50767845,0.28656644,0.4478644,0.3167937,0.32113814,0.2957693,0.5520658,0.46049243,0.5217722,0.495965
330,0.5143298,0.80712616,0.4816424,0.29720834,0.4495786,0.33117276,0.2927186,0.29689124,0.64067817,0.5164365,0.5293965,0.62635416
331,0.5753296,0.7885465,0.49811518,0.28859034,0.4432872,0.3362848,0.2883786,0.28154027,0.55690366,0.48313868,0.51719105,0.53370225
332,0.60043675,0.7871474,0.49342692,0.28794417,0.44079658,0.3515271,0.3336528,0.30391288,0.63338494,0.5022301,0.5442846,0.5610143
333,0.553642,0.7421502,0.50638235,0.29549894,0.44814998,0.35872084,0.31558827,0.27876332,0.5448409,0.42876378,0.4978432,0.52224904
334,0.57984537,0.7643663,0.47784692,0.2949018,0.4256558,0.32223403,0.28841856,0.2917109,0.6110624,0.4782514,0.52761024,0.5377827
335,0.5968628,0.76422477,0.50127584,0.27682972,0.43863603,0.358963,0.30981916,0.26839435,0.5600371,0.4560462,0.5021863,0.5191497
336,0.55316937,0.7573932,0.48231483,0.2873372,0.4362342,0.32244736,0.28743112,0.2884095,0.60576534,0.47296518,0.5037796,0.58888155
337,0.6916354,0.84548247,0.55436087,0.29842395,0.46429145,0.34785464,0.36176935,0.287335,0.46175072,0.37757903,0.5168456,0.5464568
338,0.54375345,0.82693243,0.5127915,0.29157087,0.42976725,0.31880343,0.3160896,0.37279204,0.53586763,0.4369204,0.58623093,0.52454233
339,0.6074915,0.784076,0.50559807,0.29009685,0.44469395,0.3412721,0.30411723,0.28557673,0.494312,0.4098647,0.49731112,0.5946901
340,0.5639059,0.8159322,0.49181712,0.29396093,0.44418934,0.31892017,0.2889359,0.28495392,0.57472515,0.44247547,0.4956092,0.51219946
341,0.6940816,0.7998526,0.48087806,0.2758025,0.45188344,0.35618395,0.30913916,0.3001188,0.51661146,0.44566035,0.5348606,0.58580256
342,0.58681375,0.8087502,0.4657305,0.2792687,0.43790647,0.29071075,0.2936648,0.29542145,0.6880144,0.6702359,0.5003996,0.6410848
343,0.83301216,0.73671335,0.48147196,0.28115457,0.44627044,0.32545114,0.27965343,0.26263806,0.6622063,0.61463684,0.4863087,0.56949776
344,0.7025764,0.6014531,0.47852528,0.27628195,0.454787,0.33343396,0.32431996,0.39025953,0.6297012,0.5538859,0.6299616,0.600498
345,0.7185526,0.5846908,0.4894708,0.29075715,0.47273955,0.3323191,0.33644333,0.33412716,0.70555425,0.62252754,0.5585578,0.55384433
346,0.77605087,0.84864175,0.46218947,0.27905503,0.45626915,0.3459733,0.3326829,0.35923094,0.63746667,0.5400714,0.56981695,0.5133936
347,0.7749228,0.74706256,0.49481088,0.28645912,0.45825598,0.33628824,0.3387843,0.28398302,0.6147981,0.5095774,0.5301734,0.53286386
348,0.70179266,0.86871505,0.4932579,0.28409305,0.4530937,0.35277575,0.31677648,0.29465967,0.5733136,0.45990315,0.53674984,0.6653625
349,0.7463838,0.8401342,0.48272437,0.29271308,0.43530467,0.33708704,0.36569166,0.30558994,0.60353106,0.47429428,0.5345991,0.5594441
350,0.6926582,0.8167396,0.46993804,0.29615057,0.43505087,0.3117733,0.302545,0.34343496,0.5745193,0.5521813,0.55969,0.6993065
351,0.64667606,1.0488328,0.5148427,0.29718688,0.46038705,0.30707344,0.30269676,0.283349,0.5586502,0.46443316,0.49504042,0.73319787
352,0.7728451,0.80177885,0.50253785,0.29117224,0.4437615,0.33222634,0.31068006,0.28213072,0.661784,0.609066,0.520184,0.6731925
353,0.79043746,0.79699045,0.49175915,0.2849758,0.45103404,0.33163175,0.32359964,0.28815746,0.67192054,0.6207078,0.51295954,0.653061
354,0.7667844,0.8421194,0.45081317,0.28753805,0.45582554,0.3302121,0.34663647,0.3268689,0.61795694,0.5411401,0.54632616,0.63498455
355,0.7031508,0.71615416,0.5099832,0.29821932,0.45188525,0.29537803,0.3027376,0.29214096,0.63008213,0.5279551,0.508309,0.654351
356,0.77786964,0.6367453,0.48912576,0.28725842,0.4423047,0.33374307,0.33517298,0.28545952,0.52047104,0.4535515,0.50142,0.65313876
357,0.78669816,0.75111103,0.4969108,0.281112,0.42752695,0.34361905,0.31230903,0.28528723,0.5209215,0.42203382,0.51402116,0.6951052
358,0.6993061,0.7192895,0.48059887,0.288402,0.46695012,0.3516113,0.34112602,0.3378513,0.5907643,0.536706,0.5772135,0.66571176
359,0.7071588,0.7760631,0.5164942,0.27656677,0.46003684,0.31462547,0.2896083,0.3155459,0.67191184,0.6080244,0.53012365,0.663814
360,0.75351036,0.8040702,0.5134647,0.2751477,0.43614903,0.35517716,0.3049428,0.29428238,0.6267298,0.54543877,0.5226774,0.64333147
361,0.70769054,0.7140047,0.5036882,0.27984828,0.4459733,0.32024044,0.32019913,0.29522923,0.5231004,0.4793701,0.52491564,0.65358347
362,0.64900804,0.7537984,0.5210846,0.28531605,0.4443705,0.36023656,0.2853596,0.28959963,0.5666309,0.5151324,0.5204146,0.6480151
363,0.58563775,0.8380434,0.47095507,0.28549215,0.44021872,0.32684308,0.28875273,0.31120855,0.5996678,0.52203095,0.5338209,0.6722663
364,0.5825277,0.8423134,0.47044447,0.27096003,0.45593962,0.36202875,0.29131463,0.32339433,0.6131037,0.5328708,0.5490934,0.6743157
365,0.6507943,0.88167554,0.4453246,0.29051453,0.45479205,0.3632323,0.3356513,0.32927835,0.55944204,0.4678713,0.58637923,0.68912387
366,0.53651667,0.8673567,0.48418924,0.28688958,0.43510783,0.32584208,0.31670666,0.36268908,0.57644576,0.52235925,0.5882962,0.6580604
367,0.58812857,0.82715094,0.4825659,0.28705418,0.44078666,0.3231766,0.29829687,0.3585964,0.6159299,0.55673486,0.5745999,0.6535837
368,0.6739488,0.8611816,0.51233804,0.2846283,0.44387257,0.31929094,0.30425465,0.29661542,0.5407561,0.46202618,0.5061341,0.6061041
369,0.78863627,0.83253545,0.48712754,0.2914476,0.44349715,0.32253647,0.36483467,0.31898126,0.5130612,0.42703965,0.5417179,0.64730775
370,0.65588194,0.885389,0.45871094,0.28491285,0.45069087,0.33855045,0.37654278,0.34848592,0.5456867,0.43162644,0.58452016,0.59973115
371,0.66575134,0.83071107,0.46827492,0.28324458,0.47319606,0.34460965,0.31671014,0.31928986,0.53521895,0.45699075,0.5373113,0.6644629
372,0.6508656,0.8633878,0.4675265,0.28652796,0.4691275,0.31535277,0.3355955,0.32167643,0.59781563,0.50870794,0.5274943,0.6526851
373,0.6229538,0.8018685,0.4921911,0.28531212,0.46654353,0.30967525,0.32406262,0.30296424,0.58543694,0.49097767,0.52762353,0.6111766
374,0.63140565,0.79320663,0.48983252,0.28936845,0.4457918,0.32675135,0.3600506,0.33754995,0.48885754,0.42889234,0.5399962,0.634927
375,0.6390239,0.80884796,0.47336078,0.29744908,0.4591859,0.35327384,0.35534126,0.31391218,0.6230402,0.56464916,0.54544806,0.60501385
376,0.5623245,0.67687696,0.5206054,0.2960884,0.43067324,0.34456244,0.30316284,0.3087394,0.6063967,0.5549316,0.53723973,0.6541654
377,0.5553504,0.750968,0.4853311,0.28997692,0.41831347,0.32408223,0.29268557,0.2960533,0.59576756,0.5394133,0.5125219,0.59260666
378,0.5984898,0.69249487,0.49098116,0.28060663,0.4483429,0.33064047,0.29922974,0.3367138,0.63292915,0.5648467,0.55834997,0.5848597
379,0.67512184,0.80697,0.5203197,0.2822877,0.43445855,0.34045658,0.31185967,0.31588104,0.5120782,0.41676307,0.538419,0.60140973
380,0.603103,0.72257894,0.50544155,0.2923787,0.45864308,0.31752527,0.28571573,0.30196598,0.52426344,0.43910187,0.5132727,0.61752564
381,0.61306596,0.764001,0.5195704,0.29755387,0.46069384,0.3470455,0.31380758,0.27225247,0.45408586,0.3923257,0.49609774,0.5664804
382,0.53705025,0.7403076,0.5163175,0.28535536,0.43420544,0.3253995,0.29355004,0.29948476,0.5528247,0.44086924,0.52523476,0.71240556
383,0.5712242,0.70910555,0.53236187,0.2832347,0.43932387,0.33641967,0.2833762,0.27839288,0.55498356,0.4762762,0.4720408,0.62857485
384,0.4920145,0.7530951,0.51727086,0.29191592,0.43866673,0.3241676,0.30867797,0.3140869,0.55339533,0.430037,0.5280335,0.63701695
385,0.6135084,0.81086534,0.4822638,0.28854898,0.4368405,0.33845967,0.28221318,0.281065,0.5303138,0.43210208,0.50083506,0.5832793
386,0.5658639,0.69884706,0.4970597,0.2905783,0.42420566,0.33033934,0.30712512,0.32353574,0.54370064,0.45933646,0.5380696,0.6015691
387,0.55604076,0.6878164,0.5269749,0.29780018,0.43675843,0.33795458,0.31480882,0.27254418,0.4840173,0.47033507,0.5172577,0.55946743
388,0.5200272,0.8174795,0.48402452,0.2863541,0.42901272,0.3442203,0.31001166,0.29490596,0.6374121,0.5230655,0.51791877,0.5800599
389,0.5102488,0.82962084,0.47955292,0.31021777,0.43878365,0.30259234,0.28666145,0.33512303,0.6330587,0.5164094,0.546444,0.5666451
390,0.59906197,0.742332,0.5078182,0.28803968,0.43413228,0.35599104,0.30413836,0.33133513,0.54351115,0.45942935,0.56482625,0.5130807
391,0.52244294,0.7766099,0.5365217,0.2923018,0.42187136,0.3213383,0.27561247,0.30870616,0.5237148,0.44597748,0.5259795,0.522269
392,0.6056865,0.79351133,0.5282267,0.29029325,0.45609063,0.35438067,0.30301332,0.3116603,0.47801858,0.40636915,0.5343223,0.58467394
393,0.61333686,0.7592781,0.54298323,0.30537057,0.3452595,0.3669602,0.33407903,0.2915501,0.5127234,0.4563189,0.5188303,0.5198607
394,0.6401731,0.85669,0.50585294,0.28377992,0.35957977,0.3698459,0.35990936,0.29596832,0.5130742,0.42167935,0.518049,0.60464865
395,0.61831045,0.8242806,0.52314806,0.3034278,0.35304815,0.358065,0.30729723,0.27580082,0.5532964,0.4882962,0.519159,0.48961657
396,0.58370405,0.81221664,0.50768477,0.29944435,0.3531389,0.3539774,0.30755782,0.29407918,0.5558848,0.46810454,0.5141818,0.5375395
397,0.6568465,0.80627954,0.51285064,0.2923142,0.3544154,0.365143,0.31385824,0.27838376,0.4928036,0.40142494,0.51186305,0.5479249
398,0.66689736,0.9009206,0.50042456,0.29128748,0.370446,0.37302613,0.34142807,0.2824833,0.5060598,0.40951997,0.51443577,0.513037
399,0.65449834,0.7503001,0.5101756,0.29208168,0.3727879,0.35471785,0.35926095,0.29602033,0.51555127,0.41056654,0.51711893,0.5269838
400,0.5843691,0.7210356,0.5207354,0.31389314,0.40487328,0.33480006,0.2940304,0.2788784,0.49971014,0.41841692,0.5026967,0.5538128
401,0.59901994,0.77680916,0.5215942,0.2883599,0.33254883,0.35158402,0.31021842,0.29793885,0.478724,0.40382499,0.5018342,0.54290384
402,0.65949464,0.76543415,0.51312786,0.2912661,0.3699939,0.41412792,0.38083124,0.28491175,0.5072184,0.38348082,0.5299087,0.46223167
403,0.58272946,0.7449851,0.5198681,0.29172993,0.38761583,0.38233215,0.3393474,0.294037,0.5171924,0.39830118,0.53379244,0.4549638
404,0.5832242,0.74683684,0.50685173,0.28804427,0.33796942,0.35251635,0.3168858,0.27973494,0.52996105,0.42749932,0.51365066,0.531899
405,0.55533814,0.73304456,0.5024739,0.28829733,0.33774978,0.30955535,0.29436103,0.29369354,0.5959699,0.4828669,0.52496386,0.5678457
406,0.57465476,0.76795113,0.51950836,0.3082859,0.31428316,0.34044892,0.31440508,0.30724916,0.4777917,0.40093386,0.537588,0.52861863
407,0.58549243,0.8748047,0.4934476,0.28806257,0.3334943,0.35163018,0.31232128,0.27803564,0.5070324,0.4091923,0.4923222,0.52780163
408,0.64003056,0.77538806,0.5072751,0.29498047,0.37703255,0.32576904,0.31989273,0.2778227,0.5461655,0.45481506,0.49717999,0.4961987
409,0.555264,0.83164465,0.49385104,0.29435965,0.36364886,0.3647212,0.31392696,0.2960743,0.49237755,0.41073415,0.53263,0.5395405
410,0.5430123,0.75888985,0.50110084,0.29869726,0.33525348,0.35474283,0.31306368,0.28989252,0.5303802,0.40915865,0.5186158,0.51926255
411,0.65868026,0.80677515,0.5235394,0.29427823,0.37265915,0.385778,0.34531188,0.29760244,0.50049525,0.3959415,0.5253164,0.48223805
412,0.6299595,0.7798642,0.49958703,0.29196858,0.35341835,0.34339336,0.3133983,0.29909953,0.5084693,0.42876798,0.5314103,0.46235475
413,0.74300885,0.7818505,0.48200396,0.28039858,0.36499518,0.37592354,0.3542944,0.3064414,0.50696343,0.3893108,0.5373312,0.5316863
414,0.74937236,0.8799518,0.5075984,0.2977699,0.38499683,0.39989546,0.3672998,0.30352774,0.49167988,0.38403937,0.52094823,0.44988078
415,0.63957757,0.7506164,0.5335288,0.28096914,0.37894943,0.37574247,0.32789475,0.30000183,0.46423554,0.37784636,0.5318222,0.5157691
416,0.6044199,0.72801775,0.5058387,0.27980945,0.32863653,0.3591408,0.32748553,0.30520234,0.5206044,0.46290636,0.5498063,0.46585095
417,0.68311405,0.8156411,0.5134698,0.29787248,0.34385195,0.3705527,0.31882265,0.27977914,0.48205793,0.42669472,0.5204111,0.56567526
418,0.69923085,0.79439455,0.5641926,0.30634332,0.35770023,0.32128453,0.3006597,0.28672764,0.49619114,0.4208677,0.52448016,0.5468418
419,0.7533253,0.8042686,0.5286222,0.31761697,0.33330724,0.3525137,0.33215204,0.2828875,0.50613135,0.43735236,0.5132705,0.54360825
420,0.68347937,0.7727896,0.48182887,0.28455037,0.35721016,0.36338878,0.2940955,0.2685194,0.5650489,0.46191737,0.5116274,0.53738064
421,0.6019069,0.7488877,0.5475039,0.29550165,0.31431982,0.33948034,0.30160603,0.29723367,0.53404325,0.443018,0.52144456,0.5468722
422,0.6300398,0.70495635,0.5282845,0.30867893,0.34535745,0.3731821,0.30414703,0.28114596,0.5403558,0.45780185,0.51182234,0.5201881
423,0.67606217,0.74168104,0.52804244,0.29973963,0.3368945,0.34164944,0.31952575,0.3028034,0.52088267,0.4273703,0.5227038,0.5100767
424,0.58388007,0.6904095,0.5128171,0.28280458,0.31021267,0.35807803,0.3303543,0.29520693,0.5275146,0.431924,0.5194653,0.5249945
425,0.6594944,0.772368,0.53872395,0.2983237,0.32165512,0.35308018,0.34147236,0.29621592,0.5100599,0.4139538,0.52006865,0.50758445
426,0.61013734,0.7137634,0.5131072,0.29236776,0.30326533,0.37629163,0.34761944,0.30337566,0.5297158,0.41402668,0.52813625,0.60549015
427,0.58321446,0.9493119,0.4962769,0.28201437,0.29740542,0.33816746,0.3172939,0.27316517,0.52998227,0.42769378,0.49534532,0.60676235
428,0.5281197,0.8230878,0.5145097,0.29204115,0.30191922,0.35561886,0.29259798,0.28699216,0.51889735,0.45374477,0.5283466,0.50830007
429,0.63004464,0.86210096,0.4722384,0.29463103,0.32128692,0.33775973,0.2915273,0.30570334,0.6097692,0.5145699,0.5159459,0.56367624
430,0.6329971,0.7735011,0.51644284,0.2950494,0.34065074,0.3584143,0.3678971,0.30268836,0.51786315,0.44036296,0.5478822,0.50830585
431,0.5943414,0.7812443,0.51019007,0.292362,0.32861134,0.36898333,0.31073305,0.28045708,0.551863,0.4314864,0.5300921,0.52352786
432,0.61046183,0.79735893,0.5073287,0.2836404,0.29064557,0.36821178,0.35187277,0.28260276,0.5838527,0.47668898,0.52494293,0.5309075
433,0.66821796,0.8059137,0.50779575,0.28789866,0.31598422,0.31466174,0.31187952,0.28627145,0.60263515,0.4964487,0.4948503,0.57680845
434,0.60046756,0.8035561,0.5196495,0.28500578,0.31213886,0.3516152,0.36244383,0.30437574,0.48554814,0.40735304,0.5193236,0.5012179
435,0.72447515,0.81953,0.5096737,0.29443592,0.3344393,0.35858548,0.32352984,0.2867286,0.46332842,0.37704504,0.5276482,0.50856936
436,0.58144224,0.8710795,0.5072865,0.29678622,0.31555933,0.37178144,0.33250514,0.30078647,0.48436671,0.4131632,0.5321054,0.4859954
437,0.5684312,0.9222798,0.4692674,0.29393375,0.33736375,0.35952267,0.3505485,0.27785456,0.55046636,0.43301722,0.5144202,0.5746554
438,0.56387,0.7644689,0.47687462,0.28509212,0.30405515,0.32313177,0.29409114,0.296671,0.51970685,0.4129822,0.52613276,0.6151473
439,0.60602194,0.88052535,0.47490978,0.281095,0.32958117,0.33502352,0.31540823,0.30396166,0.5296891,0.40951538,0.52066475,0.51844996
440,0.66125065,0.7546132,0.5000069,0.2808525,0.33224672,0.34551835,0.29879338,0.2914465,0.5296382,0.4281655,0.5058058,0.57683265
441,0.6155261,0.88803405,0.5245559,0.2852257,0.3090521,0.328842,0.31227544,0.2864814,0.52225363,0.45156896,0.4998164,0.59158367
442,0.7050687,0.82907176,0.48970744,0.28011194,0.3360901,0.3564566,0.3431614,0.29664576,0.49488372,0.41282678,0.50437015,0.5349706
443,0.6682423,0.80835205,0.47025955,0.2889397,0.33139732,0.30180278,0.31911212,0.3045477,0.57689404,0.46095175,0.5118052,0.5195797
444,0.6078465,0.81955934,0.5036632,0.28308502,0.29662076,0.35764048,0.30963257,0.28247735,0.59542376,0.5358278,0.5333018,0.4927399
445,0.70122594,0.85403556,0.50695187,0.2825987,0.33420834,0.40520397,0.3637827,0.29181752,0.46983927,0.3994044,0.52330726,0.5832053
446,0.69335616,0.8268596,0.53648,0.28813764,0.3623945,0.36236992,0.3374784,0.31191728,0.47439238,0.39223954,0.5131784,0.5727066
447,0.59655493,0.83688694,0.53175044,0.29799047,0.30744264,0.34202233,0.2997193,0.2920029,0.4785677,0.40484506,0.4974371,0.59777015
448,0.6626093,0.80968267,0.48361173,0.2668016,0.3274385,0.3943914,0.39358294,0.29860166,0.47888532,0.39323938,0.535957,0.53342783
449,0.68562824,0.8526561,0.4945445,0.2988714,0.32125348,0.30769098,0.2946824,0.272536,0.4709248,0.3995893,0.47322577,0.5861787
450,0.7387321,0.8796727,0.47510687,0.2892939,0.33744925,0.37835458,0.36286327,0.32241338,0.43561658,0.3574614,0.54391307,0.5699989
451,0.65272313,0.7885708,0.5045586,0.29418725,0.31294832,0.3375234,0.28867698,0.27666715,0.5152455,0.42374244,0.5053647,0.599428
452,0.61468506,0.8518455,0.50759053,0.2929416,0.3073066,0.35092703,0.34099218,0.30064163,0.48774007,0.3961068,0.52676547,0.51469004
453,0.61740637,0.7894631,0.533216,0.28157204,0.297048,0.33253834,0.2899696,0.28935164,0.53651816,0.46994656,0.51685476,0.49514243
454,0.7174288,0.86689806,0.4831692,0.286521,0.32580227,0.34512764,0.3068313,0.28601912,0.60207313,0.53523856,0.5227238,0.53586257
455,0.6364862,0.8559536,0.4788206,0.2840609,0.33079246,0.32934552,0.2990647,0.27385998,0.60177356,0.5739082,0.50954735,0.60845155
456,0.659005,0.88373864,0.52967614,0.29228106,0.32628316,0.32887873,0.34897712,0.3705664,0.6239006,0.57937723,0.6324625,0.5312506
457,0.611495,0.7846712,0.52720416,0.27981287,0.32499236,0.36783642,0.29792735,0.29610923,0.68472195,0.6064502,0.55286556,0.38911042
458,0.69704664,0.79141605,0.51636136,0.29834533,0.3228513,0.3621216,0.3086852,0.30112562,0.70781475,0.63346916,0.553229,0.5390744
459,0.715439,0.81084514,0.50395787,0.28649807,0.35550854,0.38403884,0.33607504,0.32004255,0.70991534,0.64281183,0.57182884,0.5279133
460,0.744334,0.8784962,0.50953275,0.2914972,0.3586533,0.36647835,0.34158748,0.37398586,0.6728875,0.60589474,0.62997776,0.5432567
461,0.54133457,0.81923985,0.51959133,0.29344478,0.3380039,0.33539757,0.2975268,0.33096823,0.66761076,0.6017552,0.57842124,0.5119164
462,0.6729244,0.82332665,0.49612358,0.27421448,0.34570614,0.30940488,0.28184247,0.28495595,0.50499237,0.43289334,0.50064033,0.6056654
463,0.5560449,0.788664,0.5166333,0.2903346,0.33776793,0.32968652,0.29572177,0.31235063,0.52623427,0.44963333,0.5379223,0.48372453
464,0.67274433,0.82204664,0.5335886,0.2996782,0.35102552,0.33850074,0.30868575,0.27598697,0.4797401,0.4052836,0.4675874,0.55638814
465,0.7131471,0.81960344,0.52475643,0.29527557,0.36749902,0.38601047,0.36195204,0.2932971,0.42436448,0.3630946,0.51835734,0.5096516
466,0.5479054,0.7463304,0.51011896,0.2771146,0.36775497,0.33672914,0.31624144,0.2722419,0.5142498,0.40685862,0.51426375,0.53277624
467,0.6312505,0.8906199,0.50977814,0.2882319,0.33700365,0.31364435,0.31423497,0.26885116,0.48292613,0.45907944,0.47935116,0.5608409
468,0.6018785,0.78872633,0.5289331,0.29174417,0.36927965,0.3590152,0.34602115,0.3038959,0.48038286,0.3966038,0.51411086,0.47143233
469,0.5551493,0.7441329,0.52215534,0.29508388,0.34913528,0.34927008,0.30268386,0.2787204,0.48913816,0.41417202,0.50059026,0.56666297
470,0.5876105,0.7449058,0.53303206,0.3118979,0.31191534,0.297258,0.29777125,0.2879699,0.55755556,0.5139513,0.50597715,0.5517416
471,0.568754,0.74383765,0.5335665,0.29237294,0.3357476,0.34504697,0.29935533,0.2825374,0.52313083,0.4360145,0.5109206,0.5112967
472,0.6259352,0.7534072,0.54491967,0.30213714,0.38711765,0.3698998,0.32264093,0.27757454,0.48907152,0.42197475,0.5037585,0.5000739
473,0.60381156,0.78286797,0.48456764,0.2948146,0.32036707,0.34566757,0.32579783,0.30515006,0.5528102,0.4888233,0.54478174,0.4648262
474,0.5745976,0.7372666,0.5046264,0.2907302,0.332101,0.35137478,0.32011735,0.29006082,0.510367,0.42868894,0.5363944,0.58479273
475,0.54843694,0.74201685,0.5367899,0.3023804,0.35429758,0.3393693,0.3169414,0.29478997,0.50335246,0.4414562,0.5233268,0.50285745
476,0.60687244,0.8440691,0.5226783,0.2912348,0.33759853,0.36894307,0.34809116,0.28535694,0.4743576,0.40867373,0.5304756,0.5869066
477,0.50740325,0.7694556,0.47499192,0.28155687,0.32062006,0.34427857,0.30994764,0.30977476,0.5581273,0.4869016,0.54370874,0.6206369
478,0.59989816,0.7956484,0.5145661,0.29808572,0.31951162,0.33850703,0.30900186,0.28251615,0.5445882,0.4697937,0.5171627,0.56185186
479,0.55555326,0.9184367,0.49558347,0.28292605,0.3861567,0.34332734,0.31098074,0.32643574,0.5324528,0.46638882,0.5689849,0.5678245
480,0.55411065,0.7627952,0.49257955,0.29051286,0.34813735,0.3402156,0.2960374,0.28193042,0.5215468,0.46089655,0.5288141,0.573322
481,0.5897969,0.82650155,0.5283821,0.28591743,0.34843978,0.36789203,0.31773925,0.28408444,0.4907494,0.3827333,0.517516,0.5587504
482,0.6306562,0.8301791,0.5259526,0.27801308,0.38699925,0.39374292,0.35086346,0.3138693,0.45477986,0.34054384,0.5246344,0.48257935
483,0.61289424,0.8847233,0.5072156,0.28279006,0.3481734,0.39431247,0.3807389,0.33606854,0.49119452,0.37379813,0.5572406,0.52983165
484,0.63881785,0.838372,0.51512766,0.29156408,0.34490293,0.34439662,0.34660268,0.29577076,0.5573366,0.4143426,0.49975264,0.5347268
485,0.64565873,0.81997836,0.52410656,0.28253073,0.33944994,0.382343,0.35444355,0.3249991,0.43967363,0.3288954,0.54329073,0.5347975
486,0.64100057,0.8288957,0.52134925,0.29364526,0.33054492,0.33750534,0.31898525,0.289955,0.49442446,0.39628804,0.51222754,0.59105206
487,0.62610614,0.76957345,0.5030441,0.2922248,0.35010433,0.3886269,0.3457654,0.3086912,0.521298,0.4158278,0.53736305,0.5006313
488,0.68254703,0.6936613,0.4985592,0.30454454,0.34267902,0.36303538,0.35383883,0.28761497,0.52660066,0.39728758,0.5103906,0.58903843
489,0.61972153,0.7639226,0.46766716,0.28274962,0.35150632,0.39125744,0.35185948,0.31214118,0.52718216,0.4258055,0.5790444,0.57157457
490,0.62084156,0.7780785,0.5352496,0.29727924,0.35379913,0.3295831,0.32789016,0.30329585,0.5048563,0.3963506,0.52024424,0.5627905
491,0.6331078,0.7226419,0.506619,0.29213563,0.35354975,0.3749252,0.3408258,0.31371543,0.5199174,0.3973853,0.54467756,0.53370494
492,0.6554927,0.86537087,0.5048235,0.2887976,0.3713117,0.36413845,0.3474334,0.29818022,0.4978656,0.42827258,0.533015,0.5582538
493,0.6074853,0.69398665,0.51226807,0.2882993,0.33736622,0.3457317,0.32306817,0.2901191,0.55422884,0.42814934,0.51186454,0.59407324
494,0.66865146,0.79001504,0.49232382,0.29339585,0.34319845,0.37244454,0.33580792,0.31192815,0.55247164,0.45289484,0.54709476,0.5845553
495,0.6504121,0.8233979,0.51939654,0.3008472,0.32475364,0.31856582,0.32000503,0.27948377,0.55111176,0.43075737,0.512993,0.52509534
496,0.63692856,0.8294162,0.49941638,0.2793403,0.3472188,0.39535916,0.37656933,0.29956794,0.49900192,0.38158643,0.5363693,0.5050087
497,0.63540065,0.7761854,0.51768017,0.3015851,0.32626945,0.3597312,0.34181353,0.30053785,0.51036906,0.43569395,0.53912836,0.5036569
498,0.56701696,0.8341068,0.50927573,0.2911113,0.36475396,0.36108997,0.3266593,0.30503768,0.4731242,0.39662543,0.53039753,0.4948076
499,0.6303266,0.8388736,0.5145917,0.2889325,0.32889995,0.35751724,0.34131482,0.27353224,0.51119477,0.4165826,0.49939114,0.5185537
