,A:SER:249:OG -- H -- A:HIS:174:ND1,A:SER:249:OG -- H -- A:HIS:174:NE2,A:SER:249:OG -- H -- A:ARG:177:NH2,A:SER:249:OG -- H -- A:TYR:178:OH,A:SER:249:OG -- H -- A:GLN:245:NE2,A:SER:249:OG -- H -- A:GLY:248:N,A:SER:249:OG -- H -- A:SER:249:N,A:SER:249:OG -- H -- A:ASP:251:N,A:SER:249:OG -- H -- A:GLY:252:N,A:SER:249:OG -- H -- A:ARG:253:N,A:SER:249:OG -- H -- A:ASN:361:ND2,A:SER:249:OG -- H -- A:HIS:362:N,A:SER:249:OG -- H -- A:THR:363:N,A:SER:249:OG -- H -- A:THR:363:OG1
0,0.4422578,0.34600282,0.6920883,0.47375092,0.8375268,0.619236,0.37902066,0.29966107,0.39413413,0.5932367,0.99118894,0.86102635,0.90307814,0.7764636
1,0.45891705,0.34806052,0.70155734,0.5138821,0.8652655,0.6432246,0.37799612,0.3605031,0.4457041,0.6429527,0.98155284,0.8173855,0.874494,0.7488838
2,0.41286448,0.32307366,0.6353558,0.49378815,0.8265441,0.63968265,0.37522936,0.33418122,0.4524704,0.64939684,0.9205282,0.7628273,0.8017409,0.6544257
3,0.52646524,0.3684612,0.80472606,0.5289599,0.8172491,0.616896,0.36467624,0.33160433,0.43796888,0.6166438,1.0156156,0.8585135,0.8517587,0.7012966
4,0.46261615,0.37936524,0.7084027,0.48579302,0.7568467,0.6086872,0.36375767,0.3074701,0.37991658,0.5841264,0.9056181,0.8420372,0.8650098,0.7011454
5,0.39012265,0.47078958,0.6634624,0.5040194,0.7581042,0.63540506,0.37522334,0.30516228,0.34847906,0.5586652,1.0535669,0.8728385,0.9445416,0.82594186
6,0.4615613,0.4279463,0.60607815,0.40570924,0.78810906,0.63061905,0.36928946,0.34152347,0.36708906,0.57262045,0.69607157,0.85173863,0.9291043,0.81418854
7,0.43354708,0.34402996,0.60025245,0.4354362,0.9346624,0.6329907,0.3617941,0.29581973,0.39364123,0.6008981,0.94965106,0.9058582,0.9991836,0.83286005
8,0.40544733,0.3550283,0.64372504,0.45364565,0.76251227,0.61458254,0.3609419,0.3103478,0.39388615,0.5999396,0.9233356,0.85888267,0.90492004,0.7471182
9,0.47520193,0.43720293,0.76124847,0.43111005,0.8003086,0.61810493,0.3828529,0.32926613,0.41590673,0.63134134,0.96255594,0.892752,0.9092124,0.7317498
10,0.47759965,0.37849432,0.68328047,0.38674337,0.76638585,0.6401325,0.37086686,0.32372767,0.39095825,0.5689491,0.95965,0.84552646,0.91140413,0.7299964
11,0.44842708,0.3395974,0.6535232,0.46665522,0.7671055,0.61336464,0.3576696,0.33330876,0.45110303,0.62284833,0.93907094,0.8932046,0.97966886,0.7995267
12,0.4148617,0.32767257,0.70849425,0.37843633,0.80825734,0.620972,0.372789,0.32494438,0.3801375,0.5936075,1.012558,0.93513525,1.0438752,0.89905477
13,0.47005275,0.40124708,0.6415061,0.38912535,0.82039684,0.6289847,0.36583924,0.3750834,0.42426535,0.6142791,0.9584504,0.81205326,0.8725105,0.7435136
14,0.42955574,0.46770486,0.5942426,0.396754,0.7461029,0.62905926,0.36072,0.306383,0.33326837,0.54004204,0.8915138,0.8187932,0.89917254,0.8274811
15,0.42198193,0.47158074,0.58076054,0.4392081,0.74596477,0.6259142,0.36744773,0.28471896,0.32574975,0.5439612,0.8447917,0.8858783,0.94245666,0.77869
16,0.46939212,0.30813015,0.6044546,0.4016253,0.73705846,0.6260433,0.38185054,0.28634715,0.37741047,0.5682699,0.941996,0.9644298,1.0105466,0.83781195
17,0.45076218,0.41052917,0.63199896,0.49842295,0.8453997,0.6526583,0.365037,0.38394347,0.51350594,0.70255053,0.9386523,0.80868345,0.89578843,0.7557329
18,0.4331357,0.32168746,0.6400325,0.47047746,0.7407159,0.61668444,0.36799052,0.3083194,0.3050133,0.5200934,1.0258914,1.0058645,1.0994246,0.9371952
19,0.44602275,0.4168141,0.5490649,0.4112917,0.72659665,0.60286945,0.3689519,0.33179113,0.29780114,0.52120113,0.9031675,0.92208827,0.9804486,0.8144182
20,0.4795548,0.3484307,0.6001783,0.40200958,0.79998195,0.64387965,0.37442657,0.30687258,0.36830544,0.5760165,0.8730927,0.8676852,0.9214219,0.760102
21,0.4568201,0.3427221,0.70724124,0.6249081,0.83876354,0.6277713,0.37512776,0.30352184,0.4282867,0.6001959,0.8147362,0.8913295,0.9577325,0.8163841
22,0.4673525,0.39008614,0.6722034,0.4577126,0.71874505,0.61593914,0.3637039,0.32364357,0.31148976,0.5435194,0.8632826,1.0022322,1.0713259,0.8997767
23,0.4685922,0.30069265,0.7063991,0.5137004,0.86398375,0.64086556,0.3794169,0.30847263,0.3965907,0.59629864,0.879114,0.80046535,0.84069896,0.69147193
24,0.46155047,0.37793407,0.6892159,0.554867,0.87993735,0.6411443,0.37471473,0.3754266,0.50813097,0.6762437,0.81240803,0.7834408,0.81900537,0.6796401
25,0.45411658,0.3415849,0.62979025,0.4564775,0.75109667,0.6257204,0.36735317,0.30435267,0.3690699,0.580758,0.7725242,0.7806961,0.8755427,0.78816897
26,0.52046543,0.44694552,0.624027,0.46317485,0.75007325,0.6050441,0.35750067,0.32805464,0.32636073,0.5572354,0.97900283,0.8181227,0.90547,0.75023013
27,0.44058168,0.31885213,0.5733601,0.40032768,0.859459,0.63153857,0.36834788,0.31173083,0.3952864,0.58895975,0.9385277,0.8749626,0.9443477,0.80002683
28,0.44515204,0.4379923,0.60840446,0.40189314,0.8328681,0.6403098,0.38121247,0.34388646,0.4194948,0.64525,0.94754237,0.7775427,0.83861655,0.6948168
29,0.48877588,0.401256,0.7048944,0.45541462,0.7614895,0.62250453,0.36096808,0.3042343,0.34625712,0.548707,1.0382645,0.8895134,0.8947338,0.7036196
30,0.44503695,0.38379735,0.67543817,0.46870977,0.76423746,0.6246653,0.36477625,0.33607748,0.39999413,0.59289527,0.8318159,0.8567637,0.8424228,0.64023113
31,0.47272074,0.45249537,0.7492376,0.41949368,0.76950544,0.6560354,0.37183017,0.2958711,0.3648012,0.5780933,0.8982376,0.87802655,0.9276715,0.75089025
32,0.4790776,0.45001915,0.63410103,0.5026296,0.81639045,0.63363236,0.36804092,0.35117686,0.45824525,0.6353537,0.81904,0.7507181,0.76751447,0.6404476
33,0.4459734,0.4633585,0.6541085,0.4114509,0.8489432,0.6319779,0.36833742,0.39618763,0.47832337,0.67597824,0.8182948,0.69530797,0.736047,0.635171
34,0.46669298,0.48839083,0.5815649,0.31920737,0.75932413,0.6297991,0.3723762,0.30806834,0.35908112,0.5654377,0.8602909,0.73196024,0.7813264,0.70108974
35,0.45602563,0.36406225,0.7526916,0.43901023,0.7772852,0.64150876,0.3780163,0.33829245,0.42412493,0.6255376,0.9422159,0.8001785,0.80417943,0.6909972
36,0.45155004,0.3620817,0.7125267,0.48890147,0.7856368,0.633586,0.36327213,0.3249347,0.3673623,0.5591199,1.0029559,0.90314007,0.94150895,0.7972747
37,0.64329684,0.4214647,0.6819938,0.36318246,0.7979036,0.6633747,0.37404725,0.28275803,0.32910743,0.5257341,1.0772558,0.8885469,0.97468543,0.84364676
38,0.7487523,0.5728634,0.69133896,0.33675376,0.95763016,0.63600034,0.37807316,0.31329733,0.2759181,0.48260763,1.0558468,0.9076962,0.919693,0.75901383
39,0.85401475,0.6395037,0.70265085,0.2812048,0.98331195,0.65238154,0.37773708,0.36013636,0.31169266,0.5242823,1.0611832,0.82854736,0.8388148,0.7956884
40,0.80374885,0.5955424,0.777952,0.32059202,0.95160097,0.6065036,0.37361503,0.330477,0.3332641,0.5418452,1.1113904,0.8764319,0.86567867,0.78738075
41,0.70720685,0.509457,0.7238644,0.3668362,1.0219655,0.6042568,0.36926118,0.34893605,0.3892659,0.59221673,1.013967,0.80254984,0.789602,0.67114556
42,0.55480486,0.5017598,0.6595898,0.3171243,1.032976,0.6351702,0.360864,0.3389367,0.34141666,0.5616788,1.033302,0.8599378,0.8812048,0.78293395
43,0.7021624,0.63517684,0.84768265,0.4411791,1.1101278,0.64834803,0.38689405,0.33485565,0.4426932,0.6308689,1.1080196,0.8944158,0.8776252,0.75998354
44,0.52142566,0.4737548,0.7712171,0.34378457,1.1010401,0.6439786,0.3700166,0.3463977,0.39187825,0.5960977,0.9330726,0.9215191,0.9494895,0.7882291
45,0.56126285,0.58126324,0.7326011,0.3500095,1.0908885,0.61936814,0.36500308,0.3259386,0.33856162,0.5458433,1.0082489,0.8529837,0.83837,0.6787956
46,0.4638395,0.406385,0.6689798,0.40010864,0.9967858,0.6373206,0.3759367,0.33629707,0.32758468,0.5465269,1.0968724,0.92721957,0.9184784,0.7359389
47,0.6137704,0.50917417,0.74975556,0.306174,1.0498106,0.6199696,0.37890366,0.30896494,0.2874576,0.49865875,0.9008856,0.91052973,0.8854899,0.70897853
48,0.5402697,0.62578076,0.6958721,0.36540228,1.0465798,0.63413846,0.36547238,0.3552622,0.3637171,0.55278045,0.9116095,0.90866023,0.88057846,0.65826607
49,0.45531192,0.40932563,0.70946854,0.41035494,1.0946072,0.6299294,0.37416986,0.338707,0.34373367,0.5475703,0.79930896,0.9411696,0.9570907,0.73827845
50,0.49492955,0.4942059,0.6145817,0.37769386,1.1640918,0.61925524,0.36598083,0.39000517,0.41537166,0.59838474,0.91768914,0.7886517,0.8332696,0.7135386
51,0.5513809,0.54496807,0.76896095,0.420099,1.1567359,0.6305211,0.36867717,0.32424182,0.3770271,0.55477786,0.72667766,0.84420705,0.8922022,0.6761018
52,0.60792756,0.5298675,0.8216557,0.3312101,1.0074362,0.6420268,0.37381813,0.31318912,0.30199665,0.52319384,0.7805599,0.9475787,0.99052197,0.7922896
53,0.5223273,0.48549,0.7543653,0.3998799,1.2054443,0.6269734,0.3771553,0.3443396,0.37171045,0.5689235,0.46915653,0.7538446,0.8178781,0.6290217
54,0.5837719,0.56230474,0.8091986,0.4907722,1.1007951,0.6333301,0.36688572,0.34277445,0.41054416,0.5720766,0.77884775,0.8237259,0.840288,0.6524612
55,0.56856304,0.44421798,0.8343916,0.510545,1.0592831,0.6171861,0.36679536,0.31781623,0.3316577,0.52961296,0.7310023,0.8790215,0.91559225,0.72340643
56,0.57815796,0.51537544,0.7067627,0.49554625,1.010648,0.60893846,0.37413922,0.3391245,0.31750286,0.48322847,0.49425077,0.8490769,0.86471057,0.6707662
57,0.528524,0.44525275,0.7618523,0.45529804,1.0765393,0.6312423,0.3744898,0.33181334,0.36769176,0.57059735,0.5182585,0.84335256,0.8315522,0.6161165
58,0.51091504,0.48195606,0.71747136,0.36008486,1.0844082,0.6276371,0.3717851,0.36361843,0.31142315,0.51539993,0.4746839,0.83809614,0.8666163,0.6343632
59,0.5722105,0.5246491,0.76878935,0.49988064,1.1532433,0.62854373,0.37330055,0.2891624,0.32528892,0.52428186,1.0298686,0.838866,0.8451027,0.69140637
60,0.55873704,0.48972532,0.71921617,0.2781488,1.1051491,0.6359683,0.3778329,0.34593633,0.36125565,0.5717354,0.74827373,0.78490525,0.8280136,0.6737203
61,0.49923584,0.46975672,0.7422817,0.3680484,1.064471,0.64903235,0.38305536,0.3091633,0.36238316,0.5644935,0.80366844,0.8371343,0.866789,0.6525755
62,0.4883511,0.45869544,0.7172025,0.40687642,1.0994903,0.6392483,0.3731673,0.32659394,0.33421928,0.53111225,0.63686997,0.9129334,0.89693236,0.68370694
63,0.69648355,0.6415883,0.69461,0.40719673,1.1063423,0.6375456,0.36753774,0.35103828,0.37836942,0.58841467,0.44246298,0.69305265,0.73096496,0.5571455
64,0.59958655,0.53016496,0.77690464,0.319378,0.98909426,0.6320809,0.36309764,0.30359915,0.30738506,0.5199166,0.50444615,0.85159355,0.85103804,0.6314854
65,0.5651392,0.44506237,0.7034105,0.34453955,1.0095985,0.63221806,0.3817411,0.30111083,0.3024475,0.52752465,0.48717022,0.8830559,0.8951776,0.6728294
66,0.52615654,0.5318441,0.67919993,0.28868368,0.94948834,0.6387025,0.38311717,0.34346074,0.2928273,0.5329259,0.5452185,0.92475146,0.90056616,0.6362847
67,0.43006036,0.47638568,0.64923406,0.35360342,1.1172643,0.62120813,0.36817393,0.41581574,0.41874868,0.628928,0.44301587,0.8337012,0.8487341,0.6288428
68,0.4629438,0.51518214,0.71495783,0.41596577,1.0224599,0.62383044,0.37447813,0.34067822,0.2920992,0.4884767,0.59584135,0.9566193,0.9428861,0.71159005
69,0.541793,0.49537075,0.7196369,0.3518503,1.0303031,0.6248552,0.36451733,0.33792928,0.34338012,0.5546696,0.58856046,0.93529093,0.91401,0.67469615
70,0.5159613,0.5132433,0.6054747,0.26497486,0.9998571,0.61850446,0.37138018,0.4146083,0.37909105,0.58400065,0.4120076,0.8199283,0.8472933,0.6517821
71,0.5511552,0.5537471,0.69524705,0.32558218,1.0146663,0.5990642,0.37924892,0.32682222,0.32382262,0.533895,0.49846765,0.90986955,0.9476737,0.7273748
72,0.5246467,0.48405674,0.7226965,0.39255267,1.1246643,0.62263376,0.36466947,0.40836605,0.43254617,0.6128195,0.39914972,0.8033758,0.83281726,0.7067421
73,0.5157118,0.46489492,0.7453303,0.3929975,1.044932,0.64252377,0.36844775,0.34472024,0.33334866,0.5441618,0.5347539,0.90650654,0.90333766,0.6806
74,0.61750954,0.6179378,0.7179817,0.3112985,1.1172063,0.6308325,0.37241435,0.3598654,0.33459195,0.55090827,0.35945937,0.8035218,0.82348764,0.6189508
75,0.5491868,0.43589753,0.7206312,0.36235002,1.0564457,0.61523074,0.37125862,0.32776043,0.32088524,0.52650946,0.5923719,0.91022027,0.88975555,0.644329
76,0.6230115,0.57508993,0.6959659,0.31583822,1.0639594,0.6304698,0.3729467,0.33147252,0.2957801,0.5156252,0.5362858,0.85376805,0.8416826,0.5993908
77,0.5149975,0.4754563,0.74925745,0.4222859,1.0978936,0.64381176,0.37613475,0.3231605,0.31931207,0.52910244,0.56101084,0.8860647,0.90456456,0.6786551
78,0.55206996,0.54556537,0.763028,0.3020134,1.0749565,0.6447974,0.36926028,0.31041956,0.29716447,0.5171739,0.47861266,0.7369546,0.7809129,0.57827955
79,0.75570077,0.55303895,0.69038796,0.32016915,0.98985463,0.63485545,0.3717765,0.33114037,0.3350815,0.55585295,0.4846322,0.8575194,0.8630385,0.6585572
80,0.56226474,0.4607981,0.63394254,0.36095092,1.1094521,0.63534963,0.38292944,0.32890558,0.32661816,0.55514,0.5157073,0.796802,0.8452024,0.67932713
81,0.5655235,0.5724146,0.67284137,0.34561607,0.97264886,0.64900196,0.37227783,0.34059858,0.32743555,0.53634715,0.40912443,0.7741617,0.7819789,0.5852459
82,0.5294971,0.4820018,0.625091,0.3398373,1.1085671,0.63274395,0.37006754,0.357385,0.39172986,0.58113,0.419661,0.78723305,0.8482274,0.6748429
83,0.5071175,0.52310586,0.7026353,0.3301303,1.0451826,0.6250632,0.37409607,0.33704138,0.35915264,0.5610461,0.4864794,0.77693504,0.8013407,0.5951321
84,0.49294794,0.43094084,0.7252071,0.4893954,1.040005,0.63479173,0.36806852,0.30451533,0.30107376,0.5225146,0.6340984,0.88008606,0.8865511,0.6657916
85,0.48799703,0.44386554,0.6551676,0.37195292,1.0998706,0.63305527,0.36512393,0.4037508,0.42665747,0.60465634,0.4639656,0.7583845,0.74947435,0.51010877
86,0.5129858,0.4635844,0.7161529,0.38636842,1.1248753,0.64651114,0.36875454,0.3436037,0.3430591,0.5411731,0.5925559,0.79231113,0.8008116,0.6337727
87,0.45557213,0.44409215,0.6816265,0.45107853,1.1658762,0.6253457,0.36034033,0.37484735,0.37763733,0.57615876,0.39834088,0.7320196,0.764318,0.57232744
88,0.41910097,0.4481122,0.64736843,0.35474664,1.1532056,0.6504768,0.37731406,0.38738203,0.42701057,0.604517,0.4587685,0.7458698,0.754338,0.617625
89,0.5520049,0.5110932,0.66656536,0.3465023,0.9830329,0.62342423,0.3677502,0.35307306,0.3174963,0.50099564,0.48138374,0.8005559,0.81309515,0.6038135
90,0.4916228,0.3974841,0.68922275,0.40479344,1.0422313,0.6447449,0.3729457,0.32164997,0.37084347,0.57375956,0.5836846,0.8378222,0.87788135,0.6836405
91,0.47481525,0.4403862,0.67061657,0.3980802,1.152944,0.6293792,0.3721429,0.3497621,0.41979527,0.5875097,0.5955598,0.8116235,0.8259769,0.63234866
92,0.55641687,0.5182187,0.67469263,0.35568592,1.0722198,0.62999326,0.3724564,0.31616825,0.31110102,0.53030205,0.5809498,0.8441557,0.8570527,0.64774513
93,0.44828254,0.48873937,0.64475214,0.37335402,1.0522908,0.6391724,0.38035056,0.38189644,0.41826892,0.5879547,0.47030056,0.7639488,0.75330037,0.49734536
94,0.54852784,0.46709388,0.7813899,0.39947933,1.0548813,0.634081,0.3621135,0.31327006,0.29688692,0.5217418,0.82825965,0.9249954,0.9276778,0.72233045
95,0.5050959,0.40688467,0.7296736,0.5014022,1.0368786,0.6462223,0.37491667,0.32657516,0.3486683,0.571493,0.5856734,0.9037187,0.92018366,0.6809932
96,0.64788693,0.54028803,0.7896321,0.44244555,1.0443295,0.60492736,0.3707642,0.32628477,0.30852246,0.5263937,0.63297594,0.89479285,0.9328295,0.72243655
97,0.44611335,0.37118062,0.6914736,0.42346072,0.9734284,0.63810945,0.3729329,0.3473418,0.3540971,0.5604348,0.6104574,0.89795876,0.9105538,0.68569285
98,0.4536603,0.3755498,0.731411,0.45268455,1.0419861,0.6260921,0.36920545,0.32430217,0.31455553,0.5307348,0.6351118,0.98547107,0.96295714,0.72532284
99,0.49176085,0.46109706,0.66466826,0.3833164,1.049116,0.6398004,0.37877783,0.31466508,0.34421423,0.5293431,0.80187714,1.0327158,1.0794504,0.89703953
100,0.49811274,0.40863544,0.63763964,0.28451902,1.0693524,0.64014107,0.3699024,0.33332133,0.33064222,0.52923167,0.7293809,0.9830294,1.0223489,0.82686156
101,0.5646579,0.57905287,0.69935614,0.35283598,0.9631291,0.64446867,0.3825039,0.31406975,0.32543415,0.53103846,0.6719348,0.99703914,0.9945849,0.758921
102,0.5351877,0.57108223,0.7050874,0.36087054,1.0044607,0.6377489,0.37295958,0.33486465,0.33975348,0.5299696,0.6094341,0.9691289,0.9864024,0.75132793
103,0.5403291,0.44805378,0.78251016,0.4004099,1.0755748,0.6458731,0.3699351,0.30199656,0.3531107,0.5339191,0.6607316,1.055657,1.0767,0.8434707
104,0.5078488,0.45040518,0.7293237,0.37530136,1.0615761,0.62059677,0.36609316,0.34778583,0.36335436,0.53928465,0.6021631,0.9728524,0.9286315,0.668741
105,0.47577015,0.4213414,0.70043254,0.45881602,1.1354234,0.6379954,0.36696997,0.30878836,0.38921064,0.57209706,0.6849487,0.9956822,0.9674814,0.6899796
106,0.5043383,0.4475315,0.7312798,0.36544967,1.110107,0.6470219,0.37565035,0.34965417,0.39060226,0.5782302,0.6294711,0.9789569,0.9265453,0.65053236
107,0.5090015,0.42217055,0.86454785,0.41403177,1.1494185,0.61884415,0.3662834,0.30916482,0.36596653,0.5757628,0.6985239,1.071603,1.0294092,0.746044
108,0.45759323,0.37070122,0.7354601,0.43839344,1.0830276,0.6366358,0.36617044,0.30585897,0.3568202,0.56950665,0.72469676,1.0279557,0.95538676,0.68914866
109,0.4656564,0.41764796,0.7570726,0.40076506,1.0990462,0.6231298,0.36981854,0.34688437,0.37848812,0.581437,0.6385891,0.9455126,0.9228143,0.6690872
110,0.56855804,0.52572834,0.7375062,0.39889872,1.1170121,0.62123024,0.36416885,0.29188153,0.35128942,0.53926533,0.61885655,0.9747618,0.9475425,0.72054225
111,0.5180227,0.50396836,0.6966525,0.31652877,0.98004824,0.62496656,0.37699568,0.3437745,0.30710942,0.537887,0.5946434,0.95736223,0.97481227,0.7626705
112,0.59127337,0.5479778,0.7619691,0.41081285,1.0685818,0.6225316,0.3705466,0.37196252,0.36709633,0.5709017,0.5481603,0.8288262,0.7861474,0.5498593
113,0.5038733,0.5031817,0.71431506,0.32446525,1.1048868,0.6210851,0.36727995,0.37569177,0.36386567,0.5633564,0.66767323,0.84929156,0.8572289,0.6447551
114,0.51467735,0.4137863,0.67577606,0.3305808,1.1064649,0.62449247,0.36278066,0.32341963,0.32470435,0.5392986,0.9590149,0.924251,0.9602993,0.7917531
115,0.6165999,0.5702956,0.762382,0.3585485,0.96736604,0.60544485,0.36733353,0.30653554,0.29612377,0.5112055,0.88597065,0.9445291,0.94415337,0.7183871
116,0.5973419,0.4948476,0.69043916,0.3410123,1.0428456,0.6285796,0.37366375,0.32633623,0.28715667,0.52396625,0.92010444,0.98234934,0.9642123,0.7090114
117,0.6798405,0.5487841,0.74113876,0.50970197,1.1349763,0.62571895,0.3730909,0.33048275,0.38804987,0.5673861,0.82328445,0.8861393,0.8282385,0.5685031
118,0.5971542,0.5917218,0.7449419,0.30101097,1.0061176,0.6021618,0.35756692,0.32649276,0.3286145,0.5174596,0.87230146,0.8660052,0.8490065,0.61889696
119,0.5034243,0.53227806,0.65546125,0.3068877,1.026631,0.64399725,0.3701514,0.3526914,0.30532342,0.5210592,0.9888472,0.942525,0.9390864,0.7188725
120,0.5106785,0.52171946,0.70417565,0.3816073,1.0312651,0.65204436,0.368853,0.34304044,0.28571278,0.49024147,1.0128491,0.9693616,0.95989233,0.74372315
121,0.48232368,0.395873,0.71387154,0.44088727,1.1858516,0.64785194,0.3711749,0.33706665,0.42047042,0.59524626,0.88094956,0.78291374,0.79958415,0.6272634
122,0.5531054,0.57647306,0.66394275,0.33889252,1.0538354,0.63938785,0.37584537,0.3190973,0.32456675,0.5188637,0.73515564,0.7892956,0.80468196,0.5897578
123,0.51819587,0.55742884,0.657962,0.36521468,1.0643874,0.6439135,0.37953115,0.32624778,0.34883416,0.5357005,0.8728577,0.8611646,0.92691535,0.7275554
124,0.5011913,0.401187,0.73735833,0.35617223,1.0210975,0.65059525,0.3771959,0.3304438,0.33450717,0.54615074,0.8404736,0.8625453,0.9087464,0.71306825
125,0.4644031,0.43456334,0.7029124,0.39767197,1.1399558,0.62568,0.37331063,0.36374795,0.387874,0.59602875,0.93237233,0.8282005,0.83641183,0.6973576
126,0.61241794,0.594708,0.78599566,0.45859426,1.1261971,0.6455444,0.37055814,0.35949922,0.42285144,0.6151951,0.8417454,0.717346,0.7464788,0.6085699
127,0.652792,0.62126666,0.863008,0.43404585,1.1192741,0.62083536,0.37018543,0.28195173,0.33264112,0.505698,0.815941,0.81150264,0.8494188,0.6824834
128,0.5497789,0.5538869,0.7265719,0.39249903,1.0977231,0.6459231,0.3715459,0.32201245,0.33920893,0.5319967,0.81954914,0.84318936,0.91511667,0.7881572
129,0.6114295,0.5708763,0.8070556,0.40096888,0.9907838,0.6193867,0.36442113,0.351936,0.30585098,0.50577235,0.8405091,0.85536045,0.9089775,0.7223745
130,0.671239,0.69483805,0.8093142,0.34426168,0.9369188,0.61295944,0.3665009,0.31857613,0.29483065,0.49506918,0.7599445,0.8194246,0.8957435,0.71395755
131,0.6798086,0.59658605,0.8686118,0.3386373,1.0407805,0.6330627,0.36486423,0.30765474,0.35171318,0.5496952,0.95462507,0.8860671,0.9224348,0.77713567
132,0.499496,0.4252988,0.7736352,0.43293014,1.0581176,0.6248892,0.3716793,0.30465218,0.32949275,0.53116304,0.8720418,0.8624902,0.9302576,0.7618865
133,0.49408156,0.41160363,0.7921568,0.38924646,1.0527706,0.64941525,0.3790379,0.35467875,0.3304272,0.523212,0.75075483,0.8356914,0.90367717,0.7410343
134,0.61024904,0.5739992,0.7413038,0.3640162,1.0659496,0.62768155,0.37316045,0.31549206,0.30335486,0.48286322,0.80595195,0.85941017,0.88828593,0.7068548
135,0.60222995,0.4760405,0.72256887,0.35995373,1.0283909,0.6115727,0.36960897,0.30627266,0.3714033,0.5376711,0.80347085,0.76407224,0.82399464,0.6522987
136,0.4712061,0.4010823,0.66961473,0.42107126,0.8373507,0.6482429,0.37785333,0.3307632,0.3715693,0.57752526,0.9070968,0.80593556,0.8411349,0.7007166
137,0.57233936,0.6037003,0.71943307,0.331063,0.82648915,0.6387064,0.37330505,0.31010637,0.32029697,0.49511975,1.0288609,0.89063835,0.90018976,0.7608942
138,0.47886246,0.5068623,0.63449,0.38666618,1.1314434,0.615057,0.36442113,0.3351187,0.34451348,0.531105,1.0514357,0.8508486,0.85568017,0.6744807
139,0.5087856,0.47630206,0.7055283,0.38534436,1.0230088,0.63505757,0.3668108,0.31136808,0.34574267,0.5569482,0.8837525,0.8349181,0.88441896,0.76434135
140,0.56160647,0.42397878,0.68846625,0.3734423,1.0629073,0.6466332,0.37104565,0.28808397,0.30800492,0.53843796,0.9440976,0.8057528,0.85290676,0.7082549
141,0.5627657,0.5783235,0.6614875,0.31789458,1.0528318,0.6168948,0.36773962,0.36209527,0.31311223,0.4958625,0.90395045,0.8291297,0.8888712,0.74112064
142,0.5980302,0.59072083,0.6984716,0.32405323,0.9494854,0.63513494,0.37129804,0.34396368,0.29901755,0.5124225,0.5177268,0.86760783,0.93040067,0.7422095
143,0.5943784,0.6111602,0.6823496,0.4457242,0.9970131,0.62709445,0.3708622,0.312269,0.311304,0.52507657,0.65485144,0.87326956,0.92928153,0.73513323
144,0.5842956,0.52718836,0.6495096,0.40306875,1.0119114,0.63520634,0.36649656,0.3491528,0.33531088,0.5458484,0.5465321,0.7912016,0.862813,0.690447
145,0.77477586,0.5984107,0.6295314,0.40816,0.8993149,0.6204306,0.36962515,0.32981578,0.28541344,0.4905976,0.6724594,0.8570456,0.9498323,0.7878099
146,0.8819459,0.66042405,0.62128276,0.4018347,0.89805967,0.6130472,0.36706316,0.33999187,0.32573646,0.533464,0.47276455,0.73753744,0.8273924,0.6772403
147,0.8922768,0.67826134,0.733912,0.5372383,1.0837159,0.6336513,0.36033195,0.34630325,0.37664938,0.5696495,0.44277993,0.66352683,0.6971296,0.5400929
148,0.7585656,0.5497494,0.69662833,0.36638638,0.9786102,0.6097924,0.35548624,0.3296984,0.33874527,0.5508646,0.5088107,0.77637523,0.7935767,0.6034704
149,0.6916359,0.5183972,0.8073077,0.3886163,1.0348511,0.5960027,0.36160648,0.29515824,0.3141261,0.5253327,0.5984122,0.84169984,0.8464647,0.6422602
150,0.8294235,0.6164632,0.7876768,0.3745821,1.0042377,0.6275899,0.37127998,0.31378365,0.30106002,0.51519567,0.5802138,0.80939347,0.8355644,0.6382081
151,0.8298537,0.6165601,0.7834839,0.37994412,1.0520003,0.6189587,0.36251548,0.30520743,0.29152262,0.5070435,0.59388864,0.8166009,0.8792265,0.71100265
152,0.91849154,0.76146233,0.8096567,0.347691,1.0460709,0.64575857,0.36924073,0.33204272,0.34731275,0.5501853,0.5747702,0.8128791,0.8875869,0.7320384
153,0.97404593,0.753947,0.80921865,0.4166239,1.0028799,0.6627442,0.3791799,0.34035248,0.36261246,0.5808977,0.5477673,0.78964394,0.83479357,0.65992564
154,0.9544528,0.73872656,0.8439962,0.45048195,1.1721189,0.6568293,0.38001364,0.3077472,0.38693622,0.5896652,0.6863234,0.8059693,0.8593569,0.7013965
155,1.0144143,0.8213734,0.97816527,0.3809788,0.93858933,0.64808816,0.38238615,0.30639708,0.33478165,0.53557783,0.5437451,0.8481804,0.88878983,0.6638168
156,0.8257947,0.83642185,0.91179484,0.3795419,0.9276561,0.6452157,0.36889628,0.29269093,0.30458087,0.52546877,0.5441049,0.8412689,0.8866573,0.68604517
157,0.80449057,0.8193071,0.93608755,0.33049285,0.9579684,0.64436805,0.3709552,0.29951444,0.33847702,0.54359597,0.616072,0.85452956,0.90613896,0.7255738
158,0.65078133,0.70037735,0.8401046,0.38545176,0.9920125,0.66188145,0.37880415,0.31023237,0.36534694,0.5728461,0.77498084,0.8612911,0.93707585,0.7302771
159,0.6657265,0.6333735,0.8118345,0.4134142,1.0010103,0.64609545,0.37372968,0.31898427,0.36266953,0.57553554,0.8290994,0.8191337,0.90162057,0.71894014
160,0.679686,0.6304319,0.7804221,0.37157878,0.95470965,0.6442029,0.36973763,0.33489066,0.32332683,0.5262293,0.63369405,0.8607226,0.94544154,0.7545459
161,0.8873116,0.91227865,0.88954216,0.38147742,0.88716125,0.6210132,0.36524266,0.33629233,0.31518966,0.54300684,0.4316952,0.7921043,0.8357927,0.66132313
162,0.79239863,0.6682885,0.8479463,0.41855356,0.9467634,0.6213051,0.3643666,0.3297744,0.32442427,0.5466702,0.42488852,0.7964348,0.83604807,0.63323855
163,0.8803748,0.81453705,0.9096595,0.4527448,1.002004,0.64285326,0.3743538,0.29363662,0.32707375,0.5325232,0.4788072,0.8143963,0.8970681,0.73406535
164,0.92201984,0.7041434,0.86270285,0.45521995,0.8855708,0.61650777,0.37305155,0.29688665,0.29686633,0.50364697,0.67296904,0.9454922,0.9871523,0.78907
165,0.89046544,0.6839129,0.88507146,0.40750527,0.9090202,0.6287513,0.36152244,0.31784043,0.3042228,0.50806814,0.7481304,0.8761092,0.9333754,0.7665579
166,0.948229,0.7561471,0.91080606,0.46196318,0.90648925,0.6141975,0.3672868,0.31397364,0.3011538,0.48073897,1.0384984,0.993238,1.0644623,0.88495654
167,0.7686181,0.58030885,0.77018607,0.3474212,0.9025751,0.6289592,0.3765199,0.32908013,0.29543766,0.5128256,0.7175402,0.9392808,1.0024961,0.808791
168,0.8792765,0.66832685,0.83240473,0.40771213,1.0401387,0.62890035,0.3704186,0.29722703,0.3622206,0.5436918,0.8264783,0.9399036,0.99874085,0.8094317
169,0.927091,0.7253554,0.8798147,0.41092432,1.036016,0.6166224,0.3677247,0.32251182,0.3180382,0.5369903,0.7219505,0.8180648,0.845914,0.67012936
170,0.76165956,0.63530815,1.0013158,0.60011303,1.2005343,0.61079377,0.3703512,0.3755565,0.44223437,0.6391425,0.9567022,0.860136,0.85264266,0.7176109
171,0.93251723,0.7139219,0.90767723,0.37067172,1.048739,0.6159992,0.3601398,0.3147124,0.311014,0.50897634,0.9064469,0.8181112,0.853563,0.6783527
172,0.52970695,0.5447214,0.71416634,0.3143814,0.62085366,0.6402109,0.37600031,0.3748138,0.32242414,0.54124993,0.904216,0.894896,0.9651067,0.77858716
173,0.47470784,0.44925866,0.7818188,0.42545238,0.6836398,0.63754785,0.38392985,0.29049367,0.3411039,0.52650493,0.901872,0.9323842,0.95675075,0.754626
174,0.4889687,0.42037418,0.70974576,0.41333854,0.72811675,0.6396603,0.36596376,0.320316,0.40023798,0.57671875,0.7199376,0.84531164,0.8949831,0.73010874
175,0.61904514,0.5612779,0.81283844,0.37022194,0.5758645,0.6337813,0.36155257,0.30883208,0.30258995,0.5153921,0.9965931,0.9694171,0.9590018,0.72836995
176,0.47516817,0.45138624,0.7116836,0.38233906,0.6405548,0.62431145,0.36317873,0.3006195,0.2976419,0.5210462,0.6218796,0.88246644,0.95241594,0.74842995
177,0.58946824,0.5852341,0.76669925,0.38062575,0.6052862,0.6455821,0.36979306,0.3119352,0.2992259,0.50769866,0.92833596,0.93962026,0.9678376,0.79142505
178,0.58512706,0.49949396,0.78666097,0.38640353,0.7017342,0.62443084,0.36907122,0.29718116,0.3429198,0.5319053,0.89778733,0.9539165,0.98072773,0.7781137
179,0.5494401,0.5146655,0.7975927,0.4198199,0.6442505,0.6161452,0.3679583,0.30749986,0.33026326,0.52304095,0.7636776,0.9000444,0.9416093,0.7257131
180,0.5455782,0.4751109,0.70433766,0.4502857,0.63501984,0.61135375,0.3642619,0.3446636,0.31668046,0.50059843,0.6472401,0.9031253,0.8891688,0.67524445
181,0.4577883,0.4461305,0.7234669,0.35614437,0.6577718,0.6263235,0.3701598,0.34446147,0.29774874,0.51554924,0.710525,0.8762991,0.8713695,0.6895077
182,0.46990445,0.43853506,0.7354121,0.45723724,0.7446995,0.6363503,0.37346455,0.3681579,0.38990724,0.5698312,0.6559709,0.8102353,0.8307398,0.6919211
183,0.51468337,0.46812573,0.76609105,0.39398393,0.7591699,0.6300203,0.3681055,0.3724485,0.45812544,0.65048635,0.7647075,0.7597013,0.7703764,0.6591418
184,0.5532295,0.4930456,0.85153705,0.47085214,0.67143804,0.5975154,0.36252138,0.30688566,0.33347285,0.52568483,0.73724985,0.9483601,0.9575294,0.79670674
185,0.5116847,0.49699232,0.7827252,0.42043513,0.69664526,0.6076132,0.3694267,0.33055896,0.3399577,0.5408157,0.8263795,0.76587963,0.7736006,0.6034664
186,0.62004876,0.5714609,0.78629965,0.3675875,0.6072239,0.6479088,0.37102813,0.30269113,0.28747958,0.48785585,0.81993365,0.8264771,0.8562947,0.67006534
187,0.5772944,0.56111634,0.79286337,0.3679976,0.5707229,0.6022646,0.3606328,0.35043028,0.31650078,0.5024734,0.73461497,0.8311436,0.83353734,0.6318612
188,0.5328254,0.48315918,0.7411477,0.43697318,0.66396594,0.63667744,0.36826098,0.34002241,0.33209547,0.5358716,0.8989682,0.8221473,0.895118,0.7234886
189,0.6669907,0.62134653,0.8240781,0.4028582,0.7110184,0.6284913,0.37108004,0.32195607,0.3525506,0.56529796,0.9165621,0.87016255,0.9031666,0.7516563
190,0.5988146,0.59741795,0.800442,0.41316894,0.69105107,0.6343465,0.37052858,0.29705867,0.3251393,0.52420294,0.72757673,0.88498616,0.8989096,0.67228705
191,0.56585956,0.47051272,0.7366098,0.39940128,0.6627241,0.643649,0.3822933,0.33438286,0.34185025,0.5369227,0.7928708,0.9113887,0.9222087,0.69521296
192,0.5489142,0.53884137,0.747593,0.37854028,0.60928833,0.6367022,0.38000795,0.3257922,0.33118597,0.54851526,0.95066595,0.92590123,0.94904166,0.7796207
193,0.4928488,0.43329176,0.74842966,0.41582704,0.6600476,0.64336586,0.37265232,0.303121,0.33339307,0.54279083,0.69880515,0.9650244,0.9941955,0.7986366
194,0.4721794,0.41537994,0.8087871,0.38629913,0.68843716,0.6209034,0.37299016,0.34652877,0.35787314,0.579238,1.0042833,0.93083024,0.957748,0.81355
195,0.4620848,0.36557806,0.82366246,0.49629548,0.7282487,0.6430488,0.37410918,0.36263767,0.4123862,0.6444906,0.849772,0.8154145,0.8605634,0.7518532
196,0.54738265,0.4733974,0.869452,0.41036895,0.63151824,0.62615776,0.37005883,0.28737795,0.29754156,0.503194,0.91632724,0.87022567,0.9148643,0.7475909
197,0.5951646,0.5068192,0.75245094,0.315579,0.6249634,0.62237036,0.3719545,0.33671424,0.3096759,0.5121124,0.78253573,0.8883786,0.9268611,0.75083685
198,0.6816281,0.6881341,0.77907366,0.3161351,0.53319114,0.604805,0.36947477,0.3456669,0.30195007,0.49466792,0.8938454,0.91801226,0.9565324,0.75028676
199,0.6341712,0.6255146,0.8046762,0.33927628,0.5996532,0.64031714,0.3561867,0.3517076,0.30196276,0.5050039,0.8756021,0.77297527,0.8518677,0.73052454
200,0.5382416,0.4681658,0.7893218,0.37818345,0.61147016,0.63624084,0.37865445,0.3096641,0.29732585,0.49919644,0.9821262,0.86497086,0.9239105,0.81175137
201,0.59538436,0.49260405,0.7995411,0.34892747,0.597873,0.62881297,0.35938954,0.3059331,0.30054227,0.50695485,0.86549467,0.980444,0.9908121,0.7886715
202,0.61815643,0.5624383,0.77755743,0.38795567,0.58795094,0.62068766,0.36169896,0.32074592,0.29376566,0.49269226,0.93715507,0.95056224,0.97905976,0.786032
203,0.5312888,0.49635273,0.73764056,0.44953454,0.73029333,0.633522,0.37044892,0.34000924,0.38319585,0.5819826,0.78419906,0.80480295,0.86660326,0.7019023
204,0.52616805,0.49665,0.7502737,0.3384032,0.55446035,0.62362725,0.37248597,0.3368651,0.283671,0.50218946,0.7510814,0.92802143,0.96314245,0.78490514
205,0.6431227,0.5115306,0.83286464,0.43640193,0.6686204,0.6145963,0.38166648,0.30165553,0.3462104,0.5437776,0.7390919,0.8265922,0.8401251,0.6387055
206,0.5340311,0.483206,0.7470632,0.27926722,0.6327796,0.6089164,0.36984178,0.37230575,0.35250503,0.57333785,0.70275897,0.8322521,0.8689523,0.75394994
207,0.59286135,0.5457447,0.7780401,0.29396215,0.6309507,0.6317882,0.36245131,0.34894708,0.34544852,0.5603381,0.62223315,0.75452286,0.79528534,0.6412489
208,0.5710157,0.5130021,0.776739,0.4333455,0.72196645,0.6099111,0.36562774,0.41258156,0.43871275,0.6297362,0.78142494,0.6814572,0.74142015,0.5769612
209,0.6519182,0.56788117,0.76002896,0.31218922,0.6129245,0.6274945,0.36970976,0.33059788,0.2926222,0.51148033,0.77741313,0.8334796,0.8663612,0.6901449
210,0.54537904,0.53188115,0.767078,0.30186883,0.6349082,0.6422963,0.38179606,0.33443698,0.3111048,0.5359392,1.0481902,0.86692,0.86654985,0.68915075
211,0.56503475,0.50193727,0.8318964,0.39541584,0.65420103,0.642907,0.3740323,0.3319866,0.31035948,0.51469713,0.76092386,0.83850574,0.88909197,0.6958246
212,0.5549252,0.5738502,0.7581896,0.35484308,0.62572694,0.64242935,0.3715533,0.34962395,0.32692283,0.5072678,0.81572026,0.8376946,0.9117835,0.7466531
213,0.6458538,0.62383664,0.74682236,0.32824427,0.58238643,0.62735987,0.37334743,0.31497383,0.30200243,0.50247926,0.743088,0.86556286,0.9331313,0.7367705
214,0.6312551,0.5628438,0.8597294,0.35950723,0.6333612,0.6337597,0.37072822,0.31909737,0.30452925,0.5055313,0.9186854,0.85250515,0.8466191,0.6664214
215,0.62457,0.53894436,0.7730521,0.34803203,0.60534334,0.63855356,0.36690038,0.32917064,0.2997492,0.50551844,0.79434717,0.9098777,0.89805853,0.70337397
216,0.5242968,0.4331929,0.7153366,0.27807128,0.66087794,0.6366878,0.38371584,0.3535907,0.35513243,0.57087225,0.7698671,0.77988297,0.82077277,0.60936
217,0.6071598,0.6582875,0.69034606,0.41785467,0.6655223,0.6417099,0.3607158,0.30943346,0.31908587,0.5250128,1.009591,0.8920231,0.91310835,0.76940656
218,0.5900859,0.51316637,0.702372,0.42825487,0.657782,0.63331515,0.3634918,0.30726692,0.29595008,0.4952582,0.82977957,0.76920915,0.8362372,0.73023796
219,0.5384961,0.45433846,0.775202,0.32057506,0.6055382,0.6212433,0.36997595,0.33079764,0.28573862,0.49907407,0.95864785,0.7850576,0.82464826,0.67743963
220,0.48163268,0.40706933,0.70421636,0.3678029,0.6215001,0.66889006,0.3833683,0.3237893,0.33447272,0.55699337,1.0418591,0.892215,0.9178665,0.79416996
221,0.5023581,0.45388737,0.7556055,0.40893888,0.6445543,0.64194936,0.37065622,0.33178777,0.2970657,0.5048323,1.0131165,0.8890912,0.8967898,0.78591627
222,0.50913054,0.36876294,0.77360666,0.4396853,0.7037324,0.6340123,0.37961826,0.29574347,0.35933945,0.5489688,1.0966958,0.82400304,0.85353315,0.813414
223,0.63991946,0.52029663,0.85910434,0.43675622,0.67460775,0.60931855,0.3594014,0.3008308,0.3230961,0.53588,1.0463794,0.8725344,0.90485024,0.72571284
224,0.5528023,0.4915661,0.7561849,0.38053182,0.59746045,0.60917497,0.35157436,0.35845193,0.34020063,0.5488937,1.0019205,0.8641699,0.8812747,0.70207226
225,0.47450876,0.4267449,0.7305686,0.379961,0.62637085,0.6479981,0.37553692,0.34084907,0.2878613,0.4983497,1.0422435,0.9161459,0.9477723,0.82414937
226,0.5000046,0.43965396,0.79673505,0.4044579,0.64261615,0.6179594,0.36190304,0.357734,0.336861,0.5449787,0.9302034,0.82345486,0.8197221,0.72920585
227,0.5097753,0.45020017,0.7756072,0.3971711,0.59478855,0.6267866,0.3690993,0.32330468,0.29139027,0.5044456,0.9445519,0.98546535,0.93645906,0.8062433
228,0.5732043,0.5225271,0.8138264,0.38041285,0.58567834,0.6131071,0.3670186,0.31197578,0.267481,0.4570921,0.7806941,0.8714121,0.9070049,0.6986127
229,0.4879398,0.45651782,0.7241781,0.38704747,0.71854556,0.6366445,0.3662418,0.34184664,0.3747711,0.5647529,1.0030187,0.81594115,0.8319226,0.7926752
230,0.5390525,0.4585472,0.74007183,0.3841453,0.6692338,0.64833164,0.36812437,0.30241773,0.3420862,0.53799367,0.8095699,0.8144705,0.8939509,0.7929075
231,0.58114344,0.47012028,0.78939116,0.3647189,0.649091,0.62482876,0.36540115,0.2958838,0.32424653,0.5203566,0.968524,0.7852408,0.8106985,0.7347785
232,0.5101915,0.47919044,0.81160176,0.32969877,0.60018665,0.6052378,0.35680968,0.3471757,0.304167,0.511703,0.8713722,0.8479256,0.8557925,0.67433083
233,0.4850753,0.38026547,0.67759687,0.39955813,0.69170177,0.6329215,0.37659407,0.30561066,0.33042547,0.52351254,1.1684258,1.0303239,1.0322003,0.9101522
234,0.54112536,0.4996815,0.7095559,0.34956434,0.7512429,0.6480307,0.36490336,0.3416814,0.39076367,0.58204234,1.114455,0.9206219,0.89703715,0.7464455
235,0.4863173,0.49086994,0.70553666,0.3739206,0.6468404,0.6077096,0.3505321,0.37048882,0.3291788,0.5384791,0.9144276,0.79049367,0.80596507,0.64971983
236,0.5197682,0.47780037,0.74969816,0.41330418,0.6440408,0.63125944,0.3651998,0.32903203,0.3354342,0.55931705,0.8489156,0.87631154,0.88265705,0.68593556
237,0.56232923,0.6263248,0.8355995,0.39089498,0.70487076,0.61398923,0.3624653,0.347704,0.29326233,0.5038845,1.0607469,0.90241283,0.8979417,0.718024
238,0.4933988,0.4263581,0.75728005,0.42775714,0.6972758,0.6355135,0.37105402,0.3188738,0.36595908,0.5716718,1.0800823,0.8912493,0.912381,0.7923457
239,0.5781372,0.52113765,0.82153183,0.4310658,0.64894414,0.6356736,0.37598357,0.31114566,0.29605028,0.4830242,0.9128411,0.8836602,0.9074263,0.7500813
240,0.61494386,0.5529414,0.7823811,0.37699813,0.6480762,0.6357446,0.37303868,0.33282173,0.31301323,0.5286928,0.93606085,0.84558123,0.8593489,0.69966906
241,0.6707504,0.58018,0.88116854,0.3394727,0.6867748,0.49312577,0.29944074,0.4341598,0.3870554,0.5702208,0.86653894,0.7383658,0.73786813,0.56455284
242,0.657882,0.56623304,0.87869626,0.42267373,0.6781016,0.61610115,0.37577814,0.32859394,0.36951604,0.5549513,0.9535006,0.7423428,0.845458,0.7616198
243,0.60933614,0.59203297,0.7675079,0.39086273,0.7581586,0.56328464,0.326287,0.40767846,0.431066,0.58015734,0.9525604,0.73001695,0.78824174,0.6653203
244,0.7487283,0.64466923,0.9235432,0.33563212,0.5933861,0.50219584,0.30977416,0.40408134,0.3660563,0.5528222,0.83957815,0.7661411,0.7841784,0.58124083
245,0.6944198,0.65558827,0.7995352,0.41577032,0.7290554,0.4747308,0.27890378,0.3554362,0.37682727,0.5467926,0.97433305,0.8265261,0.74858826,0.6143584
246,0.7400854,0.7191168,0.939128,0.45455548,0.57991797,0.45465663,0.2726856,0.3896562,0.33655366,0.51346934,0.9863078,0.8295519,0.79021895,0.6558014
247,0.63800305,0.673367,0.84504676,0.40371418,0.5545117,0.5094353,0.290582,0.4183561,0.3640266,0.5259443,0.9487383,0.85254407,0.83174324,0.6337278
248,0.63827837,0.633217,0.8752541,0.46434686,0.6488792,0.49690613,0.30295086,0.48723605,0.43752792,0.55162555,0.896139,0.69104004,0.7183171,0.59658355
249,0.7085298,0.6850058,0.8750796,0.46001956,0.5199411,0.5274066,0.30798882,0.375487,0.29922205,0.4868076,0.9995205,0.8728123,0.8554106,0.7152652
250,0.6591801,0.6926046,0.85140646,0.38721585,0.6109145,0.49603155,0.30207184,0.4263254,0.37590113,0.5144464,0.8256143,0.73027927,0.71905196,0.5495872
251,0.5982846,0.6207571,0.764071,0.41027912,0.62229675,0.5453002,0.32693753,0.4581254,0.4299157,0.5605588,0.88827044,0.71634704,0.72500545,0.5248955
252,0.6640228,0.61181724,0.8377633,0.49279964,0.5678154,0.4985295,0.2956538,0.39800546,0.34696588,0.5208302,0.86488736,0.83586746,0.82137746,0.62395775
253,0.58495545,0.5953606,0.7887102,0.37713724,0.6166712,0.43511653,0.25651693,0.48841292,0.4165371,0.5226639,0.81322104,0.8693761,0.8044939,0.671552
254,0.6305606,0.6603233,0.7619833,0.31133294,0.5209638,0.51598036,0.3016179,0.4228749,0.33442578,0.5240235,0.81058997,0.82137936,0.82134295,0.6402248
255,0.6352179,0.5612149,0.8866693,0.50237876,0.56774515,0.46001986,0.28052118,0.4470746,0.33309767,0.45932436,0.920278,0.8372079,0.76024616,0.568455
256,0.6838279,0.657369,0.8613373,0.3490227,0.49475065,0.5070448,0.2967653,0.41726986,0.29967594,0.4639124,0.81409866,0.850795,0.82648164,0.6097794
257,0.6283876,0.5861734,0.8464941,0.39061022,0.620578,0.5455246,0.31320447,0.3898912,0.2904226,0.47603548,0.9729881,0.89221907,0.8483063,0.65048265
258,0.6830374,0.65063643,0.8387223,0.32184702,0.5278967,0.5028133,0.2944911,0.4573223,0.3413956,0.5120746,0.92032456,0.8556072,0.8751142,0.71512675
259,0.6111704,0.49232495,0.7887817,0.3153819,0.51366234,0.5567631,0.31529692,0.41792795,0.29841688,0.4707481,0.8858297,0.9960363,0.94556564,0.7025977
260,0.7150112,0.7110441,0.8968653,0.44385773,0.5133143,0.47282198,0.27785838,0.42548907,0.3060178,0.48290858,0.8540366,0.88668174,0.88056445,0.6328942
261,0.6357927,0.7054385,0.76296765,0.38728517,0.66103804,0.4787388,0.2861189,0.596971,0.5433711,0.71005964,0.5075131,0.68773216,0.6956818,0.5160789
262,0.6750231,0.6315501,0.88749665,0.62379694,0.7610295,0.5022622,0.2833927,0.5906464,0.6311405,0.7856729,0.7140629,0.69303125,0.6592958,0.48209673
263,0.8035923,0.788502,0.9514603,0.6303762,0.79769856,0.4963667,0.27898222,0.66338664,0.6769648,0.7479502,0.79121697,0.6024249,0.5700605,0.44527513
264,0.8728038,0.8331408,0.98081917,0.6826265,0.9002308,0.49525744,0.28042814,0.6575227,0.72004026,0.83933663,0.57542586,0.63083005,0.50335944,0.3555043
265,0.92951787,0.8848579,1.0332749,0.67905277,0.82950944,0.46627614,0.27147692,0.61793673,0.64105994,0.7701653,0.29369527,0.57907087,0.5344949,0.32454777
266,0.88619566,0.8018991,0.97610205,0.6326683,0.8804523,0.4863318,0.26990685,0.6382989,0.6809404,0.7516407,0.42409477,0.5844312,0.56113225,0.38286808
267,0.86170286,0.8847919,0.8624109,0.562842,0.7105467,0.4921357,0.30002582,0.6353332,0.6502635,0.76232255,0.32393682,0.61015016,0.57792425,0.3567803
268,0.74353033,0.78729755,0.76608115,0.5090294,0.7429752,0.5118395,0.29896283,0.60062766,0.5986091,0.728443,0.32177165,0.61426294,0.6628681,0.4662818
269,0.7380173,0.73207706,0.7695774,0.46951953,0.7052958,0.48959008,0.28469533,0.6158409,0.63542926,0.7391861,0.56974894,0.6336262,0.6058103,0.3978654
270,0.807887,0.77567786,0.9819598,0.69385,0.8016686,0.49963257,0.279386,0.6457763,0.66942275,0.75425017,0.5529949,0.6638453,0.60243905,0.40241042
271,0.8561488,0.78337944,1.0059717,0.7415881,0.9660709,0.5411025,0.31648713,0.622858,0.7040487,0.82420945,0.5082782,0.68091065,0.65725493,0.46563593
272,0.88577,0.8039152,0.99317425,0.6635329,0.84525996,0.5164378,0.30119768,0.6356113,0.68803847,0.7761549,0.7882924,0.64428693,0.6330872,0.49213126
273,0.8042486,0.74443567,0.97767836,0.77445865,0.9355826,0.4904644,0.28123492,0.6175808,0.68875563,0.7689598,0.952687,0.76178646,0.6644988,0.5908662
274,0.84959257,0.7375743,0.950391,0.7262324,0.88806957,0.53840506,0.3056012,0.63827914,0.7287872,0.8311799,0.76916474,0.62912637,0.54371554,0.38541752
275,0.75300765,0.7324453,0.8428235,0.6663793,0.8086215,0.49862915,0.28340828,0.640459,0.62972724,0.7418658,0.7492113,0.6316277,0.5996184,0.39920366
276,0.8206338,0.7947667,1.0121565,0.6707997,0.83790916,0.4961244,0.28745377,0.66178966,0.6974,0.804946,0.7512622,0.5573354,0.48858267,0.3883778
277,0.76934355,0.7309174,1.0093783,0.6872934,0.86440814,0.5446958,0.2993686,0.6552764,0.69054157,0.7748406,0.8317374,0.6103339,0.5583409,0.42264888
278,0.6833139,0.69227284,0.8412993,0.4942765,0.8640477,0.5252544,0.302386,0.60649353,0.62929755,0.7570643,0.4496677,0.6099313,0.6089233,0.44300747
279,0.88649243,0.83966935,1.0484388,0.7475917,0.9412893,0.5265517,0.28478688,0.63907117,0.7184297,0.77459794,0.72362953,0.72227585,0.6289117,0.42897034
280,0.85691524,0.7439955,1.08319,0.8157733,0.9281324,0.5182501,0.29465342,0.62077427,0.70326537,0.77228415,0.7614888,0.6715272,0.6301399,0.47551978
281,0.8322369,0.78238064,1.064563,0.6814279,0.89591545,0.5068788,0.28841433,0.61162126,0.63331854,0.70997703,0.71195084,0.6117583,0.61295694,0.49762455
282,0.8059329,0.76096207,0.9598722,0.65952927,0.85562277,0.51261693,0.2986204,0.5891396,0.6249253,0.72613454,0.59919083,0.6333539,0.6205174,0.42813164
283,0.8330281,0.8012361,1.0641991,0.7438279,0.945189,0.5226136,0.29658026,0.61284596,0.6873824,0.7496881,0.8406973,0.6655561,0.62575436,0.5055868
284,0.8379337,0.76899797,1.0165467,0.6834713,0.83825386,0.46727833,0.27199116,0.6479413,0.68992907,0.7228079,0.67818046,0.6441499,0.6170461,0.4693449
285,0.8381798,0.7586648,0.9948225,0.72146803,0.86920244,0.5120563,0.28428283,0.65958,0.71336204,0.7612903,0.71530503,0.57640046,0.49768046,0.38974965
286,0.8457341,0.79566413,0.99328256,0.7794053,0.79398406,0.4726517,0.26892534,0.6276361,0.65347487,0.7221592,0.58368903,0.5458364,0.5107436,0.35539046
287,0.7852538,0.73691976,0.90275204,0.5689148,0.7891378,0.49990308,0.29772115,0.6065453,0.64885247,0.7123728,0.7620843,0.6001545,0.5724434,0.4819055
288,1.02335,0.9749906,1.139524,0.73720115,0.85870343,0.46570972,0.28190225,0.6702192,0.7129361,0.7766,0.7024834,0.6722534,0.5174311,0.34576112
289,0.75590855,0.70458126,0.896601,0.5769672,0.82324636,0.5292882,0.28823462,0.63867325,0.6676901,0.7233712,0.6364173,0.62732697,0.55745405,0.34542742
290,0.7979373,0.7468532,0.9456271,0.6383237,0.7699021,0.47921047,0.29079586,0.61361367,0.607475,0.7089847,0.6596848,0.71136755,0.6212754,0.37530977
291,0.8664441,0.8103388,1.0500119,0.6874549,0.8781931,0.49916106,0.27179995,0.64072406,0.7001989,0.73358804,0.8095533,0.678476,0.5822375,0.41987073
292,0.78185505,0.77394587,0.96584237,0.56607634,0.7799687,0.47489437,0.2852989,0.6326407,0.6429543,0.7102985,0.8488397,0.6793862,0.6340624,0.5073869
293,0.83176714,0.7468719,1.0123196,0.7372406,1.077279,0.52910495,0.274744,0.62669724,0.73853177,0.7974085,0.8587612,0.6745334,0.67425656,0.5019192
294,0.81823546,0.7764859,1.0018264,0.6964335,1.0495467,0.5109209,0.2969436,0.6134068,0.6732665,0.7538467,0.7381779,0.6730553,0.64358944,0.45750543
295,0.8246303,0.8061015,0.9893251,0.75014615,1.0378927,0.524575,0.28826568,0.67710394,0.73927474,0.7986519,0.81207097,0.5989164,0.5498452,0.45624682
296,0.77228916,0.70575076,0.9621914,0.62876946,0.9217231,0.45677692,0.28842258,0.6146684,0.63826317,0.7105817,0.45206714,0.6200734,0.64022344,0.44884858
297,0.81416225,0.78318655,0.95473146,0.65317535,0.9916497,0.46255282,0.28074786,0.66592294,0.6704011,0.71432495,0.2919046,0.6134651,0.56626755,0.34792313
298,0.54941607,0.55405957,0.7255193,0.33511063,0.73850065,0.47142994,0.30287695,0.5572254,0.50743484,0.68443465,0.33127812,0.6323847,0.7327171,0.6238023
299,0.661197,0.6768415,0.78088415,0.36138704,0.62425405,0.42004043,0.26383156,0.58799964,0.45284218,0.6127039,0.36371467,0.7982779,0.85682166,0.65875375
300,0.6346669,0.6391245,0.76366746,0.40063536,0.7540536,0.5194358,0.29282314,0.53580886,0.5267265,0.6893104,0.32376882,0.6475011,0.7442067,0.62037426
301,0.6561803,0.6220233,0.75414085,0.36227667,0.78471166,0.49271914,0.3001184,0.561987,0.53310955,0.6952692,0.28798446,0.62335056,0.7338813,0.6055788
302,0.6304348,0.6517433,0.7699762,0.2984362,0.7082274,0.4611535,0.2849493,0.5670425,0.49202633,0.6716906,0.3109976,0.69452894,0.7902802,0.6682064
303,0.6020153,0.603929,0.69527507,0.4294104,0.8439458,0.498617,0.29271838,0.591811,0.57855844,0.7195439,0.40401503,0.66767985,0.7482007,0.60127616
304,0.5023548,0.4685304,0.6946032,0.3362267,0.74746007,0.6267784,0.3761493,0.3837615,0.33751598,0.56607294,0.5661233,0.932134,1.0331861,0.8819112
305,0.53586155,0.43882456,0.74531597,0.39292115,0.7869599,0.64221764,0.36707628,0.30997774,0.3191949,0.5347189,0.67256784,0.9352748,0.9920354,0.83132446
306,0.567585,0.46004888,0.7822139,0.3595479,0.7656275,0.63712054,0.37649295,0.29884416,0.3031157,0.50559634,0.77514565,1.0204816,1.0400305,0.8801899
307,0.54414093,0.49424005,0.86766577,0.46669155,0.8019633,0.62952125,0.37448046,0.3453955,0.3862192,0.5810859,0.75621456,0.9438207,0.98848325,0.82060736
308,0.6171082,0.49693343,0.94881743,0.4186789,0.7934961,0.6408106,0.37966967,0.33590838,0.35791916,0.5506972,0.69442725,0.90912944,0.96312344,0.8004543
309,0.6952753,0.5928291,0.8922386,0.44399318,0.69058853,0.6227786,0.3747503,0.31529874,0.26586455,0.4607998,0.59543,0.90642107,0.98333716,0.8001375
310,0.56151474,0.5616772,0.82969326,0.33463898,0.7587895,0.60339737,0.3687772,0.33507395,0.3053785,0.51636595,0.5929325,0.9552267,1.0126059,0.8361565
311,0.71768206,0.6192678,0.8961755,0.45696893,0.75667065,0.6316419,0.36231062,0.28823283,0.30009872,0.50366384,0.6032579,0.99845135,1.0778619,0.90937996
312,0.5025587,0.40633503,0.8148156,0.41709587,0.71468616,0.6416565,0.37355903,0.35214314,0.32332978,0.55181396,0.72581303,1.0301154,1.1060879,0.9258567
313,0.5152261,0.3504956,0.79896486,0.3949551,0.74287385,0.6200659,0.37424278,0.35988978,0.34624782,0.55843943,0.8110694,0.98815644,1.0394436,0.8545089
314,0.571118,0.43480107,0.87560797,0.4102373,0.78608733,0.6301988,0.36944202,0.31917596,0.33256325,0.53020334,0.8979928,1.0199603,1.0583975,0.8738794
315,0.50212306,0.47702932,0.78409237,0.4069313,0.7712378,0.62757,0.37535912,0.35129824,0.32787633,0.52714014,0.8481865,1.0437416,1.0907407,0.87229174
316,0.5287057,0.51884854,0.810896,0.32862282,0.70620495,0.6037724,0.37217587,0.3529316,0.3169358,0.5144717,0.84398395,1.0367948,1.0912607,0.877209
317,0.5282499,0.51476383,0.7869048,0.39486027,0.7870155,0.6361395,0.37471354,0.30782884,0.31963623,0.52559805,0.8542312,0.8819697,0.9634357,0.7869048
318,0.49844387,0.31205633,0.7528099,0.511184,0.7804591,0.64991474,0.38209766,0.36085635,0.4059963,0.6101902,0.8441626,0.85656583,0.90169275,0.72782296
319,0.5384469,0.4213486,0.8142758,0.45257786,0.7851054,0.65850013,0.3693667,0.30340385,0.3400793,0.5292754,0.6674328,0.99583447,1.0500342,0.8165872
320,0.6192138,0.5017981,0.84188604,0.34436464,0.756832,0.62227803,0.37500653,0.32469013,0.310585,0.51298714,0.8937224,0.9038287,0.95993435,0.76598334
321,0.56983775,0.49101928,0.9173433,0.50164706,0.8977572,0.6367845,0.37244686,0.32819763,0.41648677,0.60683864,0.7709865,0.90858257,0.9451528,0.73997307
322,0.598151,0.56771344,0.87221944,0.52581435,1.0457968,0.62890184,0.36992007,0.4384146,0.5320447,0.64955527,0.8317525,0.8790237,0.8713706,0.7005477
323,0.7404566,0.7485862,0.83915603,0.44537193,0.9343399,0.46308658,0.28476894,0.617323,0.6232924,0.77230597,0.59633875,0.6849675,0.6562784,0.44091183
324,0.8434919,0.82285535,1.0202649,0.584176,0.9675235,0.49043497,0.2987978,0.61641794,0.6437828,0.7536628,0.76495844,0.6671503,0.61796474,0.44384143
325,0.62386143,0.59433675,0.8198483,0.44185644,0.75738543,0.47418928,0.27788785,0.55235183,0.5045509,0.6591111,0.8649207,0.7172372,0.74057525,0.5726511
326,0.81769556,0.7619391,0.9731952,0.5832601,0.9642333,0.46551454,0.2814774,0.645399,0.64408225,0.7119268,0.6634029,0.67081934,0.6231169,0.4493544
327,0.7989164,0.7204535,0.9774962,0.60152346,1.0321528,0.53917116,0.2928817,0.66445124,0.6727805,0.75866956,0.7211961,0.59308237,0.52153665,0.3534862
328,0.73249376,0.7578261,0.8621889,0.4465087,0.9047074,0.48846868,0.28599513,0.6321811,0.5966165,0.71524644,0.6669449,0.59456426,0.5726106,0.35369915
329,0.6679466,0.6611597,0.8095282,0.44708785,0.9306425,0.4894981,0.29765674,0.59426373,0.58800226,0.71119624,0.7135226,0.68264836,0.6937048,0.49745116
330,0.8071803,0.8714828,0.81589365,0.3922831,0.9446672,0.47294354,0.27578652,0.643429,0.61239856,0.73213094,0.4050301,0.4762307,0.4958985,0.33026877
331,0.723486,0.78611934,0.7785434,0.3923799,0.8973609,0.5163086,0.30215803,0.6033024,0.56360495,0.6956127,0.42917192,0.507075,0.56171906,0.39767098
332,0.75853837,0.720716,0.936448,0.5090328,0.9500231,0.5039548,0.302797,0.6275093,0.6309031,0.72743666,0.49044284,0.48149097,0.4916742,0.3303913
333,0.7098154,0.7126103,0.76130104,0.42532066,0.8382341,0.5138688,0.29539302,0.5926851,0.5713923,0.6918633,0.5872391,0.52825063,0.53872657,0.41446468
334,0.7641509,0.6777894,0.82062846,0.39053658,0.8218699,0.44893935,0.26462036,0.60147846,0.5559623,0.6806876,0.51649606,0.49892873,0.5416278,0.40140364
335,0.8348877,0.8489265,0.9185032,0.40856603,0.8634109,0.49393198,0.29556036,0.6052585,0.56924284,0.6742423,0.49437138,0.5033376,0.501002,0.34969094
336,0.77007407,0.7776358,0.9309834,0.4807378,0.90154827,0.4797085,0.27341017,0.58511305,0.5805862,0.70513487,0.5458789,0.44884622,0.48444223,0.31951556
337,0.830441,0.8065558,0.9922081,0.5583233,0.9069588,0.4313254,0.26842222,0.6122391,0.6161785,0.6980637,0.47873455,0.55437356,0.5079703,0.3084474
338,0.7534276,0.6876186,0.88346064,0.5204465,0.94064444,0.47415528,0.2806365,0.57789934,0.6079701,0.77589977,0.53310466,0.5296309,0.5241267,0.35194203
339,0.757787,0.7434036,0.8716295,0.38132998,0.8108578,0.4416463,0.2659649,0.58272475,0.5337598,0.66993934,0.5687017,0.6579867,0.6126662,0.36696586
340,0.7952515,0.77394366,0.8542353,0.43507397,0.9597611,0.49405977,0.30192295,0.58272976,0.5788888,0.6952929,0.7924734,0.6717691,0.64257574,0.44958526
341,0.6931806,0.7130249,0.79776484,0.4332249,0.91534567,0.5243375,0.31227165,0.5610143,0.54540926,0.71052325,0.68768215,0.7518216,0.75196856,0.55425555
342,0.77101374,0.7682977,0.80112,0.4636743,0.95117825,0.4997431,0.29147166,0.59011126,0.5866113,0.69931126,0.6866195,0.68808436,0.67124474,0.4755789
343,0.89357,0.87498814,0.9644026,0.6873747,0.80808735,0.46965608,0.28806883,0.6157594,0.57004625,0.68571913,0.5790878,0.6478201,0.6470345,0.4449369
344,1.1139168,0.9934583,0.96843433,0.75482523,0.8956281,0.50801206,0.28086534,0.66193014,0.71819663,0.83832,0.37111184,0.5009287,0.5137151,0.33038104
345,1.1322473,0.99959546,0.9309438,0.7300907,0.92243016,0.53268546,0.30317727,0.6415433,0.7233028,0.80518466,0.66725314,0.49491757,0.42236796,0.31352878
346,1.2006704,0.9840099,0.9718196,0.76572263,1.0853957,0.5046864,0.2841444,0.6423597,0.6755313,0.8084027,0.5737337,0.557339,0.50990415,0.34996265
347,1.237152,1.0252846,0.91548866,0.66632843,0.89338607,0.47022003,0.27552593,0.62013656,0.64490455,0.72213453,0.6768504,0.55970544,0.5472959,0.42049825
348,1.0417958,0.9084293,0.78303903,0.6174918,1.1449965,0.53591603,0.29263473,0.6025055,0.6176521,0.7313734,0.6809638,0.5717664,0.5796772,0.43561676
349,1.2597674,1.0542891,0.9286762,0.70453614,1.0039871,0.47680262,0.27467647,0.60454124,0.63386214,0.7117997,0.4951623,0.46266285,0.46964997,0.29506055
350,1.1878332,0.99921703,0.8782476,0.6646831,1.0235175,0.48992297,0.28495565,0.6116516,0.6415955,0.76433545,0.48015717,0.42243063,0.40509322,0.29067218
351,1.0558003,0.90555364,0.82582307,0.5727889,1.2799817,0.4877648,0.27984834,0.63534313,0.6229983,0.7181323,0.5601424,0.53714955,0.5099643,0.31641102
352,1.2138072,1.0625715,1.0313908,0.78105825,0.9483565,0.44814375,0.25503862,0.63176143,0.6271406,0.70890045,0.5145643,0.5664153,0.5043495,0.30157417
353,0.98906285,0.7768256,0.8980897,0.6714774,0.96176696,0.5005001,0.28676715,0.6077989,0.63657844,0.72494024,0.7435607,0.5977401,0.60677576,0.44515273
354,1.0636344,0.84616446,0.81287163,0.646654,1.0390745,0.5301685,0.2963471,0.5990921,0.63454103,0.76077557,0.51728857,0.6546915,0.68848234,0.59708166
355,1.2274152,1.0295182,0.9116227,0.70162,0.9278036,0.46213818,0.2820031,0.6368464,0.66006696,0.725381,0.6774397,0.6370189,0.6092856,0.4654251
356,1.16279,1.0075654,0.95172054,0.70799214,0.7600487,0.4473131,0.2737206,0.6103383,0.6146456,0.6908882,0.5458355,0.6413218,0.59785354,0.3726106
357,0.96726453,0.912563,0.8992035,0.6583589,0.8380429,0.46377334,0.27834016,0.60216594,0.5723487,0.6766983,0.6511065,0.6438127,0.66919017,0.49289405
358,0.9255698,0.9652746,0.91192967,0.69397444,0.9968651,0.5015103,0.2831257,0.6727268,0.7107028,0.8028351,0.67257684,0.6235186,0.638381,0.46476272
359,1.0834372,0.9462922,0.85044813,0.6420679,0.97545666,0.51297104,0.29517022,0.6376823,0.66661966,0.7644069,0.36782113,0.58379316,0.64044696,0.5258073
360,0.9530772,0.946681,0.85754687,0.636015,0.9224485,0.46629658,0.2847747,0.62712973,0.57311743,0.7039246,0.40295398,0.6808217,0.6661867,0.43693
361,0.9901562,0.868791,0.8213225,0.52319294,0.78763384,0.46567872,0.29390702,0.5880682,0.5649106,0.6971703,0.6098192,0.7305848,0.7221975,0.50631034
362,0.7334764,0.77655685,0.6727726,0.44286808,0.8487888,0.49818677,0.3007496,0.6311883,0.59990394,0.7131451,0.54651695,0.7048496,0.70866966,0.50740534
363,0.6408069,0.61616737,0.5932585,0.40514216,0.9740907,0.50707626,0.28011262,0.5765353,0.56709844,0.72793156,0.6711429,0.7779286,0.7897731,0.590341
364,0.8142388,0.8455386,0.801087,0.56832945,1.1159922,0.514586,0.28568202,0.66529024,0.6477183,0.7748786,0.9076101,0.79755694,0.7522713,0.5450741
365,0.82739425,0.83217436,0.81712246,0.59672195,1.08137,0.5283269,0.28867942,0.64974356,0.66135263,0.7647141,0.7453492,0.67871743,0.6032418,0.43266344
366,0.79376245,0.709489,0.771623,0.54389435,1.0810252,0.522226,0.27381966,0.62759966,0.6585861,0.79023343,0.74110174,0.6228503,0.5975075,0.46385726
367,0.9844642,1.1199083,0.9504286,0.67145383,1.0580506,0.49543497,0.2704521,0.63168925,0.68306226,0.7948189,0.95354044,0.7862825,0.6871145,0.55814606
368,1.0229341,1.1882548,0.80243003,0.62982273,1.0450981,0.5241521,0.29307297,0.58411026,0.6006332,0.7122347,0.73601055,0.63961047,0.5991008,0.4126082
369,1.0497823,1.1407553,0.871668,0.682784,0.9802864,0.5102467,0.2949538,0.5603366,0.62127286,0.7307549,0.7194276,0.6558002,0.66420424,0.49972337
370,1.0165838,1.1612448,0.89121765,0.6985128,1.1728326,0.54216117,0.30053833,0.6036324,0.6998633,0.7866482,0.9544615,0.7096111,0.6720188,0.5717389
371,0.9970556,0.9417185,0.8884159,0.65011203,1.0963445,0.5419652,0.30227655,0.5975359,0.6544921,0.78043246,0.8283363,0.6378167,0.5963215,0.49861616
372,1.1757888,1.3400227,1.0492909,0.76889884,1.1583071,0.5429776,0.29660544,0.6063382,0.71092176,0.7824035,0.8339652,0.7455555,0.70599353,0.5035475
373,1.0839524,1.1947536,0.9522561,0.64286125,1.0590633,0.49704793,0.2887398,0.6042051,0.690741,0.76334697,0.7549086,0.7092046,0.64417803,0.47857028
374,0.9761933,1.1528035,0.92101514,0.7097834,1.0381864,0.51713234,0.29092827,0.57289106,0.6728271,0.772133,0.80921984,0.7051837,0.71996397,0.5486627
375,1.0861211,1.242345,0.92808646,0.6532438,0.9863576,0.5088515,0.284746,0.6084887,0.6589313,0.7583874,0.736454,0.6684184,0.60889816,0.3942406
376,0.96782833,1.1085376,0.7983953,0.4911372,0.7738602,0.4712548,0.28450522,0.57802206,0.58584225,0.70911,0.62452793,0.60377604,0.64943624,0.46046495
377,1.0204207,1.1431869,0.81377405,0.42536435,0.67669314,0.4546007,0.28328395,0.5345492,0.49169987,0.66193175,0.69010264,0.810735,0.83539563,0.6047636
378,1.0027727,1.1009246,0.86065733,0.51871693,0.82649696,0.48928952,0.3017313,0.6182021,0.60621727,0.7642625,0.56120455,0.6455789,0.63325614,0.45145294
379,0.96339554,1.0738088,0.7917173,0.48060602,0.83388036,0.4763167,0.27608356,0.54552,0.51855284,0.68778163,0.669857,0.7362432,0.79259557,0.597333
380,1.0021036,1.1507298,0.80928767,0.5154232,0.86464506,0.49028286,0.29527336,0.5615327,0.5587329,0.7352877,0.32454926,0.6297704,0.617674,0.4347276
381,1.0603089,1.2153175,0.71542203,0.36430797,0.78099585,0.48165828,0.29470795,0.5000693,0.45403448,0.6498327,0.36007842,0.73452127,0.79713017,0.5761345
382,1.1750818,1.3873372,0.6812557,0.36123985,0.8101129,0.4737048,0.2844743,0.6191935,0.57296586,0.6887947,0.36023012,0.6870004,0.70348066,0.48304692
383,0.9685962,1.1452439,0.8204362,0.3341575,0.65528005,0.44649786,0.29959723,0.60247123,0.5221603,0.64260685,0.6112288,0.8409674,0.8451894,0.62779135
384,0.91292983,1.0510275,0.6657127,0.4216907,0.8875144,0.5048968,0.2835296,0.5366145,0.5451143,0.7152193,0.3460244,0.6507092,0.7007231,0.5302981
385,0.93281263,1.0933737,0.73209983,0.3530063,0.8655748,0.47790784,0.27377802,0.55417067,0.50440365,0.66448265,0.3337568,0.61279047,0.6965125,0.5142211
386,0.95527416,1.1049774,0.6631303,0.31846213,0.8072868,0.5049224,0.27776533,0.554962,0.5499531,0.7077816,0.31241953,0.59440994,0.6905501,0.54817593
387,0.95562464,1.0783241,0.8173827,0.35929525,0.7771939,0.50649107,0.29170573,0.5714774,0.5217752,0.66945666,0.285202,0.6564321,0.65012795,0.46239328
388,0.9635563,1.0456742,0.7843437,0.44091845,0.9634668,0.49349234,0.29091898,0.60514826,0.5795164,0.69516176,0.35144186,0.5875558,0.62265825,0.45618045
389,1.0523777,1.147063,0.8989837,0.58615226,1.08158,0.5123776,0.2762186,0.5911892,0.6399141,0.77050203,0.35925043,0.5334524,0.5637806,0.4561401
390,1.0344126,1.1010273,0.7847673,0.40743768,0.7825796,0.4861994,0.2888459,0.55243075,0.53652424,0.7262938,0.31416452,0.63771385,0.6711742,0.46795142
391,1.0110635,1.113549,0.7784008,0.32122022,0.72941613,0.47784832,0.27495125,0.52080005,0.46697173,0.6614053,0.31132203,0.62697285,0.69925606,0.547853
392,0.98280233,1.1408323,0.716082,0.2830088,0.79863405,0.4805866,0.28872097,0.58742297,0.5068854,0.70036733,0.31963518,0.6499384,0.72692364,0.5737699
393,0.8559937,1.044075,0.70881295,0.2887351,0.7331146,0.63830626,0.3775574,0.32933706,0.28934976,0.4975625,0.46991807,0.83106375,0.93480325,0.7961363
394,0.80849665,0.9852987,0.67382133,0.31732133,0.79143965,0.63272405,0.3763431,0.32152718,0.30932978,0.514251,0.41214037,0.80748284,0.8793053,0.6917132
395,0.92124826,1.0648144,0.75982684,0.2848549,0.7505678,0.5899909,0.3737883,0.36792704,0.3085278,0.5290522,0.4761961,0.8548392,0.9555241,0.7782392
396,0.8034718,0.9368462,0.63962156,0.31048924,0.8947717,0.6329074,0.37196907,0.33627397,0.3263555,0.5419507,0.46964574,0.7410163,0.8596211,0.6854863
397,0.92666477,1.1093574,0.65855336,0.33070582,0.79204607,0.62155926,0.36477312,0.32932377,0.30358115,0.52363807,0.5195288,0.7890301,0.884067,0.70511425
398,0.9081841,1.0430989,0.6840021,0.3283613,0.8534465,0.62155277,0.37373963,0.31697583,0.28849664,0.5127602,0.4559077,0.76356065,0.85069895,0.6694486
399,0.87664115,1.0299851,0.69959164,0.3637111,0.7189325,0.61019063,0.35802284,0.32238576,0.3030644,0.51282364,0.4735454,0.7665697,0.859107,0.67235935
400,0.75252,0.86012316,0.5930316,0.43229648,0.8453357,0.6212699,0.3715075,0.35833558,0.4206238,0.6274238,0.47984624,0.704261,0.81927776,0.6910296
401,0.8474596,1.0093491,0.61624426,0.38153622,0.7714136,0.61369073,0.35940477,0.32874817,0.35933477,0.5608281,0.4315628,0.7602129,0.83449596,0.6840384
402,0.828584,0.9906034,0.68848705,0.35548404,0.7133016,0.6072675,0.3743916,0.36092716,0.28377727,0.4725145,0.518501,0.8335401,0.90511566,0.7170356
403,0.7443512,0.8834989,0.54748553,0.35158107,0.8263111,0.61875916,0.36506334,0.3391251,0.36632422,0.5602048,0.65520614,0.9558692,1.0213513,0.8106195
404,0.7667269,0.75568515,0.649312,0.40452898,0.8103378,0.6199369,0.36035618,0.32339677,0.32482412,0.527036,0.6037068,0.90366817,0.9797011,0.7932291
405,0.7932878,0.9226844,0.6265651,0.4365255,0.8408993,0.62907094,0.3607356,0.3129528,0.35983232,0.56366867,0.67908853,0.8817832,0.9676946,0.8103826
406,0.8420385,0.9676706,0.68777335,0.3737854,0.7503723,0.6159171,0.37413785,0.30986255,0.2926146,0.51253796,0.48518798,0.88557196,0.94912064,0.73358065
407,0.8127896,0.9000896,0.6965886,0.3523663,0.875846,0.6065359,0.37221757,0.30425525,0.29008362,0.50527173,0.47003084,0.8388597,0.90809536,0.7179147
408,0.74239117,0.8051742,0.6437514,0.48994762,0.83777624,0.6142389,0.36762834,0.33780557,0.39020017,0.5831024,0.4495762,0.8392386,0.94027364,0.76667005
409,0.7708969,0.8849541,0.705684,0.35456094,0.8511691,0.6274835,0.373716,0.31406716,0.31892183,0.5466969,0.631337,0.9022083,0.9919723,0.8187037
410,0.8657889,1.0625658,0.53709745,0.3344181,0.7866544,0.61678797,0.36265162,0.30913064,0.30851448,0.51620847,0.6668766,0.92467105,1.0242865,0.8729716
411,0.8768211,0.9788103,0.77189374,0.3459599,0.72361207,0.5982427,0.3628559,0.33779255,0.28684714,0.5090229,0.4627424,0.81400675,0.84959614,0.6581354
412,0.7723231,0.9139189,0.66080683,0.43494374,0.78364456,0.61346114,0.36419436,0.31430367,0.36735812,0.5684667,0.40081418,0.75922626,0.8567825,0.7008222
413,0.7305627,0.8241322,0.59692043,0.45599857,0.85268575,0.61361504,0.35521418,0.35414398,0.36999568,0.5596748,0.34999448,0.6707031,0.7392105,0.5951493
414,0.75428206,0.7434202,0.6976457,0.42613944,0.89095485,0.65515924,0.38705695,0.29711902,0.33431923,0.5458978,0.4637032,0.74959576,0.8443312,0.7107586
415,0.8320268,0.9727529,0.6761528,0.34244624,0.8139017,0.6454562,0.3805808,0.33163235,0.36478665,0.57785386,0.46482244,0.7506046,0.816271,0.63742435
416,0.84143966,0.9487985,0.732673,0.31709424,0.7578166,0.62455225,0.36637107,0.29954568,0.31441614,0.5234616,0.45554927,0.77543354,0.8612591,0.6674122
417,0.7612397,0.84771395,0.6974192,0.3802324,0.7991572,0.602659,0.35868755,0.30840138,0.28386983,0.5037008,0.53955865,0.8065222,0.8720481,0.6946267
418,0.72938406,0.7335625,0.65783966,0.41998082,0.8940145,0.6706449,0.36876673,0.31280628,0.35692102,0.564796,0.5600622,0.78545684,0.86021346,0.6873388
419,0.80840564,0.9122474,0.7480229,0.4323679,0.7712419,0.60616595,0.36824408,0.33757165,0.28800824,0.4837621,0.40207544,0.74344313,0.7930159,0.62832767
420,0.6447523,0.60163724,0.59683365,0.330919,0.78097826,0.61064297,0.35736012,0.36503008,0.32053614,0.54135656,0.4045971,0.8130161,0.9316345,0.7955344
421,0.70289284,0.6885507,0.680465,0.34524167,0.78752,0.6297572,0.36023116,0.3063543,0.3079332,0.5141224,0.39299548,0.77144593,0.83832264,0.64940596
422,0.62893367,0.68398863,0.7512024,0.29843777,0.7264194,0.6022775,0.36231458,0.37277213,0.31180322,0.5277978,0.3825122,0.80876416,0.89746463,0.7359671
423,0.62793463,0.4926671,0.7788689,0.43867785,0.82403696,0.65996504,0.37581366,0.30348042,0.3602083,0.55520415,0.6070441,0.82712555,0.90970844,0.7384115
424,0.63922536,0.5562548,0.71915174,0.314627,0.6916859,0.5989377,0.35818225,0.3084695,0.2887194,0.4764347,0.5168863,0.8975371,0.9782022,0.7964868
425,0.7476805,0.6937738,0.81122935,0.34628797,0.63344806,0.55105615,0.3061832,0.3847775,0.29134828,0.46602112,0.49158797,0.8554087,0.9054967,0.7066884
426,0.7743216,0.80825394,0.7804717,0.32038197,0.596395,0.48216683,0.3021314,0.46793154,0.33285117,0.46510142,0.48923722,0.8235157,0.8834067,0.69110596
427,0.7503527,0.6916034,0.7506383,0.30298266,0.8111899,0.46712357,0.29644042,0.39472312,0.2697886,0.45263714,0.44111958,0.84635216,0.9239776,0.7553674
428,0.84883386,0.7997756,0.7661168,0.2751564,0.7642777,0.5027544,0.29687834,0.44357648,0.3342963,0.50132066,0.4578501,0.7854196,0.8267081,0.64118636
429,0.66518676,0.66967654,0.72069234,0.33411664,0.8356287,0.47689754,0.28936416,0.4270152,0.33967724,0.54835564,0.41309753,0.78053725,0.85522085,0.69257015
430,0.6325231,0.6062534,0.7211963,0.30955333,0.754623,0.6278567,0.36403933,0.31920275,0.294471,0.4865214,0.4327712,0.8109844,0.86187524,0.66876924
431,0.6618189,0.68870777,0.7139016,0.30582947,0.8095599,0.61884654,0.36367834,0.32681525,0.27956268,0.5024249,0.46369585,0.8536978,0.9651278,0.7966941
432,0.676407,0.680745,0.79671776,0.3277577,0.6528474,0.48627886,0.27652445,0.4421968,0.3061984,0.4540115,0.52300227,0.892973,0.8941348,0.6590365
433,0.68466634,0.69352746,0.73944986,0.40427372,0.7886597,0.53283113,0.32114533,0.43251097,0.37157187,0.5290214,0.755028,0.7743181,0.7789942,0.5616713
434,0.71786433,0.6665716,0.84471554,0.35995713,0.7233254,0.5502612,0.32897592,0.37839097,0.32678205,0.4753592,0.7822922,0.8493482,0.8622053,0.65805733
435,0.702669,0.6863629,0.824341,0.4222565,0.76562023,0.4887393,0.28469872,0.4244265,0.3479206,0.5317058,0.7329017,0.8280487,0.8673818,0.6536983
436,0.8045579,0.78774166,0.6929676,0.297556,0.71294945,0.516758,0.30366236,0.4246344,0.30890927,0.4768839,0.6829108,0.91361,0.9401177,0.7151671
437,0.8003179,0.8364155,0.7154289,0.3283596,0.8705318,0.46378922,0.29128477,0.47891766,0.4018187,0.51788765,0.7287288,0.8141041,0.79794866,0.56907433
438,0.7743703,0.8208781,0.74946284,0.3033398,0.7133812,0.48584107,0.3094099,0.42391744,0.32443893,0.5088464,0.6458678,0.9405431,0.9650325,0.75099003
439,0.78465796,0.74458075,0.7491759,0.37130588,0.90052676,0.5007974,0.30115095,0.43634003,0.3911574,0.5633495,0.7625641,0.8046924,0.8339674,0.6336164
440,0.78626347,0.70004237,0.7490686,0.37429988,0.77663463,0.54842144,0.3162501,0.3800133,0.35649326,0.5560646,0.88187724,0.89742064,0.8786769,0.6701591
441,0.76340157,0.78936875,0.8190279,0.33906797,0.82660073,0.52724653,0.3026268,0.39349517,0.31817693,0.49832925,0.8109739,0.8545484,0.9014194,0.71326524
442,0.78838867,0.7399226,0.85995317,0.37803367,0.7491078,0.5155967,0.31733346,0.3848154,0.29294455,0.48664448,0.89746386,0.848503,0.9005686,0.71012133
443,0.8540554,0.7861581,0.88627315,0.42948884,0.7979306,0.4858378,0.30885613,0.41848013,0.4035939,0.5621799,0.7722517,0.7887854,0.7877722,0.59923184
444,0.78141165,0.7141343,0.89459074,0.37912983,0.78759265,0.53259903,0.32347497,0.36678636,0.30474418,0.4948286,0.9305726,0.89330196,0.9021535,0.67597824
445,0.7334707,0.71864545,0.919912,0.37773767,0.7201905,0.5109357,0.30209804,0.41099998,0.3032232,0.46616283,0.9144654,0.87841594,0.89898956,0.6967065
446,0.729285,0.67720115,0.6755983,0.35774142,0.7000364,0.5119639,0.28715545,0.39485186,0.31476575,0.517883,0.85906166,0.8566972,0.9152039,0.7271984
447,0.7864512,0.78970426,0.73371,0.32348064,0.7794497,0.5093785,0.2976334,0.41927058,0.3154446,0.49889174,0.77756494,0.7543699,0.79750186,0.61440945
448,0.77685994,0.68040395,0.78751767,0.33724076,0.6953078,0.50888723,0.29274765,0.39010853,0.2956795,0.44658867,0.87996733,0.93343276,0.97642547,0.740479
449,0.70960414,0.6525449,0.79287046,0.41227344,0.8266352,0.50069463,0.2952655,0.33702052,0.31122893,0.51026946,0.82670355,0.78139025,0.83997756,0.6826742
450,0.7790845,0.70263803,0.81648237,0.4225582,0.78828186,0.47245565,0.28427055,0.36641118,0.2856456,0.4912654,0.83303136,0.8022682,0.8636584,0.67341626
451,0.61741257,0.6302095,0.6879227,0.35489374,0.7623727,0.52607185,0.30359364,0.41765705,0.31361,0.504258,0.84419566,0.89085585,0.9602594,0.7978119
452,0.6724955,0.6933139,0.7870073,0.31125,0.7727323,0.52043355,0.30217,0.38401568,0.29287925,0.4821281,0.478813,0.8086948,0.86737645,0.7005746
453,0.75608873,0.727004,0.7984988,0.33460858,0.6884231,0.4706219,0.2844951,0.40597054,0.29985777,0.47907096,0.469398,0.835753,0.89168,0.70940924
454,0.72324693,0.67195535,0.7133312,0.3984488,0.8154878,0.5168609,0.3130308,0.36008325,0.29174125,0.50352615,0.50415105,0.8739493,0.9408814,0.7523223
455,0.72609293,0.6288522,0.80578375,0.33738527,0.812532,0.4798032,0.2922036,0.38592315,0.3422083,0.5226568,0.4415735,0.8428564,0.85427046,0.66363025
456,0.648783,0.5447743,0.6436845,0.33655083,0.8748111,0.64445853,0.375445,0.31366336,0.2975188,0.5279128,0.5037444,0.86123824,0.930851,0.7782601
457,0.61557746,0.6260888,0.657717,0.3081755,0.8257495,0.6150762,0.36995527,0.32440984,0.31103668,0.53012294,0.457581,0.79494137,0.87640905,0.71902907
458,0.6604134,0.5898313,0.6544016,0.3805735,0.80225366,0.63526285,0.3737288,0.32209048,0.29140338,0.5164126,0.45205542,0.8786814,0.9563951,0.77620703
459,0.7080574,0.67670846,0.6512634,0.36243683,0.81980145,0.6126288,0.36027616,0.36624447,0.33193293,0.54646343,0.43656123,0.7507139,0.8187535,0.61827254
460,0.70184326,0.5687368,0.63686395,0.38897938,0.8343528,0.63941437,0.37312698,0.34707913,0.32030517,0.5675103,0.5117947,0.75937814,0.83889496,0.63663846
461,0.48060766,0.46965814,0.6540405,0.3439714,0.9148339,0.6512802,0.36834514,0.35614935,0.37284803,0.5960177,0.5487313,0.74162024,0.79156774,0.616999
462,0.43465567,0.43234316,0.76663995,0.45754257,0.9493583,0.6184996,0.3705606,0.32303977,0.38311332,0.5834889,0.62077963,0.9211026,1.0020579,0.7828143
463,0.5148886,0.42858735,0.755752,0.3973262,0.89189535,0.6216541,0.3628334,0.2797844,0.36903435,0.5624484,0.662945,0.98853457,0.9838236,0.75830156
464,0.44779262,0.40543365,0.74916184,0.5309506,0.88289714,0.6406916,0.36619768,0.2965851,0.32536328,0.54423416,0.67943275,0.949155,0.9927064,0.79105705
465,0.58597493,0.51702803,0.7539206,0.41143584,0.8211014,0.62394124,0.3742289,0.31409198,0.2931023,0.51132876,0.653029,0.92327935,1.0095956,0.8112808
466,0.4666942,0.41263258,0.6303385,0.39503214,0.83749884,0.63955224,0.36620313,0.35226506,0.38446745,0.5714016,0.7779675,0.8607409,0.8953418,0.73606473
467,0.49207318,0.4038335,0.7054588,0.46590504,0.9108209,0.6337055,0.36648485,0.28361207,0.33460486,0.533488,0.7239367,0.98733616,1.026068,0.8533966
468,0.53293777,0.35617557,0.7758597,0.3805721,0.7799321,0.6433364,0.37079182,0.29266468,0.32543647,0.54160076,0.6216791,0.9779861,1.0201094,0.80309814
469,0.54414326,0.48760626,0.7809291,0.35504985,0.8342039,0.63935184,0.3704832,0.32270706,0.36523587,0.5617023,0.50045586,0.8713292,0.92093414,0.6981401
470,0.55482084,0.531271,0.6701997,0.35835165,0.7699104,0.6204677,0.3631006,0.29561275,0.2905913,0.5024752,0.6573627,0.8952918,0.9910855,0.808285
471,0.57669806,0.48654073,0.67617726,0.31721437,0.81296283,0.63635635,0.37139213,0.31369022,0.31548643,0.52734023,0.6118294,0.86190987,0.95469433,0.77196515
472,0.5833873,0.608287,0.72538394,0.2905746,0.79486,0.6283371,0.3750544,0.33904943,0.32967794,0.55746925,0.5422773,0.8647453,0.9665561,0.8165211
473,0.6796717,0.54704213,0.8454118,0.41004652,0.83536035,0.5899682,0.3534402,0.29323182,0.33311263,0.52641666,0.67717075,0.9318764,0.9565987,0.76197934
474,0.5503517,0.52804184,0.7582214,0.41873175,0.8076252,0.6281505,0.37312436,0.29033276,0.29691195,0.5069679,0.7550969,0.9644923,1.0426625,0.8762504
475,0.5746102,0.5511647,0.7819415,0.36070582,0.833922,0.63411653,0.37126225,0.3225893,0.3781104,0.5756589,0.5430229,0.91470814,0.9833667,0.8432822
476,0.49245104,0.50117654,0.745766,0.38380733,0.9031506,0.6307431,0.363932,0.34081936,0.3182857,0.50061023,0.65145284,0.9137468,0.9503951,0.7625339
477,0.5225289,0.44455832,0.6784188,0.34752873,0.8454392,0.62478113,0.36480007,0.34873375,0.3500492,0.54752994,0.4743884,0.83858025,0.91868377,0.7714336
478,0.6663365,0.5684167,0.53531027,0.32154918,0.8267825,0.62623864,0.367637,0.29631796,0.30499238,0.5110923,0.5271882,0.93823963,1.0238951,0.81483686
479,0.6363687,0.5908475,0.49940312,0.39044997,1.0686986,0.6337562,0.36933786,0.35891733,0.42924294,0.64142585,0.45361447,0.8090817,0.875782,0.7130158
480,0.6026639,0.5355247,0.53384787,0.34400836,0.896129,0.6205077,0.36162603,0.3229125,0.35281828,0.5603929,0.5065211,0.8308082,0.8876084,0.6988002
481,0.6745456,0.56140655,0.5305471,0.3935221,0.8451086,0.6450841,0.37573993,0.30608755,0.28760263,0.50039893,0.5005105,0.89972734,0.9448149,0.73445565
482,0.54035443,0.4801387,0.5672443,0.30055502,0.80229473,0.6333218,0.3676609,0.3207283,0.30011952,0.5276219,0.47111174,0.8555983,0.9430954,0.76392895
483,0.5757441,0.5119355,0.53815323,0.34789613,0.90898424,0.6281768,0.36541474,0.30130303,0.32029036,0.5171743,0.49868092,0.88924927,0.91890913,0.7095719
484,0.51816255,0.49697375,0.60425663,0.3844517,0.8361195,0.61179876,0.37171042,0.34153962,0.3365094,0.5238756,0.5494978,0.8957284,0.93987924,0.7490848
485,0.6788702,0.56445813,0.5943623,0.34725088,0.791669,0.6225261,0.3590075,0.3212484,0.2891531,0.4991868,0.47010925,0.893409,0.9126436,0.7038195
486,0.6389446,0.61790675,0.63034785,0.33154154,0.8367729,0.6189177,0.3577695,0.3280861,0.3149841,0.5341199,0.46577048,0.8593198,0.87140495,0.648355
487,0.5882049,0.5278223,0.5741972,0.34097755,0.7691267,0.6269201,0.36896843,0.3405528,0.32311136,0.5352761,0.56048286,0.88845634,0.9562046,0.7500383
488,0.56226,0.52920276,0.6399629,0.38239,0.7073981,0.6278523,0.36900565,0.32353133,0.28914317,0.49208704,0.50261605,0.8762129,0.94906086,0.7489876
489,0.45888942,0.44868973,0.65373284,0.40529004,0.8548578,0.6075932,0.36651057,0.3557268,0.32800686,0.522875,0.6569807,0.8871593,0.96091676,0.8067293
490,0.55570585,0.6099094,0.60062957,0.34905046,0.83586943,0.67012143,0.37118018,0.3054028,0.34647298,0.5485746,0.54067785,0.79649585,0.87624496,0.7338672
491,0.63446116,0.60218406,0.60205513,0.3016172,0.7298541,0.6224553,0.36645484,0.3464261,0.33124366,0.538613,0.44029763,0.7635977,0.82242364,0.6202554
492,0.65501404,0.68735445,0.51123774,0.38117883,0.96520984,0.62341785,0.37903795,0.3232942,0.34017885,0.54578775,0.3921936,0.7130904,0.7404897,0.5761556
493,0.6506227,0.58837724,0.5724504,0.2793109,0.7033379,0.6316696,0.3745829,0.3313735,0.30453327,0.51058346,0.57471484,0.8327906,0.9205613,0.7417249
494,0.59571683,0.550535,0.6268944,0.34018388,0.84335864,0.6457625,0.36811003,0.33392778,0.33678856,0.5350804,0.60710436,0.8745537,0.90630615,0.70113885
495,0.7194045,0.6047629,0.5939544,0.35743782,0.84339654,0.6247593,0.36769673,0.30705303,0.32054007,0.5082522,0.54814684,0.7334148,0.75864977,0.5766886
496,0.640934,0.62502897,0.6187479,0.33791378,0.84849185,0.63036275,0.3698305,0.31884128,0.30070645,0.4916141,0.51384413,0.84777045,0.8487049,0.62861866
497,0.59563094,0.54558206,0.65417224,0.3892766,0.781279,0.6103008,0.36621842,0.32392758,0.3156071,0.513812,0.64250726,0.93650705,1.005428,0.7826234
498,0.45286626,0.45539597,0.64573705,0.33478725,0.9124636,0.6537526,0.38229755,0.35456654,0.39833942,0.5888709,0.63032144,0.84422904,0.8979802,0.77007055
499,0.4987666,0.45496148,0.65748006,0.38500157,0.85863966,0.632677,0.37213057,0.32080558,0.28186664,0.47160867,0.70957774,0.9067687,0.97787666,0.8033183
