,ALA_158,HIS_174,ARG_177,TYR_178,GLN_245,ALA_246,GLY_252,ARG_253,TYR_276,ASN_361,HIS_362,THR_363,HIS_366
0,2.2381163,4.7591567,4.003824,3.7719622,0.28687477,0.393039,0.39500126,0.37976232,3.039958,1.6977398,2.2194316,2.1454308,2.6518118
1,2.2482889,4.799348,4.0238757,3.8451583,0.31427473,0.3564994,0.3097915,0.2824744,3.0637522,1.7809222,2.283336,2.247544,2.7753778
2,2.2316437,4.7918324,3.986597,3.7930753,0.30427623,0.37580496,0.3643319,0.30476853,3.1199784,1.8301643,2.30311,2.2477007,2.8299727
3,2.1737614,4.680211,3.9306352,3.6971436,0.3031268,0.39367905,0.31487346,0.28299397,3.102745,1.8361673,2.289394,2.2714791,2.8643734
4,2.2066107,4.612143,3.8967454,3.6998446,0.28733745,0.37222153,0.3092858,0.2844353,3.2732227,1.8613498,2.3111324,2.219564,2.8783703
5,2.2537594,4.7551417,3.971105,3.8142076,0.30808762,0.35522047,0.35116208,0.29342368,3.207164,1.8682642,2.2905567,2.2876744,2.8105218
6,2.2159183,4.7043924,3.9301426,3.7670033,0.3062415,0.33340824,0.33477214,0.3021151,2.956881,1.6103634,2.1566586,2.0608437,2.647331
7,2.2865386,4.687842,3.9753816,3.818905,0.3371403,0.325237,0.39205396,0.36176887,2.9393876,1.6396588,2.2230842,2.0644433,2.683779
8,2.3304582,4.7768154,4.0289717,3.806032,0.31237617,0.36260524,0.36845502,0.2992956,2.9813488,1.6049504,2.1501892,2.052931,2.6096585
9,2.2585208,4.74174,4.024675,3.7997205,0.33858183,0.3706623,0.3300818,0.27761334,3.1144392,1.664321,2.1674113,2.0673428,2.6491737
10,2.2650068,4.8378367,4.08762,3.8189337,0.30169904,0.30708703,0.34260908,0.31872684,2.9656632,1.5623518,2.1099308,2.0099282,2.5923493
11,2.2763302,4.8615475,3.993882,3.8436635,0.3041504,0.35867572,0.35016352,0.27854913,2.8949857,1.5795614,2.1256843,2.0199938,2.55528
12,2.2497997,4.8099523,3.9404802,3.8124986,0.29647937,0.34255075,0.36390084,0.30207115,3.1596038,1.6973854,2.2172418,2.1335475,2.6758406
13,2.1949165,4.8157635,3.950617,3.8048265,0.27713573,0.3649343,0.350895,0.30953905,3.1837246,1.9172099,2.286124,2.316292,2.8128226
14,2.1939847,4.715803,3.9261727,3.8325822,0.28847086,0.36678392,0.28426212,0.28901768,3.169936,1.9115127,2.2989478,2.2805376,2.812999
15,2.276246,4.843156,4.0505714,3.8593612,0.30465925,0.31271908,0.35666615,0.302551,2.9429002,1.7409198,2.1986065,2.138681,2.6361456
16,2.2522545,4.756961,3.9847877,3.7801602,0.2858396,0.3318882,0.32508868,0.27961758,2.8786666,1.6830624,2.1447823,2.0569942,2.609279
17,2.2197022,4.7243342,3.9580076,3.6917005,0.3313569,0.38107002,0.3212274,0.27790555,3.001122,1.7671165,2.2312481,2.1523378,2.6615505
18,2.1939313,4.740666,4.0096583,3.6741393,0.29941407,0.35715553,0.3469877,0.29805237,2.913291,1.7341553,2.2106729,2.1007288,2.5940638
19,2.2803648,4.84108,4.0609145,3.8597984,0.31214237,0.37047124,0.33328676,0.315636,2.979071,1.7031842,2.1610837,2.1054595,2.5542357
20,2.2085197,4.815811,4.062955,3.8017037,0.33694142,0.43195668,0.3860246,0.37253636,3.0718138,1.7480791,2.222735,2.0850265,2.6713967
21,2.2566066,4.782037,4.029801,3.767141,0.3177487,0.32571784,0.3359288,0.3128539,3.049742,1.6168963,2.157204,2.0981054,2.582029
22,2.2419665,4.802821,4.057124,3.7584622,0.28063416,0.35099015,0.30269206,0.308137,3.0382876,1.6693174,2.231827,2.0956957,2.6232245
23,2.297841,4.7890425,3.9869356,3.8318138,0.33380997,0.3205977,0.44358087,0.34446442,2.9829566,1.6131494,2.1907172,2.0753043,2.66065
24,2.1826003,4.7709117,4.018971,3.73115,0.30319285,0.37822226,0.34573424,0.30112204,3.2810066,1.7551401,2.2362566,2.2075758,2.7737103
25,2.247666,4.7363915,4.0346766,3.7678957,0.28207624,0.3343498,0.32587683,0.31896114,3.12614,1.5993313,2.1268852,2.0164065,2.6240242
26,2.2674408,4.9485636,4.084336,3.7402782,0.31262708,0.32379076,0.30922985,0.27925935,2.946276,1.5582389,2.1104527,2.0563679,2.580628
27,2.1821523,4.6491733,3.9898202,3.7288725,0.28516006,0.35752094,0.32212567,0.30422828,2.9664996,1.6662337,2.2630873,2.1151822,2.6578214
28,2.2431045,4.65382,4.022045,3.7363431,0.29351726,0.36576027,0.3715063,0.34834218,2.7758186,1.5733881,2.1532001,2.0444295,2.5631285
29,2.2525892,4.834867,4.1218624,3.9001298,0.2926809,0.33394298,0.3406541,0.2795316,2.9337673,1.6460304,2.0985966,2.0505457,2.5818505
30,2.2354958,4.6861715,3.9921186,3.7524269,0.30536747,0.36185622,0.34284666,0.29085347,3.1312315,1.6089804,2.1921217,2.0527892,2.6341531
31,2.225846,4.6556945,3.9748182,3.751511,0.2949374,0.34649828,0.32312587,0.27752417,2.9904666,1.6510471,2.1975484,2.2105951,2.6538734
32,2.2691214,4.8832498,4.034737,3.8036067,0.28374478,0.3773743,0.34506333,0.32340032,2.829258,1.5270228,2.0856404,2.122129,2.5327625
33,2.246479,4.8484964,4.0044937,3.7764976,0.31947193,0.37486243,0.35466343,0.29980925,3.0920072,1.7746129,2.2992687,2.3125618,2.7590463
34,2.2494326,4.8281035,3.9861648,3.7681801,0.30170143,0.37380925,0.34845638,0.29057676,3.0957742,1.636921,2.1936138,2.2080455,2.6939025
35,2.2609642,4.907561,4.056079,3.8383102,0.3217646,0.3776898,0.35254443,0.31120932,2.8433228,1.6415238,2.1457665,2.1407673,2.5956507
36,2.2675688,4.7297916,3.9975824,3.8209684,0.32026428,0.3488216,0.3854484,0.30396423,3.029925,1.5662225,2.1079326,2.067661,2.564812
37,2.2115548,4.676889,3.9161696,3.792207,0.2965265,0.41215977,0.31496027,0.28270754,3.1061006,1.7782911,2.2256324,2.1837583,2.7228472
38,2.217892,4.8391166,3.9800189,3.8162804,0.28432673,0.3413606,0.30968243,0.2771473,3.0280206,1.7412255,2.1977654,2.1253889,2.7200031
39,2.2391138,4.6729436,3.8995814,3.758712,0.28350875,0.3429262,0.34714922,0.36445525,3.1400745,1.7589184,2.2629285,2.2127361,2.7864811
40,2.2664597,4.7633424,3.9251177,3.8281567,0.29795834,0.36377922,0.34926942,0.3348003,2.9686716,1.7035977,2.2623572,2.1638544,2.633014
41,2.1584802,4.6148186,3.8144526,3.7867403,0.28059804,0.3311652,0.34682277,0.3088506,3.0809991,1.6717813,2.180719,2.1273835,2.6844087
42,2.2705235,4.6316013,3.9005396,3.8693068,0.29564062,0.37362567,0.364212,0.3250289,3.0351088,1.6814798,2.142674,2.1168487,2.633379
43,2.210658,4.634094,3.9056575,3.811814,0.31964597,0.4070116,0.3380782,0.29159698,3.1725616,1.6665759,2.171911,2.115718,2.7096055
44,2.2788768,4.607506,3.8760529,3.792413,0.3157972,0.34266996,0.34930664,0.2867358,3.0230868,1.6248103,2.1137273,2.0622222,2.6049151
45,2.2428637,4.7649097,3.8676684,3.8063424,0.2912341,0.3712411,0.32382965,0.27884015,3.0566604,1.6423641,2.1733654,2.104261,2.630621
46,2.286073,4.8088174,3.880646,3.7669795,0.31937918,0.35867745,0.32786542,0.27959326,2.943762,1.5745096,2.1158886,2.0022829,2.5993273
47,2.2898393,4.822273,4.0064836,3.8723896,0.3169823,0.33313236,0.32814413,0.29677692,2.910835,1.6533788,2.1354294,2.0293121,2.5995126
48,2.3021917,4.928245,4.021334,3.8687716,0.31614783,0.3238731,0.33566937,0.2992398,3.006332,1.6417711,2.1140244,2.0432525,2.6129923
49,2.262811,4.923646,4.003083,3.7831488,0.28802717,0.35754266,0.32189858,0.29373592,2.9288156,1.5303699,2.129793,2.1009204,2.6109085
50,2.2876954,4.8847623,4.011903,3.9166846,0.28229788,0.35283875,0.36102706,0.31752947,2.940428,1.6040272,2.1049025,2.05892,2.6280515
51,2.2779777,4.922758,3.9577048,3.7795544,0.29771107,0.357548,0.38483784,0.29970422,3.049779,1.665594,2.1660647,2.0649798,2.7131116
52,2.271189,4.938648,3.9997222,3.8019114,0.28636777,0.35816574,0.34071127,0.32874116,2.9895904,1.6665741,2.1364245,2.063413,2.6833882
53,2.2674646,4.8722763,3.9855423,3.8536298,0.3222325,0.40182695,0.34348032,0.32077602,2.9103715,1.5713267,2.082044,2.0184975,2.5674858
54,2.312233,4.9255695,4.0749846,3.8198667,0.3307573,0.38643932,0.370568,0.31684512,2.862429,1.566699,2.1129894,2.0566413,2.6111896
55,2.2187269,4.750224,3.9309106,3.7689443,0.33382508,0.35842568,0.32299328,0.29824832,3.1619422,1.788278,2.3021994,2.2008874,2.7904792
56,2.1862836,4.827746,3.9605703,3.7527723,0.2856688,0.35194507,0.34059244,0.28386104,3.1287682,1.646137,2.1787727,2.0907745,2.6867044
57,2.2686145,5.045275,4.129057,3.9288461,0.29663375,0.3268843,0.35190272,0.30059546,2.9931898,1.5948671,2.1129649,2.025457,2.612683
58,2.2302506,4.911579,3.9953012,3.722644,0.29757375,0.3841307,0.34638768,0.33744496,3.1323333,1.789363,2.2835238,2.2286692,2.8036878
59,2.2337317,4.9291615,3.9726033,3.7220898,0.2961147,0.329166,0.34365907,0.2888892,3.0629873,1.6182108,2.1267836,2.0856943,2.663273
60,2.272381,4.9720583,4.0398703,3.7742307,0.2783636,0.35556284,0.31696498,0.29780117,2.8049424,1.5886978,2.1385918,2.0168445,2.5961294
61,2.2307723,4.813197,3.8974679,3.691338,0.30321226,0.34765774,0.33587128,0.31674594,2.9845037,1.5715941,2.1023245,2.062732,2.53825
62,2.2895265,4.9613256,4.046914,3.9157958,0.29705566,0.36064884,0.36780655,0.35864145,3.1033144,1.7104423,2.173125,2.1401477,2.6643019
63,2.3217301,4.910573,4.0065174,3.9252744,0.29880294,0.3658466,0.3265954,0.31178176,3.0778003,1.7292677,2.191173,2.1444478,2.7162669
64,2.2800481,4.931434,3.9910376,3.7820024,0.32224047,0.3534066,0.3507825,0.2997812,2.9295738,1.5933323,2.0770123,2.033292,2.6185858
65,2.257427,4.935596,4.0049043,3.7153125,0.2961363,0.37667564,0.33607295,0.278922,2.8468876,1.5717237,2.046758,1.9827718,2.6204822
66,2.2334468,5.0149617,4.05241,3.8105218,0.29785177,0.35084087,0.3362638,0.2943929,2.9868808,1.666415,2.1984813,2.0748365,2.6551309
67,2.3168054,5.1125965,4.1912966,3.9005294,0.29861078,0.34709668,0.36221167,0.31213757,2.9106581,1.5562854,2.0641906,1.9534552,2.5160055
68,2.2826838,5.080864,4.118753,3.9529152,0.28218582,0.33681792,0.3413599,0.31174102,2.8857887,1.5505234,2.0571003,1.9833848,2.513696
69,2.2892466,5.016655,4.2071447,3.8975503,0.28455833,0.37020966,0.34137487,0.35991743,2.9316971,1.5675508,2.0769486,2.030383,2.5224347
70,2.28446,5.0392795,4.150693,3.8422153,0.29069167,0.3566537,0.3321493,0.3004962,2.9496953,1.573192,2.109405,2.0334089,2.5547185
71,2.2736201,5.0027347,4.064938,3.8236887,0.320848,0.33749688,0.33321568,0.30368176,3.00284,1.5749282,2.106794,2.0734944,2.5983527
72,2.3291328,4.9496317,4.0556326,3.8057237,0.30205163,0.35879448,0.37451172,0.33988705,2.8245146,1.5657046,2.0845942,2.0316913,2.5585556
73,2.2520854,4.9917336,4.0488343,3.8013492,0.28063247,0.35575902,0.29718316,0.39351854,2.976902,1.5819186,2.1075954,2.0315812,2.5824885
74,2.286869,4.95035,4.0161295,3.751804,0.29527703,0.3292618,0.35193235,0.3688776,2.9728725,1.6631087,2.1534555,2.061624,2.6624432
75,2.2895176,4.932092,3.9665046,3.6884935,0.29707283,0.3106057,0.37564844,0.3799831,2.85979,1.6259944,2.1510396,2.0919673,2.6117618
76,2.2480125,5.039004,4.1549582,3.8382108,0.3215625,0.36539146,0.3302899,0.29845592,2.940941,1.5869511,2.1733055,2.0810068,2.6188393
77,2.23231,4.915845,4.045914,3.7315838,0.31798533,0.37392884,0.30768454,0.29518047,2.99498,1.6944348,2.1777651,2.0854535,2.6389883
78,2.2799692,5.043853,4.17528,3.8205101,0.29517785,0.37960416,0.3508323,0.31115732,3.0125904,1.6011012,2.1370225,2.061162,2.654383
79,2.273259,5.044667,4.123687,3.8411703,0.29439226,0.34521952,0.35058293,0.32082683,2.951575,1.5701218,2.0854604,2.0102582,2.5906222
80,2.2619958,4.9820423,4.102537,3.8675756,0.31327584,0.37374422,0.33384442,0.27971724,2.8143318,1.5658469,2.1034634,2.0223508,2.5856678
81,2.24142,4.886556,4.0363607,3.7085912,0.28911862,0.35312113,0.34642196,0.32298377,2.7715163,1.5744206,2.1262152,2.0073407,2.5460527
82,2.2656362,4.9708447,4.088457,3.822019,0.3154962,0.3031051,0.3254684,0.3100599,2.7751977,1.638522,2.119634,1.9881002,2.6220195
83,2.2807405,4.8921494,4.040739,3.7744634,0.28219366,0.36457032,0.3366995,0.29596472,2.9196103,1.5830594,2.1658573,2.0720274,2.624505
84,2.2585542,4.982295,4.0721874,3.783816,0.32184514,0.3396664,0.35505387,0.30802765,2.9774516,1.6722745,2.2227254,2.1442106,2.6489792
85,2.295446,5.0366807,4.161357,3.8672388,0.29463932,0.3517917,0.3151781,0.30546084,2.872627,1.6501025,2.1578422,2.0947018,2.6079693
86,2.2576985,4.950511,4.054374,3.7486618,0.29126614,0.3734494,0.3575162,0.2958208,2.8991153,1.6102978,2.1770291,2.0544374,2.6611857
87,2.267436,4.9430785,4.15257,3.808361,0.2815805,0.37602738,0.33463883,0.30017266,3.0360703,1.6444762,2.1165743,2.072064,2.6000605
88,2.2416093,4.9254565,4.0709085,3.789042,0.3467454,0.37514037,0.3169948,0.29207122,2.9598217,1.5840722,2.0477989,1.9794346,2.568258
89,2.272597,4.805049,4.080441,3.789545,0.28096664,0.35495934,0.33666408,0.30860135,2.84115,1.5374519,2.0140226,1.9420145,2.5213108
90,2.3482082,4.928371,4.1251397,3.8895743,0.29985628,0.36336467,0.3253009,0.29701856,2.8420627,1.5588765,2.0180354,1.9470838,2.5675974
91,2.3388846,5.032973,4.127235,3.8972838,0.2940037,0.3264436,0.3600111,0.29908285,2.8062394,1.4886748,2.0284708,1.9411483,2.4911535
92,2.313699,4.9846954,4.167966,3.898897,0.27934885,0.4222331,0.33279023,0.29585692,2.7573373,1.4289206,1.9751215,1.8684316,2.5037842
93,2.2816658,4.933802,4.055848,3.870089,0.27715155,0.36143678,0.34220138,0.2849744,2.892761,1.600004,2.044545,1.9495794,2.6012158
94,2.2469194,4.877449,4.067041,3.8417482,0.28245363,0.3367117,0.38704804,0.31986552,2.847491,1.573637,2.1116467,2.039363,2.6182094
95,2.2967744,4.818158,4.0091724,3.7962055,0.30693546,0.3022856,0.34496942,0.29510304,2.9062834,1.6274613,2.0661867,1.9731551,2.6257641
96,2.2408707,4.8558087,3.9749923,3.8582752,0.31175834,0.3482416,0.29979917,0.32522088,2.832143,1.6865312,2.1316526,2.0553463,2.5897474
97,2.3187594,4.832856,3.9499834,3.767867,0.3031054,0.32258213,0.3681673,0.2987562,3.0845935,1.5900578,2.1913526,2.1092703,2.6161153
98,2.24252,4.827819,3.8848636,3.7216375,0.30369088,0.3913519,0.3443273,0.3064817,2.9117157,1.590725,2.0834975,2.047249,2.6380699
99,2.3176723,4.9477396,4.0250764,3.8493924,0.2962873,0.35216308,0.32176265,0.29897884,2.907098,1.6318896,2.160669,2.0969577,2.6474702
100,2.231966,4.935821,3.967952,3.7844713,0.29391345,0.37255833,0.3444587,0.29874086,2.9176388,1.6822445,2.107123,2.065543,2.668724
101,2.2435052,4.8705378,3.872703,3.6954856,0.2993485,0.37989604,0.30747682,0.27590248,3.2627623,1.9144596,2.277938,2.3859906,2.9147475
102,2.2019653,4.9068193,3.832794,3.6988094,0.3165643,0.32315916,0.31729802,0.29589543,3.2176223,1.8756937,2.2371693,2.3466825,2.9981449
103,2.27098,4.9849534,4.0579166,3.9142635,0.29220384,0.36251268,0.31506315,0.29448745,3.1597455,1.899345,2.2851973,2.281584,2.939859
104,2.190056,4.795388,3.7434478,3.6539233,0.28983602,0.34649402,0.29338333,0.2924327,3.2426326,1.9440593,2.2606654,2.2819588,3.0384357
105,2.2516742,4.8862085,3.9566092,3.6919923,0.27312583,0.39065343,0.35637078,0.327123,3.2830453,1.9173875,2.2635806,2.30208,3.001443
106,2.2151816,4.9036956,4.011464,3.756093,0.2973417,0.36626747,0.33452326,0.32547182,3.1976354,1.8929952,2.2579062,2.3139186,2.8829412
107,2.2711928,4.96053,4.10979,3.808443,0.32914823,0.33418947,0.3135098,0.29397196,3.2723389,1.9788135,2.3147552,2.3022382,2.935172
108,2.2187438,4.899277,4.0287647,3.7918253,0.29285163,0.40961644,0.33762038,0.28668478,3.1417236,1.8976231,2.2415524,2.2654836,2.8462574
109,2.322429,5.0309167,4.175839,3.845762,0.29407817,0.37671193,0.3349182,0.30816975,3.2213063,1.9104075,2.2516043,2.3005984,3.0524185
110,2.2121341,4.8656044,3.9418468,3.776538,0.3275249,0.34239945,0.32596734,0.28327048,3.3540516,1.9284046,2.320468,2.3865552,3.0026133
111,2.222646,4.9488854,3.9627626,3.7751882,0.35517842,0.38992617,0.3093385,0.3023715,3.1945856,1.9542572,2.3096611,2.3957283,2.95199
112,2.2387524,4.9327035,4.0258584,3.840349,0.29318398,0.38606188,0.30962986,0.2893019,3.1844704,1.9121822,2.2707698,2.3075163,2.9842808
113,2.2155883,4.9288354,4.039434,3.862032,0.29198304,0.3542067,0.3214698,0.2923359,3.2206235,1.9089769,2.2409666,2.263355,2.9371784
114,2.2390215,4.9110694,4.020261,3.9267292,0.29667085,0.42464,0.32346734,0.29248145,3.2003834,1.9571767,2.275674,2.3419964,2.9336395
115,2.2935417,4.8866963,4.068599,4.0228763,0.30674857,0.37516132,0.36184722,0.3036053,3.3019814,1.9427269,2.2691925,2.3588164,2.9308243
116,2.2407246,4.8971715,3.9977264,3.8271184,0.31023136,0.37934205,0.35556415,0.3049013,3.0673215,1.8029603,2.2520921,2.2193584,2.859846
117,2.2424157,4.9418707,4.0330024,3.8970628,0.30023468,0.36085284,0.3351402,0.28329614,3.2701886,1.9831756,2.2977784,2.3517032,3.0504737
118,2.3558369,4.9783688,4.128469,4.025631,0.303326,0.35679927,0.39010546,0.40991995,3.0814447,1.9109381,2.2576761,2.2837353,2.9074118
119,2.3710194,5.0549126,4.174827,4.0159883,0.32207453,0.3218347,0.39001074,0.42982966,3.2610426,1.9602436,2.3118844,2.3276713,3.0092974
120,2.2527962,4.9296556,4.07279,3.8704746,0.32375714,0.39428803,0.3149624,0.2710966,3.307804,1.9889766,2.3670008,2.4173427,3.1183214
121,2.305342,4.9198527,4.0730224,3.8950577,0.2817974,0.41708848,0.37249976,0.33854967,3.187049,1.9143984,2.2702374,2.3125405,2.9613566
122,2.1815746,4.7670727,3.9597485,3.7670443,0.308345,0.36662102,0.3197407,0.27459437,3.1890981,1.8836055,2.235521,2.2989118,2.9335353
123,2.2627523,4.897643,4.065381,3.7983022,0.28590104,0.3630794,0.3265903,0.291467,3.082516,1.8502684,2.2147503,2.2982752,2.8508413
124,2.2874892,4.90231,4.0817037,3.8586366,0.2959856,0.38637617,0.3620522,0.29909799,2.9384842,1.6592046,2.1202104,2.1295013,2.6399171
125,2.3850904,5.011595,4.1693964,3.9702663,0.29636726,0.37943485,0.3849102,0.29109648,2.9131825,1.6125594,2.1420462,2.134436,2.615604
126,2.336399,4.918996,4.040613,3.87955,0.30109522,0.34485677,0.32607326,0.28420997,2.9567878,1.6463643,2.2450228,2.1390703,2.6476011
127,2.2974188,4.816866,4.0772924,3.890268,0.29042047,0.33171347,0.35837463,0.28095195,2.9959595,1.7401816,2.205146,2.1448565,2.7215674
128,2.3203652,4.923858,4.127433,3.9349563,0.33444804,0.3814196,0.3162401,0.29559577,2.9198804,1.665841,2.1368766,2.0868819,2.6965334
129,2.3226254,4.836721,3.8761954,3.8199377,0.32707682,0.32179144,0.33694094,0.3197677,2.8901925,1.5326198,2.068011,1.98842,2.6257615
130,2.3285592,4.895309,3.979025,3.7793896,0.30777743,0.32489443,0.31544957,0.29206404,2.9859447,1.6965244,2.1902642,2.1430025,2.6736913
131,2.3873146,4.95197,4.1117105,3.9359686,0.30018836,0.3696951,0.37581658,0.3237624,2.9613612,1.6394954,2.1359215,2.235722,2.6806583
132,2.2896688,4.892205,4.048454,3.8647413,0.31303537,0.37404147,0.3413843,0.33386245,2.8536232,1.5975131,2.0833254,1.9918277,2.5683281
133,2.3136742,4.754308,4.0701985,3.8572025,0.31015742,0.35209662,0.32446793,0.27383465,2.930367,1.6176587,2.103063,2.0400443,2.6142974
134,2.3457403,4.816106,4.1130495,3.8731937,0.2838789,0.31426352,0.31997588,0.2740703,3.0031714,1.6684517,2.1376047,2.122946,2.7154877
135,2.3787837,5.0108743,4.201715,3.9130352,0.2691294,0.38189083,0.33398092,0.28836626,2.9339821,1.5538054,2.0377302,1.9979033,2.5854373
136,2.2805927,4.8247695,4.1464477,3.9167573,0.3111773,0.32808125,0.3625616,0.310438,2.8589342,1.6024604,2.0590878,2.0242317,2.6009421
137,2.3142893,4.867151,4.01577,3.7837617,0.2910347,0.39281496,0.36042166,0.3199282,3.007587,1.7241918,2.2319536,2.1913915,2.7522628
138,2.2621531,4.861588,3.8938205,3.8450522,0.28972465,0.3352194,0.34050778,0.30157676,2.9739895,1.7353486,2.1923947,2.1598706,2.7097754
139,2.321472,4.84183,4.045539,3.8375077,0.28053415,0.4031292,0.35097924,0.34054115,2.9752262,1.6406859,2.1663997,2.0367355,2.6613402
140,2.3379292,4.894486,4.137961,3.873354,0.27976796,0.32673964,0.34619904,0.30565557,2.9074776,1.6317351,2.1330466,2.032871,2.6791835
141,2.3735983,4.835918,4.0746484,3.8920233,0.30219975,0.36870575,0.37518165,0.3383054,2.8363292,1.5248781,2.0180829,1.9619333,2.5649664
142,2.345083,4.9740186,4.159446,3.9680405,0.28159294,0.37340268,0.35865918,0.3339029,3.0345829,1.6954103,2.1480923,2.11495,2.7397094
143,2.2983682,4.7736177,3.9673193,3.7932458,0.29302323,0.30109295,0.34387675,0.32442772,3.0289514,1.6190838,2.1286273,2.1039662,2.6727448
144,2.2650478,4.8050094,3.9852002,3.766206,0.29374778,0.34513706,0.3427284,0.29638654,2.9917831,1.6322242,2.1277516,2.0595336,2.6523979
145,2.2845554,4.8786364,4.0516105,3.9021692,0.2844665,0.3276317,0.31466666,0.28961903,2.9123926,1.5621673,2.1069496,2.0426855,2.621287
146,2.3247004,5.062989,4.1993213,4.047029,0.28304842,0.32331404,0.37394637,0.3388618,3.089789,1.6820776,2.1574419,2.106515,2.7007756
147,2.3091238,4.9338846,4.0469933,3.871985,0.28867096,0.3385356,0.34479606,0.28420234,3.1214151,1.7380679,2.2378705,2.1921108,2.7143576
148,2.2664714,4.747226,4.045904,3.7958589,0.28536427,0.3874395,0.34238106,0.30744126,3.1349626,1.6433382,2.1617165,2.0970445,2.655127
149,2.2990165,4.8408475,4.092911,3.89059,0.28794175,0.35182515,0.34772846,0.2974424,3.0993786,1.6356884,2.1249003,2.0528438,2.6868954
150,2.3623044,5.0392594,4.144508,3.900725,0.28788242,0.3832708,0.33142528,0.29859167,3.1053016,1.5561117,2.0896268,2.0131774,2.6475646
151,2.3332503,4.9030747,4.0448103,3.8877506,0.3055595,0.36620566,0.3248495,0.29649666,2.9198947,1.6649469,2.1571589,2.0642138,2.6866167
152,2.3939044,4.997342,4.09809,3.9648035,0.2968912,0.32298547,0.33479264,0.2911079,2.9240637,1.4722099,1.9907725,1.9150683,2.5679255
153,2.3068416,4.95482,4.193718,3.984031,0.30077094,0.33261216,0.333655,0.30387962,3.0775304,1.6951749,2.20233,2.2109237,2.8181274
154,2.3509085,4.8132205,4.1340947,3.945804,0.29346776,0.34318846,0.34201175,0.3060375,2.9813373,1.5827099,2.1045516,2.0616894,2.6673422
155,2.2750328,4.835539,4.0591307,3.848543,0.30338836,0.37500688,0.34370962,0.32125384,2.9987435,1.5905064,2.0627291,1.9831082,2.5700037
156,2.2882814,4.8428464,4.010239,3.8570518,0.27864134,0.3350597,0.35859546,0.31781292,2.9958713,1.6414269,2.131375,2.0597672,2.6888318
157,2.2255301,4.742365,4.0750275,3.8548987,0.30275124,0.35855862,0.28903672,0.300811,2.9484863,1.670611,2.1550405,2.1121805,2.667853
158,2.3143775,4.74698,4.0769024,3.8679254,0.3005744,0.40342084,0.34848744,0.27744153,3.060334,1.7694228,2.2257495,2.1445112,2.7662926
159,2.3191388,4.7583685,4.0842447,3.8710845,0.31103536,0.36463237,0.3706257,0.31158972,2.9579391,1.6203425,2.1593227,2.0696046,2.6440265
160,2.2223504,4.7133265,3.9673967,3.7359004,0.29162607,0.36748928,0.31054795,0.2786986,2.9836478,1.6127408,2.0894144,2.056661,2.6922932
161,2.2584615,4.6653476,3.9876823,3.7759566,0.29721928,0.36162385,0.3138488,0.29395694,3.1516294,1.7414159,2.165358,2.1868262,2.775057
162,2.2008443,4.63012,3.9401963,3.7687943,0.29990298,0.4184656,0.34401515,0.3184615,2.9731755,1.7405199,2.1915872,2.156925,2.7606533
163,2.2851403,4.589612,4.0841026,3.8421264,0.3000358,0.34043774,0.33298364,0.29149044,2.9435976,1.5868834,2.1500428,2.0196316,2.60053
164,2.2886944,4.746204,4.056514,3.7856798,0.31963065,0.3241006,0.34107688,0.31655225,2.9879506,1.655186,2.1451552,2.0793188,2.6549783
165,2.2546647,4.6902676,4.1218233,3.9320147,0.30065617,0.35561624,0.32192624,0.29010305,3.0048127,1.6879888,2.1326594,2.112714,2.6626613
166,2.3520257,4.728289,4.137441,3.858166,0.2927947,0.36042994,0.3554825,0.29726237,3.0736966,1.627308,2.156552,2.0575907,2.5752332
167,2.2521996,4.9150224,4.057204,3.7993882,0.29374197,0.376559,0.34152675,0.29592943,2.9455779,1.5872049,2.1271832,2.0506732,2.5616124
168,2.248623,4.8580933,4.115004,3.8542433,0.2791715,0.32186806,0.31440634,0.2950255,3.101674,1.643085,2.1336102,2.0396254,2.6400654
169,2.267761,4.805093,4.119653,3.803379,0.34722298,0.34265748,0.3404129,0.29641375,3.0618565,1.6268438,2.1410635,2.0611281,2.639086
170,2.170827,4.776639,4.0510573,3.8982148,0.3066217,0.35670504,0.3055199,0.30283517,3.0762947,1.7048686,2.1868126,2.0713859,2.6527731
171,2.2883043,4.8232555,4.0611076,3.8547952,0.27482417,0.35178173,0.3537657,0.3178401,2.9422889,1.6028585,2.1149526,2.0390837,2.6267817
172,2.2542102,4.7596936,3.9679446,3.7755656,0.2893101,0.36889118,0.32197475,0.2866308,2.9268928,1.4682415,1.9795805,1.9368019,2.559541
173,2.266949,4.8149514,4.0923247,3.8247368,0.30458733,0.34366778,0.37517253,0.31416336,2.8592262,1.5016032,1.9750853,1.9135052,2.533149
174,2.2670166,4.7792897,4.0181093,3.8504174,0.273544,0.35194033,0.32633334,0.29492208,2.8621535,1.5029639,1.9775382,1.9011457,2.464863
175,2.2145543,4.755165,4.0673456,3.805874,0.2927729,0.3636724,0.32343882,0.29337585,3.0843608,1.5904788,2.1235337,2.0787873,2.6989737
176,2.2505877,4.7192783,3.9907265,3.7728798,0.29400176,0.36458576,0.33338407,0.30705422,3.0528233,1.6980516,2.0948193,2.0419781,2.6695654
177,2.2613559,4.87587,4.1528935,3.8759935,0.30106077,0.36002904,0.34485868,0.3095634,3.0561478,1.6542277,2.101941,2.026791,2.6984243
178,2.2438416,4.893903,4.039181,3.8088753,0.28561598,0.39588207,0.33659735,0.28953266,2.9898233,1.5488335,2.0787723,2.082615,2.6444361
179,2.2189984,4.7715464,3.977592,3.7442675,0.28461328,0.35095376,0.3089446,0.32391155,3.0327976,1.6894089,2.1150522,2.1123848,2.7292974
180,2.3015862,4.996398,4.125659,3.8352547,0.29571423,0.38315266,0.35875887,0.3133184,2.9319992,1.6499993,2.1188295,2.080141,2.638005
181,2.3205798,4.906105,4.139137,3.8388653,0.27913955,0.37835148,0.33992276,0.41034943,2.9514809,1.6841327,2.1689599,2.1174521,2.7466226
182,2.3308828,4.9302597,4.1022925,3.881504,0.30859038,0.43460536,0.354836,0.30120125,2.9825547,1.5880485,2.115021,2.1036298,2.6618326
183,2.303697,4.897776,4.05822,3.809867,0.31035346,0.33172688,0.346677,0.30218673,2.9256918,1.5587971,2.0642552,1.9667529,2.5606363
184,2.210422,4.7788196,3.9731712,3.7547786,0.31310076,0.4630244,0.29554173,0.2909881,3.1780455,1.6417055,2.103105,2.0596905,2.6423564
185,2.3417304,4.945519,4.0989017,3.925382,0.28189483,0.34448528,0.39040402,0.33198383,3.1714313,1.6015917,2.100511,2.067126,2.6482193
186,2.2613347,4.8133855,4.018018,3.8291557,0.32356614,0.35521948,0.34343433,0.28863943,3.2742126,1.6992106,2.217449,2.1806939,2.757513
187,2.2809615,4.859725,3.9996467,3.8784168,0.2812632,0.35360458,0.31204936,0.2973876,3.0034802,1.6372341,2.1285434,2.0501354,2.688222
188,2.251121,4.83765,4.0051,3.8158963,0.28502217,0.38868657,0.29593852,0.2910523,3.068609,1.5963762,2.0775163,2.0131612,2.663369
189,2.2565722,4.801092,3.9700408,3.8885057,0.3111211,0.32852945,0.32548347,0.27989823,3.14553,1.6310738,2.093242,2.011819,2.6884513
190,2.2837472,4.833424,4.0195007,3.828228,0.28149986,0.35732713,0.36304617,0.29445714,2.9111035,1.6594311,2.1014245,2.0071878,2.677209
191,2.2601416,4.8931217,4.123807,3.8865912,0.28490663,0.33288667,0.34601244,0.2949411,2.9390903,1.6241225,2.1212058,2.0557542,2.6149647
192,2.341521,4.9805784,4.1574974,3.926124,0.2795308,0.41152805,0.36491942,0.3219033,2.9486241,1.5749098,2.1331835,2.0670567,2.676373
193,2.3377194,4.918482,4.100042,3.8887384,0.2881669,0.37338528,0.32912594,0.3075473,2.8332934,1.5573868,2.0642734,1.9950173,2.5705612
194,2.346849,4.8542714,4.012632,3.8290436,0.30223724,0.35431316,0.35811862,0.3746618,2.7933166,1.5247523,2.0246325,1.9396763,2.571863
195,2.3612483,5.001047,4.124439,3.9705567,0.29749188,0.32591957,0.3491256,0.34599042,2.8707669,1.5740166,2.1513383,2.0403829,2.6237476
196,2.2987652,4.935286,4.039343,3.886051,0.30547276,0.3470403,0.33098003,0.28217041,3.200099,1.7857233,2.2595282,2.2304237,2.8481975
197,2.3161972,4.916372,4.0999703,3.880212,0.2955436,0.35280347,0.34431574,0.29675695,3.0346022,1.5875443,2.07979,2.0489848,2.6390939
198,2.2948253,4.8212643,3.9674864,3.8865159,0.29145876,0.37204617,0.38068753,0.29903775,2.8358164,1.5466158,2.0740972,1.9951037,2.6041958
199,2.254684,4.7597103,3.9661498,3.7891111,0.29215863,0.38808757,0.33876905,0.32712632,2.9181156,1.7394092,2.190001,2.2068815,2.743923
200,2.2618437,4.875696,4.002289,3.8425293,0.28607938,0.35602602,0.3576862,0.28070873,3.1721485,1.684167,2.135043,2.089968,2.6415286
201,2.2756784,4.7715006,3.9312446,3.8459086,0.30665782,0.3691813,0.33301574,0.27551982,3.2438812,1.655927,2.1644096,2.1133153,2.6757774
202,2.271709,4.826498,4.0671787,3.887571,0.2748868,0.39473417,0.32950896,0.295219,2.9993732,1.5909258,2.0877755,2.0323672,2.6157458
203,2.2857058,4.7998066,3.9722223,3.8669157,0.28543246,0.37303358,0.32648152,0.3081352,3.0712261,1.5745376,2.0591817,2.0171864,2.61632
204,2.2450645,4.8492208,3.975745,3.832222,0.2960219,0.3374091,0.3529269,0.3187314,2.9504452,1.5171592,2.014614,1.9551964,2.5829592
205,2.273394,4.7514787,3.9267616,3.7746558,0.27951428,0.32815355,0.35155246,0.32570127,2.9262397,1.5731323,2.0727553,1.9951563,2.6227489
206,2.3586009,4.9153724,4.098974,3.9706848,0.28436103,0.36121166,0.36842415,0.31186917,3.0045383,1.7155889,2.218123,2.1870146,2.7287803
207,2.230853,4.8471045,4.0425196,3.79404,0.32707492,0.373592,0.3203008,0.30194566,3.206621,1.8232965,2.2743764,2.244928,2.8569787
208,2.2982965,4.8616366,4.0480294,3.8474555,0.30022565,0.3333613,0.348974,0.28546393,3.0567658,1.7750245,2.1780226,2.2283301,2.8069017
209,2.323477,4.9037795,4.0742674,3.881286,0.28410596,0.34145546,0.33841294,0.30570692,3.114284,1.7477183,2.2287583,2.1640275,2.802806
210,2.2382715,4.849737,4.0647774,3.8929513,0.28797054,0.38577178,0.33543134,0.30966958,3.0760791,1.800212,2.2175806,2.1704075,2.8264742
211,2.2456408,4.794625,4.0409694,3.8232346,0.27645984,0.34735948,0.33247152,0.31380486,3.236385,1.7859923,2.2506287,2.2735553,2.8418021
212,2.2400799,4.7748303,4.11338,3.8601882,0.2891689,0.37417564,0.3410221,0.30928153,2.990206,1.7131729,2.1464436,2.1134853,2.7699668
213,2.255313,4.916557,4.1960373,3.9294014,0.2945063,0.33015934,0.32851982,0.2839878,3.0752163,1.7448455,2.193593,2.15709,2.8338017
214,2.2393355,4.7969694,4.038318,3.8226352,0.2853204,0.35577285,0.2863831,0.2856945,3.1739435,1.7519745,2.2022007,2.1801124,2.806841
215,2.356029,4.92527,4.1939316,3.9665122,0.29943007,0.31822938,0.4030653,0.3659097,3.1654403,1.6299242,2.120003,2.1279693,2.7659976
216,2.298938,4.8456535,4.065967,3.8477547,0.28037557,0.37694594,0.32646275,0.30391908,3.0438936,1.7441498,2.1974006,2.1688285,2.7723098
217,2.3358068,4.9582944,4.129346,3.881264,0.29558134,0.35160893,0.3428323,0.35465175,3.2343261,1.7474979,2.17595,2.157719,2.8309214
218,2.2337995,4.8070483,4.0763464,3.7729003,0.2923181,0.3656941,0.34095442,0.3079312,3.1780484,1.8090163,2.2560303,2.2163196,2.8389273
219,2.2650242,4.793548,4.1210017,3.8507638,0.30579168,0.36921683,0.32072675,0.2956542,3.2457175,1.7775826,2.2069778,2.145514,2.832456
220,2.2295747,4.738456,4.039474,3.7577755,0.2961244,0.39424077,0.3571532,0.2781939,3.267044,1.8651596,2.28653,2.2040114,2.8201752
221,2.2598448,4.594971,3.8516757,3.664817,0.31303027,0.357106,0.32134095,0.29055414,3.2064912,1.8098068,2.2306066,2.1606956,2.839714
222,2.200392,4.665805,3.9543126,3.656628,0.3305239,0.29044744,0.31097043,0.2879407,3.1699169,1.7967004,2.2953753,2.2477114,2.8385372
223,2.2400904,4.7971873,4.0342093,3.8152726,0.30009052,0.37751845,0.3168543,0.3289482,3.1216807,1.7213907,2.161097,2.1377132,2.7055526
224,2.1843376,4.6761527,3.880105,3.6894464,0.29960898,0.34895644,0.34964108,0.3313648,3.0907378,1.733359,2.218046,2.157782,2.747675
225,2.2473183,4.6970243,4.009101,3.9099681,0.29471833,0.3407618,0.30169952,0.28284577,3.0202856,1.6215248,2.129478,2.077651,2.6220596
226,2.199259,4.754073,4.032695,3.880689,0.31336212,0.3084414,0.28667268,0.27053112,2.9124906,1.7012932,2.2277892,2.109734,2.6623778
227,2.2464507,4.743584,3.9831147,3.8486378,0.30191094,0.3381585,0.32314685,0.2945335,2.846912,1.5796375,2.1434524,2.052031,2.5978374
228,2.2542517,4.7314715,3.975044,3.8381755,0.31589657,0.38299268,0.30008596,0.29727483,3.1155512,1.7580795,2.2449992,2.1837127,2.7810233
229,2.3251452,4.896939,4.011383,3.777642,0.29443347,0.34256884,0.38874212,0.3375127,2.7832127,1.5985141,2.0819898,2.0415726,2.6344345
230,2.186513,4.80175,3.8248575,3.8086202,0.31579763,0.31764826,0.34839672,0.32811028,3.0653033,1.6724362,2.1519992,2.145971,2.7503676
231,2.2533383,4.8993306,4.010517,3.8595283,0.28645042,0.3577541,0.34799266,0.29419762,2.933055,1.6606718,2.1514902,2.07352,2.7483275
232,2.2415159,4.8712926,4.030772,3.758016,0.28973532,0.37084907,0.36927542,0.3027182,2.7973707,1.6153167,2.0720162,2.1213772,2.6192586
233,2.268556,4.8107343,4.0290785,3.8699138,0.2900872,0.33795825,0.31255266,0.2878971,2.8788164,1.5975598,2.0960436,2.1245823,2.6574423
234,2.2187152,4.8596945,4.0501246,3.809021,0.31067312,0.33006144,0.34054852,0.29980433,2.9912512,1.5835577,2.112075,2.1710231,2.614011
235,2.2627103,4.9370375,4.0556912,3.7844276,0.28904435,0.37010723,0.36837077,0.32642278,2.9205735,1.6245526,2.1261969,2.1691322,2.5948963
236,2.2573404,4.9357986,4.0573583,3.7795622,0.29822177,0.38355663,0.33620033,0.31329194,2.8253589,1.6127214,2.1510737,2.1989462,2.62741
237,2.2416635,4.8656406,4.0738187,3.8003392,0.28605103,0.35658684,0.3484767,0.3434992,2.7938116,1.5733577,2.0757136,2.1095715,2.5847402
238,2.2332275,4.8632593,4.0522947,3.7999718,0.29299492,0.34945008,0.36216053,0.31870165,2.8173943,1.5302068,2.0099301,2.0385046,2.5198216
239,2.2255533,4.8342013,4.0609884,3.7765791,0.31373307,0.32274777,0.35834947,0.31758413,3.0068762,1.6475192,2.1441154,2.1206107,2.5869849
240,2.1641178,4.7363386,4.0150127,3.7610788,0.30379596,0.38232285,0.33081335,0.29319328,2.8703387,1.5651287,2.0939648,2.1305218,2.641558
241,2.203574,4.833296,3.9905488,3.760283,0.29133213,0.341415,0.33835095,0.2825976,2.813468,1.5656253,2.1137614,2.1069417,2.584877
242,2.2402234,4.7772727,4.0290866,3.7941206,0.27491117,0.3449827,0.34278652,0.3190023,3.0489948,1.547675,2.04454,2.0961556,2.5819898
243,2.2324836,4.87714,4.051727,3.7651052,0.29161498,0.46175942,0.32127067,0.29197374,3.062747,1.6546692,2.1378794,2.2205923,2.6192694
244,2.1896613,4.7342267,3.9805229,3.8154473,0.30006015,0.3722073,0.36607772,0.31851554,2.9699354,1.6870865,2.12201,2.278555,2.7153904
245,2.2240474,4.9316397,4.034206,3.919972,0.29110292,0.3688856,0.31753907,0.2991399,2.9212244,1.6833924,2.224476,2.0992799,2.702958
246,2.2351885,4.780549,3.9905756,3.8542633,0.30253327,0.35155225,0.354322,0.30342406,2.9991715,1.6226686,2.1271973,2.028223,2.6382308
247,2.2343185,4.802078,3.9718173,3.7855887,0.3376779,0.34193075,0.30776447,0.29724693,3.007452,1.7260888,2.2270103,2.1105714,2.7594402
248,2.1953547,4.731884,3.9747212,3.7842245,0.2867764,0.3825594,0.34902662,0.27682412,2.7999368,1.5796548,2.1239498,1.9614397,2.6441336
249,2.1891253,4.803217,4.029414,3.8393674,0.30270168,0.3576775,0.3136851,0.30578116,2.8884249,1.553983,2.0392191,1.9895982,2.6182156
250,2.2409334,4.870696,4.049284,3.818919,0.3157728,0.34184211,0.35935637,0.27697214,2.779886,1.5012891,2.0014668,1.9069324,2.5512357
251,2.1940157,4.757499,3.960973,3.709763,0.29622912,0.36294064,0.36063126,0.34357697,2.9534225,1.6234463,2.1000504,2.0094488,2.7221916
252,2.2678912,4.753199,4.0167313,3.7624457,0.28852522,0.33001322,0.36701298,0.3276651,3.0985253,1.6265129,2.0764847,2.0602756,2.70839
253,2.2095342,4.83748,4.024881,3.7592194,0.30735773,0.3537568,0.36168495,0.31649753,2.9569287,1.6275209,2.081146,2.0330746,2.6499193
254,2.254003,4.707046,3.9817805,3.773586,0.30267096,0.3221874,0.3544814,0.3170149,3.205165,1.7620975,2.2211576,2.1211615,2.799063
255,2.2679176,4.980957,4.145862,3.8681357,0.28706396,0.4316167,0.3648738,0.32752135,3.114566,1.7210863,2.1447573,2.082265,2.7798884
256,2.2791004,4.842747,4.10191,3.9751241,0.31275737,0.35547113,0.3669304,0.32939887,2.9208581,1.7762337,2.1957507,2.0827541,2.7659461
257,2.242866,4.8126817,3.9685457,3.8405592,0.30109885,0.32512325,0.37510285,0.31529582,2.9845693,1.7679737,2.2263935,2.1532211,2.7533085
258,2.2411904,4.833755,4.0495124,3.8709106,0.2796926,0.3485692,0.35881326,0.31642988,3.0922053,1.7690687,2.174675,2.0877175,2.7952876
259,2.2826035,4.7819233,4.0322504,3.795307,0.29726452,0.32410827,0.37167743,0.30790067,3.2611802,1.7718751,2.2196603,2.1667945,2.8104732
260,2.1886294,4.7296386,3.9698284,3.7034912,0.2996316,0.34638494,0.31171513,0.27853876,3.2993095,1.84228,2.2877574,2.2222443,2.890815
261,2.255104,4.887294,4.00608,3.761544,0.28521776,0.3732272,0.32274258,0.29098147,3.1791518,1.7009771,2.1226423,2.104575,2.756063
262,2.2427504,4.7688184,3.966774,3.7538567,0.28317958,0.3801646,0.32679227,0.3474766,3.0167968,1.6717864,2.1127539,2.0684335,2.732375
263,2.2655056,4.865469,4.1235046,3.8877797,0.2895398,0.3961347,0.3687128,0.30963463,3.0656912,1.6780376,2.138658,2.0724633,2.7809741
264,2.2301354,4.815626,4.129417,3.852488,0.31190348,0.3087581,0.33951068,0.28203076,3.1588836,1.7968451,2.1892328,2.1974225,2.8239508
265,2.2161453,4.772339,4.061825,3.735578,0.317591,0.31752083,0.3613054,0.30236408,2.9837668,1.7878618,2.2278965,2.1733065,2.781739
266,2.2290194,4.7585716,4.06822,3.790997,0.30182865,0.34351292,0.35472074,0.32641935,2.9277778,1.7573549,2.1735039,2.093826,2.74279
267,2.264227,4.7419496,4.053417,3.8200681,0.31462646,0.32022992,0.3559599,0.30376798,3.0904284,1.787096,2.2100906,2.108544,2.739947
268,2.2753253,4.7586803,4.0865808,3.8146122,0.3129977,0.35011503,0.3731322,0.37915337,3.027547,1.77167,2.1964312,2.1793988,2.8308878
269,2.2722352,4.8086195,4.053055,3.792087,0.2894111,0.33716127,0.35757577,0.30819267,3.1931899,1.7819113,2.2183576,2.1580033,2.8287547
270,2.2161424,4.758844,3.9965434,3.788851,0.29160264,0.34486964,0.34844643,0.30415908,3.1205359,1.6727266,2.1895676,2.057444,2.6691823
271,2.2373047,4.84589,4.0787416,3.8301897,0.28648996,0.32881945,0.36715907,0.31030226,3.239586,1.7350963,2.2114775,2.1152792,2.6975045
272,2.2459407,4.83718,4.0953174,3.81239,0.28535742,0.3451234,0.4252305,0.34222314,3.0765388,1.5506346,2.0727267,1.9492078,2.5878143
273,2.274441,4.876382,4.0699797,3.858096,0.31141976,0.3556537,0.3738757,0.30359185,3.221314,1.669363,2.1429696,2.0646067,2.7326348
274,2.29269,4.800416,4.023325,3.7888062,0.28483325,0.3422425,0.326371,0.32160148,3.3016276,1.897905,2.2876596,2.2180967,2.838885
275,2.3280678,4.8243303,4.0709662,3.88314,0.3062172,0.35844752,0.41212443,0.32821268,3.2366605,1.7232314,2.2077796,2.1235766,2.7261193
276,2.1941838,4.700452,3.9886782,3.7789476,0.31839725,0.39311102,0.32455042,0.29437542,3.184614,1.7244223,2.1721916,2.1176162,2.7231743
277,2.2060902,4.7115006,3.9349217,3.8012452,0.315083,0.35312903,0.31112176,0.29915574,3.0596685,1.5799063,2.0831928,2.0039291,2.5793846
278,2.2346768,4.7556906,3.9651692,3.7139654,0.29150802,0.37647894,0.32909647,0.2927773,3.1236722,1.5940142,2.0879765,1.957581,2.6046617
279,2.2286415,4.815189,3.9846137,3.8149714,0.30442327,0.31948942,0.3328285,0.2820121,3.2374818,1.6614841,2.1701865,2.0387628,2.6683142
280,2.234034,4.80216,3.9791505,3.769141,0.31566423,0.38222224,0.37418622,0.32885718,3.141602,1.5834507,2.0955746,1.9824216,2.619565
281,2.2861829,4.775284,3.970641,3.8161714,0.31899452,0.35895845,0.36472067,0.29542187,3.1330006,1.5935088,2.107574,2.005026,2.6082656
282,2.2379196,4.834355,4.016574,3.8717158,0.31736755,0.31360707,0.35164738,0.29160887,3.1320627,1.6035862,2.1083186,2.0291574,2.623198
283,2.2146473,4.781569,3.996404,3.7546887,0.2986285,0.3840247,0.341039,0.2978761,3.0752096,1.567077,2.05107,1.9707507,2.6170115
284,2.2619264,4.8325605,4.0244594,3.8251843,0.30570814,0.36098707,0.35289526,0.29735154,3.0563426,1.4947679,2.0357225,1.94809,2.575659
285,2.2701445,4.7575464,3.9829113,3.7779026,0.2851746,0.3410756,0.3424858,0.28697285,3.0753686,1.5069096,1.9767286,1.8962414,2.5241017
286,2.3056962,4.914471,4.1046677,3.8819435,0.3070094,0.35608676,0.35455146,0.30190536,3.0891242,1.5646247,2.0594065,1.9949555,2.5712316
287,2.2755182,4.7740846,4.078521,3.8972967,0.32570115,0.3947473,0.3992013,0.37585714,3.2032726,1.6297487,2.1007628,2.053801,2.690236
288,2.238905,4.8104067,4.037693,3.8220456,0.3072225,0.37068132,0.33974516,0.3158293,3.1463249,1.6276608,2.1752455,2.0535438,2.6283526
289,2.230595,4.793748,3.9914896,3.8289878,0.28933525,0.36925128,0.35460553,0.30586717,3.161554,1.6051661,2.1021502,2.037027,2.6396852
290,2.2176082,4.8539085,4.0494103,3.793619,0.29451728,0.35362905,0.33975273,0.2994037,3.1039326,1.5744199,2.0676708,1.9738069,2.5995958
291,2.2442577,4.7403193,4.035762,3.8172612,0.29103786,0.37414277,0.35704073,0.30483952,3.1349897,1.5948094,2.0740128,1.9847026,2.6447327
292,2.235354,4.734441,4.044564,3.7784064,0.30100065,0.33196768,0.3567541,0.32163602,3.1459422,1.6296039,2.1005366,2.01981,2.650941
293,2.2508552,4.7960076,4.041089,3.7649632,0.29056117,0.3752937,0.31249306,0.29763395,3.2908924,1.638283,2.0768244,2.0090106,2.6785986
294,2.2823672,4.7920384,4.106852,3.8710206,0.3188163,0.34964693,0.36795315,0.3066027,3.2342339,1.6253487,2.1902962,2.098381,2.6460268
295,2.2503679,4.80231,4.0712214,3.788716,0.3116245,0.35124087,0.33643502,0.28863302,3.1419573,1.6445907,2.122689,1.9799353,2.5991745
296,2.2991884,4.8401,4.069276,3.8405764,0.29013807,0.36690605,0.3151229,0.2878713,3.0784655,1.5357169,2.0459137,1.9443201,2.5968497
297,2.3196642,4.949985,4.033564,3.8511233,0.30440232,0.36411905,0.3342703,0.32902235,3.17528,1.6550249,2.1324582,2.0673594,2.6344447
298,2.2911108,4.8902245,4.054271,3.8156493,0.31403133,0.36011964,0.34130353,0.29502577,3.0824192,1.5731351,2.0686247,1.975407,2.5733402
299,2.337827,4.890854,4.123741,3.858349,0.28796235,0.36875665,0.34087285,0.2944142,3.114295,1.6077925,2.0808856,2.00795,2.6182885
300,2.320028,4.898753,4.045805,3.81302,0.27718148,0.3512791,0.34613076,0.2926368,3.1627007,1.6122538,2.1538932,2.0079489,2.6412191
301,2.2362897,4.8867497,4.1078167,3.8449006,0.30838904,0.38821384,0.358505,0.29569706,3.1664681,1.5821626,2.1230483,1.9976277,2.6490972
302,2.171719,4.8228908,3.9744117,3.7372994,0.31460294,0.34644675,0.34469444,0.28700507,3.1831436,1.62357,2.1009898,2.0503883,2.6429005
303,2.3054333,4.9298973,4.0884447,3.7835543,0.3179857,0.3535245,0.3494054,0.30790612,3.0686803,1.5718418,2.0787103,1.9588886,2.621803
304,2.2494166,4.8675795,4.090281,3.793329,0.29165193,0.35368323,0.3261284,0.31176007,3.0891535,1.5895461,2.1126406,2.000464,2.604804
305,2.3358839,4.9238954,4.1599636,3.9257922,0.30862102,0.3595622,0.36853963,0.2957853,3.12337,1.5852352,2.087582,1.9912307,2.5955684
306,2.2270215,4.784018,4.0152597,3.8367763,0.28599727,0.36127257,0.32328638,0.290961,3.060537,1.5295216,2.0523431,1.988953,2.5810087
307,2.303802,4.89474,4.0157485,3.849197,0.31759858,0.39704028,0.34469393,0.31396878,3.1326265,1.5730697,2.0818532,2.0075715,2.6537752
308,2.2677696,4.814389,4.01979,3.809399,0.28827527,0.3480184,0.34319672,0.28843692,3.0364008,1.6187844,2.107712,1.9831519,2.564241
309,2.2668025,4.8666806,4.101056,3.9310505,0.2901204,0.3340112,0.34871614,0.3016691,3.0657527,1.5415431,2.0757134,1.9887685,2.5784228
310,2.2854853,4.9345155,4.0789623,3.7868953,0.28151566,0.34071544,0.35270417,0.2942546,3.1337237,1.6420938,2.1309164,2.0884383,2.6374154
311,2.3739393,4.9654675,4.0977244,3.8988671,0.29175022,0.32271227,0.3978816,0.35232088,3.1435008,1.6299932,2.1205933,2.0187757,2.627362
312,2.2837548,4.802418,3.9419034,3.8177865,0.29048744,0.37903652,0.30402222,0.29038116,3.2820354,1.7230103,2.2526703,2.1726336,2.7305365
313,2.332668,4.862252,4.086887,3.945125,0.31963503,0.3437403,0.3244697,0.3120196,3.0233898,1.5461015,2.022364,1.8999127,2.5363858
314,2.3855665,4.8819532,4.144012,3.99017,0.27950472,0.37089804,0.33513272,0.32636008,3.1042714,1.5278308,2.0518682,1.9720334,2.5949273
315,2.3251512,4.8371577,4.1260056,3.9311402,0.27735093,0.3896228,0.33811837,0.2985474,2.9965003,1.5524468,2.0604503,1.9146805,2.5475786
316,2.259891,4.708912,3.982559,3.77536,0.28912634,0.37669104,0.35435945,0.31544274,3.2618632,1.7211381,2.155227,2.0978012,2.654543
317,2.2280228,4.727524,4.1619744,3.8614097,0.28939328,0.32546246,0.30892777,0.2841649,3.1575713,1.6178343,2.1400504,2.0699804,2.6522768
318,2.2606976,4.708564,4.1124206,3.867855,0.3230073,0.34555566,0.32343456,0.2827442,3.1779034,1.6804982,2.1541052,2.0990667,2.7242284
319,2.2516587,4.767641,4.110513,3.8023596,0.310213,0.35289058,0.33163133,0.3022591,3.1976633,1.6788328,2.1810682,2.0433762,2.7389524
320,2.3193846,4.8822837,4.0779243,3.8700314,0.2910463,0.3587703,0.3589422,0.3088327,3.260177,1.7620554,2.2039049,2.132728,2.8312058
321,2.3224697,4.965631,4.1242905,3.8878698,0.30271474,0.3395126,0.3653304,0.29383388,3.1832688,1.7882584,2.2009478,2.1117852,2.7031438
322,2.2863424,4.828181,3.9967678,3.8415918,0.2834211,0.3753252,0.35832888,0.28414533,3.275976,1.8242579,2.2223635,2.136694,2.8084154
323,2.251036,4.919322,4.0380015,3.7489285,0.31859824,0.36611322,0.2933197,0.27685913,3.1522107,1.6231723,2.1471667,2.0219405,2.697452
324,2.3022654,4.950413,4.1006093,3.8760917,0.3208249,0.3624972,0.3391807,0.30178332,3.3562486,1.8934714,2.2294538,2.2493608,2.9105463
325,2.1969547,4.772877,3.9725854,3.7913709,0.30147362,0.34320286,0.36685014,0.32710457,3.4719212,1.94536,2.2780225,2.3945863,3.0039499
326,2.2147422,4.9641614,4.0336185,3.8620732,0.32654426,0.36998728,0.30118465,0.27255574,3.403932,1.8901111,2.237357,2.2808263,2.8871448
327,2.188738,4.9088254,3.9389505,3.7760098,0.30263877,0.37167463,0.3392477,0.28139183,3.2858453,1.7603927,2.2396173,2.1982558,2.8334138
328,2.2325757,4.939688,4.022424,3.8047738,0.35191792,0.33751723,0.3333725,0.29415128,3.2479167,1.858916,2.273361,2.2347722,2.877373
329,2.2515793,4.944082,4.081272,3.7666216,0.2903505,0.3440538,0.3139524,0.36216334,3.4419029,1.9366548,2.3242302,2.325839,3.024424
330,2.2408621,4.8379283,4.0843096,3.861063,0.34081426,0.3505247,0.32453185,0.28466848,3.3507369,1.9123815,2.2610607,2.2856483,2.9418561
331,2.257905,4.9477835,4.0894427,3.827229,0.31346846,0.34579313,0.36524934,0.32178566,3.161646,1.7146769,2.2398424,2.1363842,2.7510664
332,2.253085,4.8492603,4.0888314,3.882755,0.28735903,0.36567107,0.3790427,0.29811516,3.2862792,1.8297687,2.2723522,2.2361321,2.9062748
333,2.245838,4.886303,4.0377164,3.78117,0.2999231,0.35734567,0.32808977,0.27863997,3.443423,1.9237064,2.2434905,2.2533903,3.0381932
334,2.2312865,4.917271,4.026968,3.7996755,0.33662423,0.35139662,0.32607445,0.26934972,3.4727476,1.9415247,2.2671258,2.2826228,3.0749538
335,2.225634,4.886878,4.0594673,3.7273812,0.28230634,0.41842997,0.35130212,0.3037929,3.3774037,1.8865916,2.249374,2.2743502,2.9537706
336,2.2416718,4.7992945,4.005658,3.8033044,0.2769548,0.35475847,0.3265383,0.28794965,3.3018339,1.9399576,2.2548137,2.3236282,2.9777498
337,2.2958567,4.8789377,4.088214,3.801064,0.28504553,0.37536132,0.35028493,0.28713375,3.3836665,1.8855895,2.2278266,2.274052,2.958409
338,2.2853014,4.8946953,4.0930786,3.8549595,0.28429297,0.41751242,0.298829,0.29114527,3.3838956,1.92926,2.2891352,2.2970963,2.9737236
339,2.2546012,4.9601517,4.0965962,3.8688824,0.29626337,0.35903275,0.3587613,0.29838,3.3843174,1.8484452,2.236125,2.2052999,2.9006507
340,2.2488399,4.86142,4.07145,3.802552,0.29008988,0.37459943,0.3348451,0.2810021,3.2791595,1.9107285,2.276183,2.3402417,2.9257329
341,2.2378302,4.7901955,4.068324,3.8413901,0.28399688,0.34451488,0.33305502,0.28127947,3.2489433,1.838868,2.250948,2.1754975,2.8812823
342,2.2682736,4.888945,4.1210737,3.8949254,0.28526855,0.30951518,0.31980535,0.29931304,3.4567702,1.907727,2.259296,2.327792,3.1305873
343,2.256149,4.7750726,4.0411515,3.781425,0.32968426,0.34590122,0.33954757,0.29305196,3.415432,1.9001162,2.223283,2.2852936,3.0107656
344,2.2814045,4.770033,4.0385394,3.7842555,0.32731056,0.35030198,0.35404164,0.28692052,3.3870635,1.884066,2.234323,2.2424219,2.928021
345,2.2805192,4.8072715,4.092164,3.8160977,0.30132625,0.36129564,0.35346276,0.3373834,3.2596214,1.8125052,2.2278614,2.2325048,2.8056939
346,2.278935,4.7339954,4.0476446,3.7602556,0.28778645,0.36140493,0.33722785,0.30058712,3.4615746,1.9532562,2.3149533,2.2909696,2.966658
347,2.308375,4.793844,4.1312323,3.7942636,0.28531295,0.40908316,0.32490313,0.2915536,3.3711803,1.8859767,2.2129939,2.2631292,2.9936025
348,2.2682045,4.874543,4.13098,3.7884858,0.28758568,0.34871855,0.37348935,0.32687256,3.3997514,1.90272,2.2393684,2.3186476,2.9760702
349,2.2498786,4.753692,4.0680985,3.8074622,0.3291823,0.35359597,0.3387608,0.28810078,3.1549823,1.6600386,2.1090927,2.0548484,2.7100096
350,2.2733579,4.799666,4.070576,3.8059916,0.3212208,0.39312053,0.34644422,0.32601848,3.0395079,1.5538173,1.9997915,1.9271188,2.6585495
351,2.25945,4.8593187,4.1767163,3.8489027,0.3280343,0.36250916,0.3337342,0.279532,2.9847553,1.5770463,2.0445077,1.9615724,2.6265652
352,2.3598711,4.7306976,4.044608,3.8403637,0.29903987,0.35332784,0.39643726,0.31826377,3.157623,1.7412924,2.1359527,2.1139827,2.8172398
353,2.2435908,4.762234,4.0498667,3.802574,0.37077248,0.34330794,0.31226966,0.30509818,3.2522593,1.788551,2.2540405,2.3314602,2.8797183
354,2.2504523,4.811807,4.14042,3.826848,0.31703198,0.3623555,0.33101004,0.28651026,3.1597655,1.7609333,2.189256,2.2892218,2.82734
355,2.322985,4.987956,4.2021413,3.9123938,0.30963945,0.35583353,0.33229345,0.27976075,3.19912,1.7933706,2.2452152,2.2153,2.827792
356,2.2621481,4.9219847,4.174848,3.8739665,0.29017955,0.34509304,0.31592798,0.30449072,3.3045344,1.7864072,2.249727,2.3330429,2.8831816
357,2.3627687,4.848525,4.0627313,3.8934107,0.30020356,0.33328107,0.37227818,0.31791958,3.094843,1.6451163,2.0881963,2.1484988,2.7429738
358,2.334935,4.825002,4.137001,3.9376884,0.3215686,0.40788534,0.34914452,0.28163725,3.2202885,1.7453481,2.1961827,2.2145362,2.7832448
359,2.325823,4.89194,4.0860133,3.9547234,0.32290128,0.3413972,0.3319384,0.30357766,3.2135699,1.8155625,2.2154744,2.2851064,2.8185258
360,2.2979612,4.876807,4.0929356,3.834912,0.2974055,0.34750518,0.33788347,0.2995695,3.1597972,1.7096329,2.186146,2.292987,2.7686822
361,2.2955122,4.8054132,4.0408726,3.8275514,0.31397128,0.33882353,0.35859758,0.31908986,3.3258657,1.7943379,2.2126951,2.280357,2.8817031
362,2.3543112,5.000167,4.133358,3.881926,0.2749314,0.3877207,0.39122462,0.3405122,3.2085154,1.7521057,2.1656027,2.285975,2.7590017
363,2.294429,4.902476,4.134253,3.821213,0.29207137,0.3522513,0.3151467,0.29106107,3.1849256,1.6829666,2.1388657,2.204169,2.7806926
364,2.2569273,4.8094053,4.035354,3.7957866,0.28944165,0.34928396,0.34964275,0.30608857,3.247293,1.6740396,2.1481283,2.100442,2.7466824
365,2.2227278,4.8377748,4.100748,3.8787482,0.2790154,0.4008836,0.35628676,0.30153114,3.08439,1.7312126,2.167611,2.119862,2.6931987
366,2.253972,4.8288903,3.9669752,3.7322974,0.28014526,0.38365036,0.35930362,0.3149209,3.3069506,1.7219752,2.1591785,2.1389654,2.8376167
367,2.2887793,4.8207865,4.078813,3.832074,0.27967218,0.32287487,0.35030064,0.33499375,3.0880692,1.6765276,2.152808,2.0940685,2.7026465
368,2.337199,5.0188217,4.0947094,3.8872473,0.3032159,0.3171518,0.37157193,0.3393532,3.1200297,1.6680706,2.1420534,2.0573354,2.6944563
369,2.3350005,5.0485506,4.2146244,3.9104366,0.3110784,0.32311672,0.35611066,0.34978536,3.109312,1.6768196,2.166365,2.070794,2.6513808
370,2.2185044,4.9122267,3.9727824,3.7155015,0.35504755,0.436107,0.35771725,0.3125005,3.1494339,1.6378456,2.1857827,2.130776,2.7046478
371,2.2753515,4.9559813,4.040397,3.8663242,0.29686886,0.40580693,0.35721013,0.29808083,3.1938093,1.7800575,2.2934697,2.2014627,2.8224323
372,2.2219255,4.940548,4.0584517,3.7811937,0.32430828,0.3655996,0.30446237,0.2811816,2.9954815,1.582821,2.0686164,2.0130734,2.6364758
373,2.3091674,5.0252824,4.059574,3.842027,0.29112342,0.3473462,0.30037555,0.30528423,2.9964306,1.5989374,2.1173897,2.002499,2.6132314
374,2.259614,4.943139,4.0693746,3.9081357,0.2885744,0.3771925,0.31587452,0.29309428,3.083252,1.6426642,2.172588,2.0920177,2.6954713
375,2.2757998,4.8718643,4.0469756,3.8769627,0.26191038,0.34742957,0.37687615,0.32740265,3.0593834,1.5954746,2.1544795,2.0582838,2.6420794
376,2.2245762,4.862819,4.0046644,3.7545788,0.2867951,0.34997952,0.31886142,0.32101145,2.981839,1.5894455,2.0943797,1.9670513,2.6272266
377,2.214495,4.8194633,4.108147,3.8080137,0.29565528,0.37111074,0.2917288,0.28782418,3.0515625,1.599872,2.109162,2.0188136,2.6219847
378,2.2444346,4.899536,4.032344,3.8325143,0.31706518,0.35091162,0.3830842,0.32139015,3.018334,1.5713325,2.052536,1.9962469,2.6239734
379,2.2869573,4.846223,4.0796146,3.8242004,0.29379296,0.3862301,0.31697917,0.29169098,3.0878952,1.6132989,2.067092,1.9923085,2.6381037
380,2.2854795,4.7340283,4.1157937,3.8282638,0.29055232,0.38886777,0.31529835,0.32948178,3.1818535,1.7325107,2.1524343,2.109241,2.7180824
381,2.2761726,4.791825,4.1085186,3.8069997,0.30207422,0.3682442,0.3065333,0.29904732,3.1839545,1.7116666,2.1306455,2.071079,2.745403
382,2.2619927,4.834787,4.0709696,3.7804813,0.298439,0.3541799,0.34954843,0.3212253,3.1184232,1.6681255,2.1756356,2.1191218,2.7115524
383,2.325952,4.9626384,4.1554275,3.9385018,0.29227144,0.35394144,0.35792038,0.3367037,3.240269,1.6185251,2.1223679,2.0730064,2.72643
384,2.2847,4.8333654,4.1824822,3.9321442,0.28221697,0.39075768,0.30862972,0.29455006,3.163556,1.6298745,2.0836296,2.0625644,2.7407188
385,2.3114848,4.8955774,4.1292105,3.8660526,0.30094865,0.35322237,0.35191017,0.3023307,3.0600367,1.5849708,2.1479545,2.096302,2.6263697
386,2.3430667,4.895871,4.0777855,3.8811867,0.3024079,0.34063402,0.33767903,0.2993491,2.9798205,1.5442228,2.0256383,1.9906849,2.6029122
387,2.3213077,4.884409,4.069837,3.8642423,0.29564223,0.36748034,0.36387703,0.33429584,3.207108,1.8683693,2.2551632,2.2711658,2.7504778
388,2.2924552,4.854829,4.127838,3.8276465,0.27479795,0.32236207,0.35072127,0.36109212,3.0877264,1.7949595,2.1543865,2.1131427,2.6405144
389,2.2864776,4.8007693,4.036356,3.7952504,0.31831357,0.34704483,0.33354148,0.29479367,2.996932,1.7227567,2.0902932,2.1477537,2.5623448
390,2.250176,4.844666,3.9925494,3.814467,0.28750384,0.39619923,0.29575709,0.29218537,3.0916867,1.7376631,2.0567746,2.180102,2.6596603
391,2.3838847,4.888485,4.1955905,3.9257765,0.28867346,0.3577503,0.39952296,0.35241947,3.0557897,1.7505827,2.091022,2.1158144,2.6005685
392,2.3138094,4.7810435,4.047965,3.8366137,0.2941697,0.33595428,0.36051288,0.30033553,3.1284192,1.8160344,2.1439393,2.1730351,2.677017
393,2.3260825,4.835158,4.0668383,3.8542242,0.31045887,0.34370992,0.36745036,0.33566457,3.0128531,1.712274,2.0578258,2.0651498,2.624415
394,2.3395817,4.950342,4.0445695,3.914248,0.31705785,0.33030245,0.3387148,0.3411477,3.120561,1.819203,2.2067862,2.2801442,2.7482004
395,2.343495,4.9758363,4.0775585,3.8828495,0.32359928,0.3333539,0.33348837,0.30265978,3.2304559,1.9667686,2.3167312,2.314559,2.8135452
396,2.3534584,4.965334,4.120436,3.8728034,0.29685545,0.33500683,0.38356063,0.34635842,3.1309676,1.8513347,2.1961215,2.1980026,2.7017953
397,2.291563,4.7977877,4.1479235,3.9458284,0.28820133,0.35362712,0.31605837,0.29399788,3.1326187,1.7749395,2.1082976,2.2051651,2.664889
398,2.3159714,4.757872,4.130366,3.8436406,0.28138268,0.35224995,0.350032,0.30895728,3.056183,1.7168356,2.0480375,2.190052,2.6174014
399,2.3264074,4.975729,4.1182404,3.888327,0.2879933,0.32847688,0.3918757,0.30109462,3.0279894,1.604978,1.9436462,2.0467536,2.580387
400,2.2608445,4.8624983,4.046435,3.8721344,0.27914682,0.37011617,0.31522843,0.34210384,3.0841208,1.7951849,2.1397998,2.1747782,2.6102858
401,2.2953627,4.857344,4.1076045,3.8398561,0.27457595,0.35496932,0.36109486,0.3272625,3.0355458,1.7398757,2.0883224,2.1240885,2.62337
402,2.239489,4.8085694,4.0164914,3.8411994,0.3188546,0.34417185,0.31944177,0.27899355,3.0804174,1.7885225,2.132051,2.188352,2.6646109
403,2.3344274,4.780189,4.027014,3.8042238,0.28978866,0.35483798,0.38126925,0.33680367,3.0873387,1.8588095,2.194139,2.1594613,2.653191
404,2.322463,4.958501,4.0969534,3.8586383,0.2956503,0.37246156,0.32484528,0.28892267,2.9919426,1.6754407,2.01148,1.9951271,2.5180585
405,2.302129,4.8412457,4.0842977,3.9138277,0.2848524,0.37716794,0.4231846,0.32174057,3.0992756,1.7595644,2.1086462,2.1526842,2.6307428
406,2.2699316,4.851009,4.07676,3.87053,0.32355896,0.35351312,0.3271332,0.31575155,3.1695585,1.8051983,2.132622,2.1354094,2.6737075
407,2.3027892,4.867686,4.0702496,3.8481162,0.30157998,0.37924346,0.34607783,0.30044857,3.0875003,1.7590706,2.0999956,2.1623297,2.5999153
408,2.241783,4.7165837,3.9124043,3.767481,0.30764064,0.38675088,0.3516102,0.29796532,3.1901143,1.8137889,2.1386237,2.1683385,2.6745307
409,2.2013962,4.6580205,3.8550277,3.6907694,0.2995548,0.35808945,0.32843044,0.30289543,3.2381232,1.8114352,2.1416795,2.2340612,2.722837
410,2.295431,4.7377176,3.912939,3.73972,0.2957935,0.32230952,0.36675447,0.3355391,3.2550273,1.9028311,2.2437007,2.2776544,2.7018757
411,2.3370578,4.765087,3.8577025,3.7470646,0.2921328,0.3816852,0.36001742,0.33219826,3.0516727,1.6765829,2.0114558,2.0578895,2.502967
412,2.3291354,4.8217363,3.9680653,3.7555707,0.27311432,0.37975338,0.40632978,0.3533083,3.0249438,1.6720101,2.0268946,2.0976937,2.549549
413,2.263616,4.858539,3.9785755,3.8730521,0.28666452,0.3895111,0.39097485,0.33818573,2.956889,1.5758924,1.913575,1.9627724,2.4492898
414,2.248441,4.648536,3.8575878,3.7271476,0.31270528,0.36727595,0.32980743,0.2908113,3.07227,1.7016925,2.0457551,2.0573714,2.545835
415,2.258744,4.7796636,3.9598436,3.7176797,0.29090294,0.364469,0.35450286,0.31656963,3.1396048,1.6516926,2.007699,2.093817,2.617188
416,2.193378,4.76062,3.977889,3.7724943,0.29771647,0.36044466,0.34931886,0.32955182,3.0327196,1.6182463,1.9538294,1.9807595,2.482202
417,2.2122164,4.7627106,3.9797661,3.8145254,0.28534225,0.35579565,0.31863767,0.30048415,2.8689475,1.6298076,1.9541969,1.9634162,2.493245
418,2.2695312,4.7823544,3.985553,3.7705243,0.30929697,0.34677595,0.36677432,0.31427294,3.0687728,1.6615342,1.9923997,2.0176425,2.504606
419,2.3272035,4.881816,3.8977056,3.7994103,0.31476402,0.3435935,0.3849306,0.30153915,2.9931998,1.6168791,1.9509826,2.0157425,2.4613771
420,2.2988572,4.7779875,3.936081,3.8569908,0.28141645,0.39282298,0.3087867,0.30416194,2.9775157,1.6196895,1.9437068,1.9725071,2.4960701
421,2.303537,4.8486485,3.9822328,3.9052613,0.27544716,0.41895875,0.3420736,0.32626596,3.0652227,1.6085453,1.9542782,2.0055282,2.5024335
422,2.2732298,4.785131,3.764148,3.7634392,0.28896734,0.37288257,0.3384865,0.32228774,2.9222884,1.6426413,2.002951,2.035841,2.462413
423,2.2518983,4.8709764,3.9578843,3.8052526,0.3019184,0.33888572,0.3277415,0.30943602,3.0760245,1.6899651,2.042293,2.0516722,2.5167801
424,2.336649,4.913929,3.8712723,3.7837987,0.3154034,0.34908044,0.36756393,0.31373763,3.0982552,1.6772441,2.0194025,2.0463736,2.5330756
425,2.2712686,4.784906,3.7274768,3.7382574,0.30851963,0.31721696,0.3558981,0.30427697,3.15742,1.7186887,2.0565853,2.0115392,2.5351734
426,2.254999,4.81114,3.867007,3.7648234,0.34495416,0.30848196,0.34102398,0.30386555,3.053811,1.6691068,2.0140352,2.0910153,2.505746
427,2.294425,4.8733964,4.084609,3.891023,0.2800641,0.37484828,0.314374,0.36207297,2.9612195,1.6141131,1.9791591,1.9879454,2.4372098
428,2.3076432,4.877401,3.9411635,3.8282619,0.29941422,0.3630682,0.38448706,0.3231153,3.073563,1.6959126,2.0404189,2.0780668,2.5704408
429,2.2131066,4.823055,3.9358754,3.795298,0.3066458,0.36120287,0.32141563,0.28153127,2.9918633,1.6074779,1.9503345,2.0156941,2.4863052
430,2.254829,4.853296,3.9960995,3.7859604,0.29266483,0.3685308,0.32630298,0.30831942,2.9911525,1.6740583,2.0021214,2.079554,2.5294387
431,2.2766685,4.9323335,4.038118,3.9340963,0.28184304,0.37951106,0.397763,0.4388404,3.0279918,1.6253517,1.9639376,2.0011864,2.493413
432,2.3694406,4.879525,3.971612,3.9231498,0.30745468,0.38273564,0.3496359,0.32925192,3.0014486,1.6249807,1.9462589,1.9720211,2.4984522
433,2.2403193,4.8624864,3.9728866,3.7684438,0.32498085,0.4128269,0.36324793,0.32248408,2.9234264,1.5880934,1.9064655,1.9640509,2.44485
434,2.2924144,4.9129643,3.9819825,3.9353015,0.29356292,0.3469362,0.36906332,0.3531159,2.9360092,1.57709,1.9154384,1.9442203,2.4913988
435,2.2493522,4.8486986,3.7974114,3.8294482,0.30491945,0.3600312,0.35557854,0.31566525,2.9796205,1.6707032,1.9951899,2.015343,2.5194528
436,2.3663838,4.797436,3.9479058,3.8477082,0.28179175,0.37429777,0.38853538,0.34691167,3.0397205,1.6396946,1.9741144,1.9892126,2.4877439
437,2.2254004,4.767653,3.9878168,3.7724166,0.32780728,0.39116165,0.34263432,0.30686662,2.9529681,1.6376804,1.9739172,1.9816225,2.4712565
438,2.2477124,4.672568,3.9094675,3.7949371,0.2950405,0.37896627,0.35248938,0.31793424,3.063484,1.6291146,1.9675943,2.0511646,2.537985
439,2.286303,4.7233257,4.0425496,3.8369684,0.296577,0.32855022,0.35864073,0.36232635,2.8860826,1.5967742,1.9533762,1.9407696,2.4416635
440,2.2189603,4.6649475,3.9273307,3.755692,0.3176877,0.37677366,0.34170103,0.32519677,3.0963852,1.7468545,2.0837238,2.1234536,2.5556464
441,2.1757216,4.6680284,3.9273002,3.6990085,0.32037845,0.32488954,0.32861206,0.318903,3.0086195,1.639349,1.982013,2.044333,2.5069516
442,2.245447,4.7974267,3.7822616,3.6679296,0.29515398,0.38893068,0.36836618,0.34251657,2.9901016,1.6240094,1.9494883,2.0706768,2.4473958
443,2.271887,4.793557,3.948868,3.8145018,0.30021927,0.34531975,0.35268438,0.40390396,2.9491,1.598975,1.9433819,2.027841,2.439268
444,2.3061452,4.712586,3.888517,3.7682285,0.2847573,0.3452234,0.34520984,0.34078196,3.003534,1.6547546,1.9922965,2.0869925,2.4925578
445,2.2776797,4.7455363,3.929681,3.796789,0.3030031,0.40734023,0.35338655,0.32834968,3.0732093,1.7034321,2.0449166,2.0719838,2.5517504
446,2.2965474,4.738399,3.9022088,3.8270779,0.28192276,0.31830478,0.34771392,0.31734487,2.9676757,1.6720527,2.0258021,2.0242062,2.4934106
447,2.3258655,4.841908,3.9941118,3.8209867,0.29201493,0.37088263,0.37082246,0.3051703,2.9254625,1.640475,1.9773747,1.9967371,2.4530356
448,2.274557,4.736134,3.970592,3.767247,0.30012247,0.39364332,0.40125933,0.3774488,3.0079722,1.7063199,2.0359843,2.06744,2.5123377
449,2.2636154,4.6369452,3.9280438,3.808322,0.30447164,0.37002248,0.32891178,0.3051602,2.910465,1.6477011,1.9852294,1.9821329,2.4617379
450,2.1987977,4.8106995,3.9397347,3.7389743,0.30580685,0.36107004,0.32258078,0.28764084,3.0383933,1.6795934,2.036449,2.081685,2.4791532
451,2.2180645,4.7220116,3.9510634,3.7232199,0.2867492,0.34817865,0.36631548,0.37387183,2.961606,1.6359259,1.9855477,2.0042527,2.4865794
452,2.291788,4.744359,3.9064794,3.7772253,0.31065688,0.32434544,0.3611259,0.33793914,3.031609,1.6255748,1.9696769,2.030091,2.4692516
453,2.227694,4.7824435,3.8896835,3.7848651,0.30133912,0.40801188,0.32617936,0.38253942,2.956308,1.6693778,1.9968385,2.0781498,2.4985163
454,2.2021208,4.7124567,3.9128537,3.6968293,0.30930138,0.3057266,0.31764883,0.2954551,3.059501,1.6461296,1.9926555,1.980368,2.4974215
455,2.2470167,4.749443,3.9898942,3.8418531,0.30536792,0.3144741,0.33998647,0.32390425,3.051173,1.7255485,2.038307,2.0789907,2.546577
456,2.304073,4.7888007,3.9816902,3.866156,0.28443423,0.32510102,0.35756817,0.4218645,2.974865,1.6270362,1.9594198,2.0267587,2.5231967
457,2.2691348,4.646625,3.8593097,3.7362585,0.28463405,0.36330172,0.3410726,0.32870898,3.047881,1.6851345,2.017102,2.0153062,2.5490007
458,2.2245977,4.7816386,3.945432,3.7907043,0.33327597,0.37263596,0.3502562,0.29304063,3.0248735,1.661435,1.9989238,2.0736403,2.5384412
459,2.1871893,4.830265,3.9209342,3.714476,0.30476475,0.36368695,0.31634963,0.29200867,3.0022047,1.6643894,1.9992456,2.0127587,2.5239542
460,2.1876051,4.716808,3.8580441,3.6851463,0.30914485,0.3933808,0.35427794,0.3487008,3.0308533,1.644218,1.9727967,2.0155149,2.537353
461,2.2183611,4.8336244,3.9847949,3.7597928,0.28982374,0.34985754,0.37725338,0.37681833,3.14257,1.6410654,1.9727794,1.9950119,2.532159
462,2.2466276,4.7741647,3.962041,3.7925987,0.28843266,0.34866282,0.3783431,0.36967146,3.0943637,1.7433834,2.0686097,2.0649383,2.5415142
463,2.3016517,4.7205496,3.8642259,3.7145312,0.30920935,0.3533715,0.32832175,0.33888653,3.0843616,1.7154952,2.0534918,2.0621073,2.5616934
464,2.3365607,4.8322134,3.8196075,3.8285003,0.29002938,0.39288995,0.33600205,0.29037353,3.0222037,1.6434685,1.983887,2.0249076,2.5593014
465,2.3201149,4.868645,3.7814693,3.7911792,0.29733858,0.4054815,0.34826368,0.29425362,3.0000517,1.6869619,2.0212789,1.9986668,2.4783156
466,2.3633196,4.7679257,3.7804503,3.8206148,0.28105676,0.39455423,0.35625026,0.3086555,3.1206207,1.757652,2.086246,2.056833,2.6103425
467,2.2565188,4.8685513,3.8672268,3.8535655,0.29999375,0.4073888,0.30427647,0.2811844,3.0230515,1.7358563,2.0821168,2.0357814,2.5200646
468,2.2758374,4.7606854,3.7555907,3.7564287,0.3192547,0.35482818,0.3417313,0.30215123,2.9648519,1.6800405,2.0206945,1.9876331,2.50166
469,2.282429,4.859718,3.783907,3.786154,0.29031113,0.375168,0.34918416,0.3099817,3.028159,1.7569793,2.0871265,2.0587034,2.5439727
470,2.2906532,4.9080515,4.026489,3.7881193,0.30176574,0.38006926,0.30800396,0.28913537,3.050469,1.6367823,1.9916537,1.9958946,2.5223262
471,2.2953546,4.8261724,3.908205,3.777964,0.3075388,0.33786574,0.37969038,0.33631903,3.0307548,1.6772238,1.9809167,2.0326443,2.513888
472,2.3511748,4.932239,3.9510152,3.83212,0.28777733,0.35310107,0.3618423,0.33932248,2.989292,1.7053528,2.028609,1.9800551,2.5138078
473,2.3438225,4.78316,3.8955042,3.8680224,0.28435332,0.42798087,0.38338414,0.3218375,3.090746,1.6557757,1.9844173,2.0008638,2.5338132
474,2.2459292,4.8229675,3.919887,3.813861,0.29196894,0.33013433,0.31369913,0.29743823,3.0615885,1.7550116,2.088414,2.070363,2.5569322
475,2.3360116,4.8755116,3.9898064,3.8023212,0.29319528,0.32668656,0.37219423,0.32177106,3.057961,1.6588416,2.0065765,2.0142615,2.4856355
476,2.2490215,4.618225,3.9225323,3.765997,0.28246066,0.36642238,0.35938406,0.30491906,3.0972767,1.7157831,2.0600836,2.0674622,2.5419846
477,2.2660532,4.7705226,3.9660037,3.7748418,0.2930126,0.3806092,0.3446055,0.3182883,3.1535606,1.6743075,2.0263987,2.0702214,2.5758994
478,2.2683027,4.651637,3.7437932,3.7421463,0.32200074,0.3678732,0.30283946,0.3854982,3.0301776,1.6898324,2.03735,2.0163655,2.5219176
479,2.3187659,4.742885,3.9568312,3.7927465,0.28605783,0.34341547,0.33966786,0.30042768,3.050458,1.5933912,1.9472756,2.0220613,2.5557122
480,2.213928,4.624478,3.8001513,3.685796,0.33479193,0.345892,0.32963458,0.2976292,3.082,1.6412138,1.9690666,2.0873837,2.6317003
481,2.2521634,4.511706,3.7925951,3.6824431,0.29000646,0.36210847,0.3472002,0.31452072,3.1022258,1.6815685,2.010105,2.055258,2.5715828
482,2.2715957,4.7259994,3.859852,3.8154614,0.30646122,0.36871445,0.35146248,0.30932534,3.0026388,1.626176,1.9768075,1.9552667,2.482298
483,2.2452579,4.7561316,3.827283,3.7690966,0.2825894,0.33636844,0.3375854,0.32909116,2.9742067,1.6076119,1.9637058,2.023288,2.5301301
484,2.2684133,4.687707,3.997849,3.8966844,0.32156548,0.38092768,0.37156227,0.31523103,3.0058618,1.6621099,2.0044374,1.9843113,2.489624
485,2.3172383,4.930054,3.9566822,3.8110187,0.2915318,0.32714313,0.37727964,0.30072564,3.1000621,1.7361101,2.0753517,2.102858,2.6133862
486,2.2958403,4.993881,4.1115375,3.9158185,0.2977852,0.3733279,0.36204618,0.29991773,3.0945404,1.7238687,2.0850697,2.1161714,2.641349
487,2.2352889,4.8596644,4.034362,3.7581165,0.3177505,0.3489971,0.32964438,0.29946795,3.0795207,1.7164435,2.0545886,2.0886674,2.5948112
488,2.3119135,4.8166695,4.1586676,3.8175566,0.27025577,0.41504565,0.308462,0.28671932,3.1419737,1.7759748,2.1228693,2.135832,2.6351662
489,2.2951481,4.981661,4.092052,3.8818698,0.28370628,0.37711036,0.38636804,0.34624815,3.1187406,1.6990592,2.0775824,2.1308951,2.644026
490,2.2698624,4.9350057,4.031615,3.8781085,0.29160917,0.35321903,0.30543637,0.28491157,3.1139917,1.7592175,2.1287386,2.1740088,2.6461143
491,2.2831037,4.8183484,3.9755843,3.8467722,0.32144707,0.33767393,0.3328044,0.3044769,3.2491884,1.79856,2.150004,2.2510366,2.7109945
492,2.2414093,4.844071,3.9536402,3.788372,0.2835998,0.38776502,0.34349546,0.32926685,3.1334333,1.8011521,2.1524434,2.1585202,2.675838
493,2.2605898,4.8700676,3.8093078,3.848565,0.2864538,0.3348876,0.34684777,0.278951,3.1081574,1.7647309,2.1320882,2.1712482,2.6379824
494,2.2504787,4.8814044,3.965582,3.8650632,0.28912008,0.35731226,0.312638,0.28756768,3.1581829,1.7661772,2.105424,2.1797056,2.71748
495,2.3002114,5.0091166,4.026607,3.864478,0.27714685,0.36870736,0.3591867,0.3182629,3.0314686,1.7135406,2.066514,2.1291068,2.6337404
496,2.295604,4.9352856,3.9557514,3.8864033,0.28815797,0.36818257,0.34477782,0.29002744,3.1341808,1.7033389,2.0444994,2.0864046,2.639064
497,2.2645628,4.9570146,3.902765,3.829238,0.29636768,0.3598187,0.38415495,0.30573678,3.030499,1.7574391,2.0850098,2.1304073,2.5676847
498,2.2961524,5.0251846,3.8532908,3.911521,0.31886306,0.39607358,0.3476291,0.30106625,3.133947,1.7962098,2.132637,2.2201657,2.71463
499,2.2730675,4.884193,3.8836133,3.8531682,0.31584394,0.3567422,0.35972425,0.28271624,3.2205548,1.8809848,2.2359376,2.2970376,2.8247309
