,A:SER:249:OG -- H -- A:HIS:174:ND1,A:SER:249:OG -- H -- A:HIS:174:NE2,A:SER:249:OG -- H -- A:GLN:245:OE1,A:SER:249:OG -- H -- A:ALA:246:O,A:SER:249:OG -- H -- A:GLY:248:O,A:SER:249:OG -- H -- A:SER:249:O,A:SER:249:OG -- H -- A:ALA:250:O,A:SER:249:OG -- H -- A:ASP:251:OD1,A:SER:249:OG -- H -- A:ASP:251:OD2,A:SER:249:OG -- H -- A:ASP:251:O,A:SER:249:OG -- H -- A:ASN:361:OD1,A:SER:249:OG -- H -- A:THR:363:OG1
0,0.4422578,0.34600282,0.82739663,0.94429827,0.53543836,0.38492504,0.49857667,0.30924493,0.508293,0.5622994,0.8044943,0.7764636
1,0.45891705,0.34806052,0.834369,0.9874096,0.5307312,0.37237185,0.5553512,0.32699955,0.5261757,0.6073725,0.78134507,0.7488838
2,0.41286448,0.32307366,0.8301673,0.99728453,0.5351188,0.37362283,0.5268425,0.57746387,0.4773196,0.5993053,0.71566534,0.6544257
3,0.52646524,0.3684612,0.8484724,0.98483425,0.53712386,0.35392034,0.53374016,0.3491764,0.43770784,0.58395046,0.813722,0.7012966
4,0.46261615,0.37936524,0.7923747,0.8947592,0.5228734,0.36667734,0.49795532,0.34292752,0.5208886,0.54781294,0.76486456,0.7011454
5,0.39012265,0.47078958,0.806418,0.9603369,0.5319172,0.3570608,0.5092242,0.38029876,0.53266823,0.5213387,0.8445968,0.82594186
6,0.4615613,0.4279463,0.7251321,0.93882227,0.5300951,0.37768215,0.5455865,0.416754,0.56663156,0.5511705,0.6828651,0.81418854
7,0.43354708,0.34402996,0.76840746,0.9706099,0.43410674,0.36910632,0.5067283,0.310226,0.48408794,0.5356737,0.815512,0.83286005
8,0.40544733,0.3550283,0.7927224,0.9290402,0.44236118,0.36069232,0.51386005,0.39775294,0.5351051,0.5628393,0.77028084,0.7471182
9,0.47520193,0.43720293,0.83396685,0.9474433,0.45271453,0.38407204,0.5189396,0.3315094,0.5163691,0.5839482,0.78364617,0.7317498
10,0.47759965,0.37849432,0.80727303,0.99193996,0.43880764,0.34350902,0.5188343,0.33496702,0.53219503,0.5719961,0.74404776,0.7299964
11,0.44842708,0.3395974,0.8155467,0.9375005,0.48874465,0.36458838,0.54119533,0.4237619,0.49061808,0.6057411,0.7710629,0.7995267
12,0.4148617,0.32767257,0.7856806,0.9732657,0.5149013,0.3622681,0.5215852,0.48251817,0.30083212,0.5494335,0.89378417,0.89905477
13,0.47005275,0.40124708,0.88834715,0.96580875,0.51365495,0.39659473,0.56077814,0.56478196,0.38465685,0.61128503,0.7665224,0.7435136
14,0.42955574,0.46770486,0.814917,0.9192334,0.5193407,0.3426753,0.51063347,0.52991945,0.545858,0.5092422,0.8169078,0.8274811
15,0.42198193,0.47158074,0.74067545,0.8995202,0.5150951,0.3560637,0.47324365,0.5674267,0.5125498,0.49495435,0.7337494,0.77869
16,0.46939212,0.30813015,0.7756622,0.9716106,0.53954595,0.3409427,0.50279415,0.49768075,0.39354575,0.5327654,0.9079255,0.83781195
17,0.45076218,0.41052917,0.87410766,1.000248,0.5147922,0.40893048,0.57344294,0.59217656,0.4059426,0.67783815,0.7649879,0.7557329
18,0.4331357,0.32168746,0.6241397,0.95196265,0.5214263,0.3454694,0.49162087,0.46943003,0.31887227,0.48871863,0.94355357,0.9371952
19,0.44602275,0.4168141,0.59473497,0.8976483,0.5347263,0.33403483,0.52789134,0.5594305,0.4017871,0.50118375,0.7916552,0.8144182
20,0.4795548,0.3484307,0.72866714,0.94530004,0.5200927,0.35882884,0.5092495,0.49464104,0.38159353,0.53752184,0.7371569,0.760102
21,0.4568201,0.3427221,0.8778288,0.96425325,0.5029313,0.37337318,0.5032699,0.51542735,0.31649667,0.58787906,0.7269071,0.8163841
22,0.4673525,0.39008614,0.75654066,0.9088771,0.5276998,0.33783624,0.50216454,0.5930822,0.43438378,0.49192533,0.84257597,0.8997767
23,0.4685922,0.30069265,0.819069,0.9970589,0.53011805,0.38618672,0.51503396,0.5045581,0.4095612,0.56461453,0.73103565,0.69147193
24,0.46155047,0.37793407,0.8218248,1.0082698,0.51605445,0.37918285,0.5782859,0.5339926,0.44426313,0.65662867,0.75118035,0.6796401
25,0.45411658,0.3415849,0.807419,0.8945568,0.5321064,0.36501735,0.49516857,0.5280268,0.3588906,0.54012775,0.8106179,0.78816897
26,0.52046543,0.44694552,0.71595913,0.9364237,0.5100233,0.37096193,0.51075274,0.58977336,0.45530638,0.5189638,0.8399882,0.75023013
27,0.44058168,0.31885213,0.73193765,0.96548355,0.50329006,0.35718125,0.5113001,0.49090493,0.33664387,0.5617578,0.78725284,0.80002683
28,0.44515204,0.4379923,0.8155616,0.96277285,0.5313183,0.3868103,0.51591045,0.55462325,0.36334085,0.588862,0.7858684,0.6948168
29,0.48877588,0.401256,0.76902527,0.96737856,0.5170214,0.36881638,0.5074771,0.53910315,0.38963634,0.51666236,0.8296085,0.7036196
30,0.44503695,0.38379735,0.72305614,0.92982984,0.52847856,0.34522587,0.53597116,0.5437141,0.35709438,0.57738143,0.67907834,0.64023113
31,0.47272074,0.45249537,0.78352565,0.9628087,0.52249175,0.3440393,0.5005213,0.41250646,0.46092597,0.5307298,0.8067483,0.75089025
32,0.4790776,0.45001915,0.8244073,0.9538898,0.51473135,0.37735125,0.5473198,0.5707092,0.442168,0.62234724,0.6716017,0.6404476
33,0.4459734,0.4633585,0.9038045,0.9635308,0.5365924,0.38275018,0.5867502,0.54387534,0.58780277,0.64673436,0.63236684,0.635171
34,0.46669298,0.48839083,0.77514476,0.9086935,0.52186966,0.34799898,0.5158762,0.5630711,0.43290374,0.52656317,0.71950525,0.70108974
35,0.45602563,0.36406225,0.80229205,0.9862683,0.5261323,0.4018007,0.5445561,0.5552022,0.36646673,0.5895597,0.79053915,0.6909972
36,0.45155004,0.3620817,0.87014306,1.009416,0.5046465,0.34813643,0.5228829,0.5385519,0.39344335,0.5526987,0.8156332,0.7972747
37,0.64329684,0.4214647,0.96164244,0.8402116,0.52659035,0.33244577,0.48060754,0.53127855,0.48351234,0.5035593,0.9248009,0.84364676
38,0.7487523,0.5728634,0.89857185,0.6907966,0.52727747,0.33233866,0.48932526,0.57654333,0.44552898,0.48428342,0.8660213,0.75901383
39,0.85401475,0.6395037,0.78167117,0.6846587,0.5115984,0.34951314,0.54170215,0.5648727,0.4111024,0.5151161,0.85989267,0.7956884
40,0.80374885,0.5955424,0.73160857,0.68412966,0.52166957,0.3527633,0.5108526,0.5578257,0.39230967,0.53548443,0.9555141,0.78738075
41,0.70720685,0.509457,0.80793494,0.75799114,0.5142584,0.33568767,0.5461668,0.59153724,0.41824374,0.57810557,0.7948891,0.67114556
42,0.55480486,0.5017598,0.8319054,0.7340847,0.5084574,0.3618784,0.5132468,0.54861605,0.36788565,0.5268824,0.8743045,0.78293395
43,0.7021624,0.63517684,0.9055768,0.8390238,0.5302537,0.36959127,0.5367197,0.50126874,0.3572542,0.6116318,0.9053251,0.75998354
44,0.52142566,0.4737548,0.89524657,0.7970235,0.52764803,0.3504549,0.5366076,0.54144937,0.36440605,0.56392837,0.92476106,0.7882291
45,0.56126285,0.58126324,0.87064826,0.7658,0.51607245,0.35192466,0.4984641,0.5783747,0.4214631,0.53003156,0.7894257,0.6787956
46,0.4638395,0.406385,0.7829087,0.74577206,0.51478887,0.3566445,0.5223313,0.5827378,0.42622945,0.51363146,0.8790678,0.7359389
47,0.6137704,0.50917417,0.8417051,0.8355549,0.5425034,0.33892286,0.48337412,0.56383795,0.4341044,0.48344186,0.7447853,0.70897853
48,0.5402697,0.62578076,0.8297565,0.7272126,0.5127883,0.35286573,0.54399,0.6096941,0.46548325,0.55202216,0.777809,0.65826607
49,0.45531192,0.40932563,0.8757536,0.79414886,0.51340055,0.35192493,0.5039865,0.602083,0.44586048,0.5345136,0.798478,0.73827845
50,0.49492955,0.4942059,0.9469609,0.83620906,0.5171429,0.355341,0.5493546,0.6810234,0.5693284,0.60634786,0.7448842,0.7135386
51,0.5513809,0.54496807,0.93438166,0.81119967,0.5118267,0.35558665,0.51754034,0.53173757,0.55721325,0.5624821,0.72825885,0.6761018
52,0.60792756,0.5298675,0.79994893,0.7896875,0.5341164,0.3503233,0.4966697,0.5576245,0.4883981,0.47731256,0.8847326,0.7922896
53,0.5223273,0.48549,0.9897362,0.8052279,0.53723127,0.3728821,0.55224866,0.5513418,0.3933724,0.5462388,0.55558294,0.6290217
54,0.5837719,0.56230474,0.91180694,0.8728424,0.5184071,0.34308213,0.52349913,0.5685991,0.4047615,0.5950379,0.79590833,0.6524612
55,0.56856304,0.44421798,0.8393637,0.7797587,0.5367172,0.34882042,0.5036463,0.5326409,0.38178474,0.52219,0.8617148,0.72340643
56,0.57815796,0.51537544,0.8083479,0.7465803,0.51704836,0.30691594,0.51977247,0.6028511,0.46749234,0.528238,0.6676387,0.6707662
57,0.528524,0.44525275,0.86446905,0.75658095,0.52956384,0.3805706,0.5111242,0.58232474,0.39118347,0.56460816,0.6858831,0.6161165
58,0.51091504,0.48195606,0.8651761,0.74405193,0.5259941,0.359363,0.5033784,0.61137635,0.5525816,0.51385546,0.6428413,0.6343632
59,0.5722105,0.5246491,0.94197315,0.8232629,0.5276456,0.36963233,0.4733136,0.5241502,0.44602895,0.4924225,0.8162267,0.69140637
60,0.55873704,0.48972532,0.89408416,0.78142136,0.5214155,0.3583892,0.5433393,0.5662133,0.39750248,0.54102117,0.6050748,0.6737203
61,0.49923584,0.46975672,0.8478519,0.82487,0.53125864,0.34578133,0.51334155,0.44343334,0.5544992,0.5382135,0.69425136,0.6525755
62,0.4883511,0.45869544,0.8849861,0.800831,0.53220505,0.37597337,0.5098079,0.416129,0.59550065,0.5253931,0.68163866,0.68370694
63,0.69648355,0.6415883,0.88599247,0.719201,0.5232929,0.33357313,0.5376297,0.45839012,0.61153215,0.5550252,0.51344204,0.5571455
64,0.59958655,0.53016496,0.79638636,0.7556478,0.5116907,0.35113314,0.47124633,0.44850996,0.57157785,0.48931745,0.6655965,0.6314854
65,0.5651392,0.44506237,0.79965967,0.7351304,0.5309234,0.37009507,0.4781841,0.37646842,0.5338035,0.49420664,0.62753105,0.6728294
66,0.52615654,0.5318441,0.74720305,0.7181596,0.53351754,0.36356708,0.49965373,0.45456043,0.58805364,0.48806527,0.66548663,0.6362847
67,0.43006036,0.47638568,0.90043026,0.778295,0.52595705,0.39091268,0.5922787,0.57709545,0.63531035,0.60994375,0.64280486,0.6288428
68,0.4629438,0.51518214,0.8038826,0.75295,0.53653145,0.33898738,0.48739207,0.5239042,0.6121476,0.51296306,0.7264407,0.71159005
69,0.541793,0.49537075,0.81435126,0.7188635,0.5266402,0.34209737,0.51296496,0.51136386,0.57649916,0.5300727,0.73447853,0.67469615
70,0.5159613,0.5132433,0.78684485,0.69256985,0.5228844,0.36832908,0.5761288,0.5422894,0.67623174,0.5957721,0.5699342,0.6517821
71,0.5511552,0.5537471,0.80756664,0.73059523,0.53340536,0.33493108,0.50395995,0.4700288,0.6066463,0.51994807,0.66735864,0.7273748
72,0.5246467,0.48405674,0.9019635,0.8011876,0.5115028,0.3621068,0.5795222,0.57241,0.64342827,0.62873137,0.51502705,0.7067421
73,0.5157118,0.46489492,0.83233255,0.7680121,0.5157946,0.36006474,0.52775383,0.46948254,0.5977766,0.52465105,0.72958654,0.6806
74,0.61750954,0.6179378,0.89937896,0.73348415,0.523553,0.32396606,0.5386098,0.47841147,0.59488136,0.517704,0.53343844,0.6189508
75,0.5491868,0.43589753,0.84151936,0.7147361,0.51589954,0.34021205,0.5148677,0.5758373,0.423857,0.50996405,0.73817486,0.644329
76,0.6230115,0.57508993,0.8499908,0.712195,0.53241587,0.3346609,0.5163008,0.5522512,0.4468605,0.48833686,0.74278367,0.5993908
77,0.5149975,0.4754563,0.8890986,0.7816302,0.51118416,0.33581445,0.48877114,0.45037228,0.58822435,0.51699656,0.7637403,0.6786551
78,0.55206996,0.54556537,0.86490756,0.7783848,0.526583,0.35583675,0.49525404,0.41543025,0.5617994,0.4936419,0.6455074,0.57827955
79,0.75570077,0.55303895,0.77213323,0.712362,0.5356951,0.34983742,0.50177664,0.34547383,0.48408106,0.5121527,0.67038417,0.6585572
80,0.56226474,0.4607981,0.89653134,0.78055036,0.5330175,0.38469127,0.5351041,0.40460867,0.5563386,0.5153361,0.7247113,0.67932713
81,0.5655235,0.5724146,0.7545953,0.75941944,0.49507406,0.3615277,0.5045417,0.41914555,0.579666,0.5240855,0.6020794,0.5852459
82,0.5294971,0.4820018,0.9001383,0.80030304,0.5263489,0.36979982,0.55978537,0.382145,0.5595555,0.5715077,0.58786297,0.6748429
83,0.5071175,0.52310586,0.83295214,0.7463511,0.5198138,0.35431457,0.53323305,0.44184163,0.5876825,0.5430294,0.6080627,0.5951321
84,0.49294794,0.43094084,0.8247418,0.8622218,0.51935756,0.3508343,0.4734228,0.6071962,0.46851733,0.49992025,0.846821,0.6657916
85,0.48799703,0.44386554,0.89043564,0.7722736,0.52506393,0.3820806,0.5691741,0.6078752,0.59539646,0.6086329,0.6644723,0.51010877
86,0.5129858,0.4635844,0.91074705,0.78900826,0.5242458,0.34010723,0.48482066,0.6243151,0.5065331,0.54802823,0.8055554,0.6337727
87,0.45557213,0.44409215,0.958635,0.8064101,0.5271502,0.36178204,0.54348445,0.65389085,0.69274294,0.58280116,0.60564893,0.57232744
88,0.41910097,0.4481122,0.9401823,0.86391383,0.52059394,0.35635236,0.56217885,0.6895705,0.7171835,0.6295029,0.6712893,0.617625
89,0.5520049,0.5110932,0.7651638,0.7018873,0.5278513,0.33861306,0.5098761,0.6444973,0.66875184,0.52884275,0.65914005,0.6038135
90,0.4916228,0.3974841,0.8292046,0.8746828,0.51190794,0.3727883,0.51469165,0.5924001,0.65047854,0.5421603,0.80294603,0.6836405
91,0.47481525,0.4403862,0.9621927,0.8302195,0.52154285,0.3494735,0.52709866,0.6295516,0.6881151,0.60958457,0.8070769,0.63234866
92,0.55641687,0.5182187,0.86019206,0.70451564,0.54384977,0.36164472,0.5021119,0.5840625,0.6122569,0.50555044,0.73662657,0.64774513
93,0.44828254,0.48873937,0.8552549,0.8524366,0.53627914,0.3694689,0.55531263,0.68391794,0.7214114,0.61491597,0.6742956,0.49734536
94,0.54852784,0.46709388,0.84202725,0.7438448,0.52224666,0.32594573,0.48146278,0.41016987,0.54683757,0.48548692,0.8094939,0.72233045
95,0.5050959,0.40688467,0.8302569,0.79821074,0.5046395,0.37529933,0.5130398,0.45053664,0.55967224,0.52926016,0.7943006,0.6809932
96,0.64788693,0.54028803,0.82045525,0.68279463,0.5338955,0.3498312,0.5013431,0.48808298,0.5522357,0.5094434,0.7721329,0.72243655
97,0.44611335,0.37118062,0.75632113,0.6923771,0.52260953,0.38344872,0.5509934,0.48420596,0.6012806,0.5516812,0.82665396,0.68569285
98,0.4536603,0.3755498,0.83449215,0.72688437,0.52538353,0.38113812,0.52283585,0.44378233,0.5537473,0.5018533,0.8349568,0.72532284
99,0.49176085,0.46109706,0.826838,0.7204822,0.52147835,0.35571057,0.5148065,0.57880795,0.43565175,0.53760123,1.0185844,0.89703953
100,0.49811274,0.40863544,0.8574246,0.7264656,0.52146685,0.3532815,0.4986867,0.6076945,0.46256137,0.51998883,0.94700664,0.82686156
101,0.5646579,0.57905287,0.7422018,0.71598166,0.52317125,0.37824613,0.50711507,0.5979538,0.52629143,0.5073956,0.7487752,0.758921
102,0.5351877,0.57108223,0.7957641,0.730933,0.51266235,0.37030855,0.51330817,0.58668834,0.44235587,0.5310361,0.7581119,0.75132793
103,0.5403291,0.44805378,0.8511228,0.79922336,0.5284666,0.3244491,0.49783647,0.5366812,0.36677825,0.54008013,0.83891827,0.8434707
104,0.5078488,0.45040518,0.8460354,0.9029175,0.5207545,0.3250955,0.52156675,0.574023,0.41878068,0.55444175,0.775168,0.668741
105,0.47577015,0.4213414,0.9234139,0.767685,0.510999,0.3473422,0.51927435,0.550229,0.38628766,0.56499183,0.8453144,0.6899796
106,0.5043383,0.4475315,0.89250773,0.77248937,0.52904755,0.3919598,0.53672874,0.5819367,0.4056367,0.58047277,0.77246165,0.65053236
107,0.5090015,0.42217055,0.9306731,0.82117563,0.5197366,0.35185733,0.50102717,0.537527,0.41152203,0.53837913,0.8790057,0.746044
108,0.45759323,0.37070122,0.8906303,0.7773946,0.5210811,0.3824765,0.50539243,0.5418056,0.36999267,0.52531594,0.82488745,0.68914866
109,0.4656564,0.41764796,0.8829994,0.74435705,0.5380139,0.36022025,0.51937747,0.60931516,0.4480434,0.5601057,0.76557714,0.6690872
110,0.56855804,0.52572834,0.9037213,0.82518816,0.505468,0.36445192,0.48211476,0.5739989,0.49239463,0.5362748,0.77105016,0.72054225
111,0.5180227,0.50396836,0.7712009,0.70972013,0.5251615,0.35490268,0.5124535,0.56455886,0.45490095,0.50659704,0.7417945,0.7626705
112,0.59127337,0.5479778,0.8509226,0.90985763,0.50804466,0.34752885,0.54699534,0.6212839,0.440995,0.56607604,0.62315303,0.5498593
113,0.5038733,0.5031817,0.9203265,0.75612557,0.52018386,0.3578399,0.5303768,0.63832515,0.463231,0.5603428,0.7645487,0.6447551
114,0.51467735,0.4137863,0.88969433,0.7523041,0.5218497,0.34445554,0.50283194,0.5899337,0.43662018,0.50190884,0.85700125,0.7917531
115,0.6165999,0.5702956,0.7651804,0.69301856,0.54148775,0.3650973,0.49014148,0.59250903,0.43782517,0.48238963,0.831751,0.7183871
116,0.5973419,0.4948476,0.8229458,0.75348,0.53073406,0.33526823,0.49575257,0.5724793,0.43195364,0.48071092,0.83097774,0.7090114
117,0.6798405,0.5487841,0.914128,0.84773016,0.52232915,0.36080876,0.53912157,0.54845697,0.40917486,0.5657478,0.6853804,0.5685031
118,0.5971542,0.5917218,0.79687846,0.7185971,0.51176137,0.3314424,0.5240379,0.61491597,0.54551536,0.5264008,0.74624866,0.61889696
119,0.5034243,0.53227806,0.81432414,0.7241958,0.5334443,0.37908724,0.54846364,0.5928107,0.465139,0.5111034,0.7779208,0.7188725
120,0.5106785,0.52171946,0.8261401,0.7524934,0.4312271,0.33991268,0.49959713,0.5456095,0.44881243,0.48129618,0.8823613,0.74372315
121,0.48232368,0.395873,0.9703302,0.8324269,0.5278271,0.37227488,0.5406867,0.5658258,0.40965426,0.5817713,0.79653925,0.6272634
122,0.5531054,0.57647306,0.9692252,0.75590426,0.51202357,0.3399855,0.50978523,0.55609494,0.4329055,0.5109697,0.56257623,0.5897578
123,0.51819587,0.55742884,0.84560806,0.7656273,0.522302,0.367931,0.52083296,0.5964641,0.44861326,0.5341018,0.7589611,0.7275554
124,0.5011913,0.401187,0.8030807,0.7741226,0.53956914,0.36504796,0.50312734,0.5628964,0.38182616,0.5158497,0.75628203,0.71306825
125,0.4644031,0.43456334,0.9383193,0.7960439,0.5224426,0.36883128,0.54291,0.5907705,0.42357382,0.57171243,0.8531749,0.6973576
126,0.61241794,0.594708,0.9195348,0.7807633,0.5196059,0.34803742,0.5396173,0.6035942,0.43980417,0.59337765,0.7024581,0.6085699
127,0.652792,0.62126666,0.90569156,0.7997397,0.50577706,0.3347413,0.48461655,0.5474667,0.53489584,0.5140254,0.68576384,0.6824834
128,0.5497789,0.5538869,0.88877994,0.765859,0.5174131,0.35211217,0.50151294,0.50710654,0.3269645,0.514302,0.7287158,0.7881572
129,0.6114295,0.5708763,0.77197886,0.7465106,0.5230048,0.3327759,0.5275078,0.639565,0.52130246,0.5089188,0.74010324,0.7223745
130,0.671239,0.69483805,0.72925746,0.7424563,0.52857107,0.34966835,0.50159746,0.5544836,0.4174786,0.49009705,0.65705794,0.71395755
131,0.6798086,0.59658605,0.82197386,0.7826045,0.5159798,0.34549007,0.49541092,0.5295671,0.47229916,0.5344925,0.8316984,0.77713567
132,0.499496,0.4252988,0.8302481,0.72801894,0.52594376,0.36248204,0.50256306,0.55186623,0.40550599,0.5138542,0.7482772,0.7618865
133,0.49408156,0.41160363,0.83510464,0.7286722,0.5209668,0.3440292,0.5342726,0.5936162,0.41932938,0.53209484,0.7054777,0.7410343
134,0.61024904,0.5739992,0.84840786,0.7542468,0.53576815,0.3401183,0.47240067,0.5913037,0.44905204,0.50549394,0.70360035,0.7068548
135,0.60222995,0.4760405,0.82773316,0.697987,0.5257159,0.3528518,0.50899744,0.4976979,0.3109819,0.5503753,0.6472447,0.6522987
136,0.4712061,0.4010823,0.7452019,0.76857364,0.5186383,0.3556862,0.5136229,0.5704616,0.39685863,0.55167884,0.74717396,0.7007166
137,0.57233936,0.6037003,0.682918,0.7374439,0.52251595,0.35900572,0.4920926,0.5744876,0.4108323,0.52280575,0.8501663,0.7608942
138,0.47886246,0.5068623,0.92489827,0.85817164,0.51956475,0.32011923,0.52182174,0.5784807,0.4188328,0.5261049,0.86428535,0.6744807
139,0.5087856,0.47630206,0.8329545,0.7212392,0.5339977,0.33696812,0.49924842,0.54886717,0.39165655,0.5083085,0.7995726,0.76434135
140,0.56160647,0.42397878,0.84143436,0.71559894,0.5179927,0.3472451,0.46616945,0.5572747,0.40186006,0.4966701,0.8085262,0.7082549
141,0.5627657,0.5783235,0.90830755,0.7134913,0.5216713,0.34183088,0.48384643,0.6175378,0.6060984,0.52444506,0.7349661,0.74112064
142,0.5980302,0.59072083,0.740101,0.70861566,0.5260339,0.3660918,0.52811646,0.54538983,0.503567,0.48582384,0.7276898,0.7422095
143,0.5943784,0.6111602,0.7912153,0.6854833,0.53084433,0.33304226,0.51913583,0.53580207,0.3953969,0.50756663,0.85126114,0.73513323
144,0.5842956,0.52718836,0.81564945,0.73533374,0.5054638,0.35620096,0.5276738,0.62428397,0.48426178,0.5303864,0.76684093,0.690447
145,0.77477586,0.5984107,0.7495006,0.64754874,0.5139779,0.32770598,0.51562124,0.5977281,0.4663728,0.4930046,0.8931282,0.7878099
146,0.8819459,0.66042405,0.69012016,0.6679938,0.52090377,0.36016873,0.501963,0.5935663,0.42610914,0.52754945,0.6827394,0.6772403
147,0.8922768,0.67826134,0.8836072,0.7436467,0.5222531,0.38146636,0.5336221,0.5884107,0.44443572,0.5731909,0.6514289,0.5400929
148,0.7585656,0.5497494,0.76655424,0.71669024,0.51536846,0.3447743,0.5360109,0.52339846,0.3399973,0.5241311,0.6907672,0.6034704
149,0.6916359,0.5183972,0.8291786,0.7107229,0.5079206,0.37146315,0.4821111,0.5477721,0.41380814,0.50541484,0.81718737,0.6422602
150,0.8294235,0.6164632,0.7848136,0.6992436,0.53324264,0.3381789,0.50348675,0.48690134,0.4065963,0.49932164,0.80186135,0.6382081
151,0.8298537,0.6165601,0.84785986,0.68097466,0.5165918,0.3590352,0.49774987,0.51893103,0.3806988,0.48383176,0.80414027,0.71100265
152,0.91849154,0.76146233,0.83079815,0.66429216,0.5135441,0.36638805,0.51811063,0.51388645,0.33790982,0.54163635,0.7958183,0.7320384
153,0.97404593,0.753947,0.78604925,0.76397544,0.5372042,0.36744243,0.5331177,0.5677998,0.40785336,0.5506963,0.7132923,0.65992564
154,0.9544528,0.73872656,0.95833707,0.8312239,0.52976495,0.38092086,0.5237634,0.50331813,0.3708946,0.55977833,0.7793919,0.7013965
155,1.0144143,0.8213734,0.7148051,0.64681625,0.53898644,0.38692826,0.47047552,0.51018345,0.5630479,0.53433037,0.7474504,0.6638168
156,0.8257947,0.83642185,0.71669096,0.69231045,0.5115055,0.35093653,0.4776709,0.54678774,0.4166151,0.49286637,0.70889264,0.68604517
157,0.80449057,0.8193071,0.74448234,0.70588994,0.51150393,0.3508584,0.5108333,0.54275167,0.4678152,0.52552104,0.8139969,0.7255738
158,0.65078133,0.70037735,0.77815187,0.71177036,0.530359,0.3633768,0.5151849,0.4535451,0.31938955,0.5324488,0.9763502,0.7302771
159,0.6657265,0.6333735,0.7882272,0.7204119,0.5066974,0.35577765,0.5129957,0.54513067,0.48188373,0.53529346,0.7690127,0.71894014
160,0.679686,0.6304319,0.74764746,0.7038154,0.5067814,0.35486144,0.5022945,0.5495107,0.47132108,0.5120475,0.8297706,0.7545459
161,0.8873116,0.91227865,0.68305725,0.6550379,0.5142383,0.36189502,0.5432233,0.57929635,0.46528882,0.5128926,0.6503581,0.66132313
162,0.79239863,0.6682885,0.73377126,0.72615147,0.5118083,0.35428315,0.51521647,0.4999827,0.34114355,0.52016616,0.6319846,0.63323855
163,0.8803748,0.81453705,0.78662074,0.7440877,0.53530806,0.36900315,0.49503618,0.5094733,0.49922004,0.5112075,0.67569107,0.73406535
164,0.92201984,0.7041434,0.66823274,0.6356368,0.5249993,0.36851388,0.49070293,0.5049272,0.46927968,0.48606086,0.85633916,0.78907
165,0.89046544,0.6839129,0.7010494,0.68880796,0.512429,0.31928867,0.4929867,0.5395328,0.41962638,0.49506804,0.72562486,0.7665579
166,0.948229,0.7561471,0.6889768,0.6478078,0.51292783,0.33871898,0.49398848,0.5842605,0.43703863,0.5126202,0.9370691,0.88495654
167,0.7686181,0.58030885,0.77543885,0.6990534,0.5198826,0.3335659,0.51332074,0.5247025,0.4144086,0.49315614,0.92915577,0.808791
168,0.8792765,0.66832685,0.8645054,0.76608855,0.5369985,0.37508392,0.5076865,0.47291398,0.40747762,0.5371171,0.8358851,0.8094317
169,0.927091,0.7253554,0.82031935,0.6730797,0.5237564,0.33466166,0.51803863,0.5232217,0.523173,0.515917,0.71358573,0.67012936
170,0.76165956,0.63530815,0.9781139,0.8264317,0.5226065,0.41081437,0.5645036,0.48406738,0.49712613,0.62859464,0.8036516,0.7176109
171,0.93251723,0.7139219,0.836285,0.73933274,0.51561373,0.35698768,0.48848388,0.5236724,0.513268,0.508535,0.7589653,0.6783527
172,0.52970695,0.5447214,0.6901703,0.6992616,0.5317218,0.379226,0.51281875,0.6604463,0.55098253,0.5207825,0.8016616,0.77858716
173,0.47470784,0.44925866,0.71948785,0.74229443,0.5306485,0.35083047,0.49385953,0.5393749,0.45035058,0.507556,0.7936242,0.754626
174,0.4889687,0.42037418,0.7739478,0.78363454,0.5288876,0.34171602,0.5156994,0.58198583,0.41422537,0.57686806,0.69871294,0.73010874
175,0.61904514,0.5612779,0.6606924,0.68162453,0.5141627,0.33933923,0.4757453,0.48623705,0.51888746,0.48555472,0.8519584,0.72836995
176,0.47516817,0.45138624,0.6713138,0.75147116,0.52443296,0.34469876,0.47588015,0.4496096,0.57545054,0.4860344,0.8197276,0.74842995
177,0.58946824,0.5852341,0.65430593,0.74931765,0.52091706,0.37218997,0.45197535,0.42130646,0.57546663,0.47557673,0.85893494,0.79142505
178,0.58512706,0.49949396,0.7546486,0.78251296,0.5005584,0.34537917,0.49881667,0.4141347,0.4660116,0.5207639,0.82307804,0.7781137
179,0.5494401,0.5146655,0.6839937,0.7159732,0.5316659,0.3640507,0.517766,0.38351944,0.5361101,0.5225353,0.7488966,0.7257131
180,0.5455782,0.4751109,0.73701566,0.7043671,0.52427524,0.34451365,0.5075819,0.3825148,0.55680114,0.5222324,0.7926777,0.67524445
181,0.4577883,0.4461305,0.7297863,0.8014664,0.52941,0.34952453,0.5169997,0.5364038,0.59258837,0.50516605,0.92853856,0.6895077
182,0.46990445,0.43853506,0.85272664,0.7524482,0.5210416,0.37115937,0.5583512,0.46036497,0.6362654,0.58786565,0.83984995,0.6919211
183,0.51468337,0.46812573,0.905946,0.8179902,0.52217567,0.3508848,0.5443563,0.45778942,0.6395427,0.6321102,0.90474707,0.6591418
184,0.5532295,0.4930456,0.7653435,0.76324683,0.5196793,0.34660065,0.5054453,0.40396,0.559113,0.5189526,0.8869015,0.79670674
185,0.5116847,0.49699232,0.7587062,0.7785879,0.538499,0.379344,0.5146988,0.39978242,0.57116854,0.5372384,0.65727514,0.6034664
186,0.62004876,0.5714609,0.6782968,0.7112802,0.5247972,0.35398176,0.44722492,0.3891233,0.5474391,0.4774856,0.684089,0.67006534
187,0.5772944,0.56111634,0.63262284,0.6305033,0.5116231,0.35606545,0.52495396,0.42284808,0.6018532,0.5202241,0.6828951,0.6318612
188,0.5328254,0.48315918,0.6885057,0.716944,0.5254606,0.35576522,0.53836584,0.40741852,0.5481499,0.5335699,0.7912234,0.7234886
189,0.6669907,0.62134653,0.7809718,0.80259526,0.5181843,0.3565664,0.5016497,0.4942324,0.5462575,0.5415811,0.80174124,0.7516563
190,0.5988146,0.59741795,0.7564823,0.8350163,0.53100085,0.3513081,0.4973132,0.5161635,0.44874555,0.5037032,0.7695071,0.67228705
191,0.56585956,0.47051272,0.7265009,0.73406005,0.5277748,0.34276506,0.4998174,0.5957356,0.606533,0.53946257,0.7255185,0.69521296
192,0.5489142,0.53884137,0.6963577,0.7173353,0.5337495,0.37239018,0.515741,0.5972714,0.46282253,0.52587575,0.7778525,0.7796207
193,0.4928488,0.43329176,0.7249475,0.77048457,0.521367,0.38348857,0.5085982,0.5434808,0.48489824,0.5156147,0.829957,0.7986366
194,0.4721794,0.41537994,0.7271028,0.77068496,0.5292965,0.32858536,0.52269804,0.52840954,0.34919465,0.54811335,0.85222214,0.81355
195,0.4620848,0.36557806,0.7991799,0.75867075,0.52275765,0.39472532,0.5491645,0.5525729,0.36586392,0.57025695,0.7976154,0.7518532
196,0.54738265,0.4733974,0.6978213,0.7273578,0.53043526,0.35626718,0.4772294,0.5479882,0.39795882,0.4837332,0.80222476,0.7475909
197,0.5951646,0.5068192,0.71617913,0.69704074,0.52367616,0.34993875,0.498257,0.5571254,0.4018354,0.49931297,0.75772077,0.75083685
198,0.6816281,0.6881341,0.61738235,0.6357838,0.5407334,0.36806813,0.49796066,0.62978435,0.47982243,0.5006536,0.7645006,0.75028676
199,0.6341712,0.6255146,0.7256514,0.71184325,0.5092878,0.3659479,0.5116303,0.6329891,0.5162115,0.5126874,0.70229626,0.73052454
200,0.5382416,0.4681658,0.72907,0.70979375,0.52661747,0.3447856,0.49558944,0.5686697,0.43250147,0.49786144,0.7801752,0.81175137
201,0.59538436,0.49260405,0.72318774,0.7154353,0.4927138,0.33463308,0.48552147,0.56405365,0.4163386,0.4866767,0.79004675,0.7886715
202,0.61815643,0.5624383,0.6821116,0.7428476,0.4910143,0.33855885,0.52382225,0.55675536,0.49323252,0.49413073,0.8811911,0.786032
203,0.5312888,0.49635273,0.7846196,0.7757366,0.51846653,0.3629697,0.5312879,0.5571524,0.39288536,0.56556314,0.98229194,0.7019023
204,0.52616805,0.49665,0.62629086,0.65070117,0.5324262,0.36158502,0.5108553,0.55864775,0.43255866,0.48425347,0.96251565,0.78490514
205,0.6431227,0.5115306,0.7204236,0.7762744,0.5365535,0.33916637,0.51598525,0.51053536,0.3835585,0.52407825,0.7864123,0.6387055
206,0.5340311,0.483206,0.7354985,0.7306309,0.53013086,0.33681226,0.55078274,0.6240201,0.4853192,0.55268574,0.89571923,0.75394994
207,0.59286135,0.5457447,0.7201074,0.7106599,0.52266663,0.33711153,0.52636606,0.5692391,0.52158576,0.4952146,0.83132267,0.6412489
208,0.5710157,0.5130021,0.81867504,0.77334636,0.5183997,0.4003218,0.56895113,0.62123287,0.55706,0.61626184,0.57859325,0.5769612
209,0.6519182,0.56788117,0.7410228,0.6697203,0.5156098,0.3389461,0.49565503,0.41008505,0.5857884,0.49466178,0.69551694,0.6901449
210,0.54537904,0.53188115,0.7337011,0.7954071,0.53966814,0.36477584,0.51293105,0.47934428,0.49539092,0.49693516,0.85457104,0.68915075
211,0.56503475,0.50193727,0.73936087,0.7214409,0.5213647,0.32998765,0.4893015,0.47612235,0.5870516,0.49282804,0.7057175,0.6958246
212,0.5549252,0.5738502,0.75125754,0.7415252,0.52558386,0.34505793,0.5348443,0.5585977,0.6435093,0.5292216,0.70205915,0.7466531
213,0.6458538,0.62383664,0.6960658,0.6802266,0.52449816,0.35234585,0.4683289,0.59280115,0.4781241,0.50229996,0.8632494,0.7367705
214,0.6312551,0.5628438,0.71681464,0.6914604,0.5300232,0.31493744,0.49354982,0.61180246,0.50621396,0.49399385,0.7317315,0.6664214
215,0.62457,0.53894436,0.7127087,0.68173486,0.511126,0.33291683,0.5013581,0.5645114,0.43122452,0.49491832,0.7449982,0.70337397
216,0.5242968,0.4331929,0.7278586,0.7184227,0.5309782,0.36212173,0.5593164,0.5880615,0.42581695,0.54971313,0.76872057,0.60936
217,0.6071598,0.6582875,0.79611224,0.78826255,0.49962482,0.3480742,0.504282,0.55855143,0.420006,0.5113574,0.8148039,0.76940656
218,0.5900859,0.51316637,0.73548406,0.7307285,0.5086241,0.3463645,0.5043775,0.5424904,0.39881554,0.4802987,0.6097821,0.73023796
219,0.5384961,0.45433846,0.68641853,0.72348315,0.50888,0.3374204,0.47982204,0.60167027,0.4786254,0.48301065,0.7551814,0.67743963
220,0.48163268,0.40706933,0.7531342,0.7180729,0.5303956,0.3416748,0.5239573,0.51637,0.33189908,0.5114258,0.87483174,0.79416996
221,0.5023581,0.45388737,0.74212384,0.7226896,0.5245133,0.3411489,0.5019832,0.55728203,0.43445775,0.50084215,0.8248444,0.78591627
222,0.50913054,0.36876294,0.8230543,0.7727619,0.5339843,0.34944686,0.50788313,0.49965674,0.4044084,0.53961676,0.8940344,0.813414
223,0.63991946,0.52029663,0.7350181,0.72422975,0.5110028,0.3346813,0.5006714,0.48869,0.40790462,0.49923083,0.83811826,0.72571284
224,0.5528023,0.4915661,0.68318546,0.73465806,0.5100209,0.35358992,0.52397937,0.60084426,0.4129575,0.5470374,0.80799097,0.70207226
225,0.47450876,0.4267449,0.715544,0.7054123,0.5303802,0.35399598,0.51210827,0.54597,0.38485053,0.49018732,0.99737644,0.82414937
226,0.5000046,0.43965396,0.7057169,0.7007549,0.5061556,0.3659946,0.5374002,0.5614915,0.40595058,0.53837126,0.9006888,0.72920585
227,0.5097753,0.45020017,0.69070953,0.70997196,0.53015035,0.35466525,0.50570583,0.6114831,0.49010912,0.48310038,1.1390325,0.8062433
228,0.5732043,0.5225271,0.6950016,0.68430763,0.511402,0.31625167,0.46815372,0.58214855,0.51697856,0.46905383,0.7439436,0.6986127
229,0.4879398,0.45651782,0.7703168,0.74419934,0.49976203,0.34787652,0.5351455,0.54014784,0.43907237,0.56061226,0.83675665,0.7926752
230,0.5390525,0.4585472,0.7106081,0.7303353,0.5020315,0.3560464,0.50786394,0.5465541,0.4053905,0.512333,0.8482182,0.7929075
231,0.58114344,0.47012028,0.7164883,0.7208935,0.51583344,0.34083927,0.48964536,0.5429247,0.393311,0.50864905,0.8044255,0.7347785
232,0.5101915,0.47919044,0.68554825,0.6676372,0.5088269,0.33497283,0.5048755,0.6294846,0.4679617,0.5058225,0.8051131,0.67433083
233,0.4850753,0.38026547,0.7189031,0.75561094,0.5232733,0.34168497,0.5052692,0.5324374,0.3513445,0.53139913,1.0544624,0.9101522
234,0.54112536,0.4996815,0.79691,0.81188583,0.5171403,0.3631928,0.5368709,0.4674498,0.4891485,0.5601724,0.906411,0.7464455
235,0.4863173,0.49086994,0.72676456,0.69420207,0.49650437,0.3688463,0.53203976,0.5303241,0.6238578,0.53106034,0.7084922,0.64971983
236,0.5197682,0.47780037,0.7282559,0.7244433,0.52141607,0.3591765,0.5099791,0.42707205,0.5575734,0.48933363,0.8311947,0.68593556
237,0.56232923,0.6263248,0.7617432,0.7389782,0.52172816,0.34821847,0.5167138,0.46742448,0.5994694,0.49342254,0.8454899,0.718024
238,0.4933988,0.4263581,0.7956127,0.74038666,0.52044064,0.3480568,0.49881697,0.32667854,0.5047645,0.536422,0.9419803,0.7923457
239,0.5781372,0.52113765,0.73538005,0.7301872,0.52868754,0.33992404,0.48564586,0.5806816,0.44822884,0.4800768,0.8807388,0.7500813
240,0.61494386,0.5529414,0.7468765,0.71702236,0.5247956,0.36244455,0.5076412,0.5590516,0.4109434,0.5077817,0.82811916,0.69966906
241,0.6707504,0.58018,0.65615547,0.6101853,0.502853,0.33470762,0.61305016,0.6144073,0.47322482,0.5979792,0.6665759,0.56455284
242,0.657882,0.56623304,0.7905486,0.76284903,0.5228978,0.32866177,0.5246621,0.5227148,0.32698753,0.55087596,0.828466,0.7616198
243,0.60933614,0.59203297,0.8376372,0.77499646,0.510032,0.33816406,0.5831074,0.66328394,0.49646905,0.6312661,0.7699021,0.6653203
244,0.7487283,0.64466923,0.69241184,0.6173768,0.5073837,0.3085694,0.55908877,0.6173438,0.4360487,0.56836724,0.7011998,0.58124083
245,0.6944198,0.65558827,0.6993727,0.7076838,0.46897995,0.31874803,0.53598773,0.6018373,0.4268967,0.58014214,0.7960507,0.6143584
246,0.7400854,0.7191168,0.63529146,0.6958728,0.4826142,0.35318726,0.56475145,0.6151209,0.45417798,0.5450504,0.82067686,0.6558014
247,0.63800305,0.673367,0.6771089,0.69572103,0.48957938,0.30840635,0.5812172,0.6421376,0.6137882,0.55674,0.78219444,0.6337278
248,0.63827837,0.633217,0.7673677,0.66464174,0.49767736,0.3157093,0.5983453,0.60188824,0.7800974,0.64482653,0.73095185,0.59658355
249,0.7085298,0.6850058,0.64488846,0.6228472,0.49618915,0.35101488,0.5140155,0.49577463,0.6559512,0.5081943,0.8056859,0.7152652
250,0.6591801,0.6926046,0.7005014,0.65358335,0.5027639,0.31347236,0.56032914,0.66129094,0.6340142,0.58433056,0.63438755,0.5495872
251,0.5982846,0.6207571,0.7741156,0.65367395,0.51373017,0.3354933,0.60352993,0.67760473,0.71384925,0.6408418,0.7051651,0.5248955
252,0.6640228,0.61181724,0.62195027,0.6498338,0.48940206,0.3056688,0.5701505,0.5773914,0.6527463,0.53923273,0.7758584,0.62395775
253,0.58495545,0.5953606,0.68917304,0.6605176,0.46311876,0.29918176,0.6190866,0.69539905,0.7755069,0.6407727,0.814132,0.671552
254,0.6305606,0.6603233,0.6305836,0.62808955,0.5019186,0.30511257,0.5747694,0.48188266,0.6430739,0.54736096,0.6824817,0.6402248
255,0.6352179,0.5612149,0.6331519,0.62599504,0.4682662,0.30924666,0.5317718,0.72411186,0.6929127,0.5516963,0.7439161,0.568455
256,0.6838279,0.657369,0.5300238,0.5383889,0.48811683,0.32384342,0.5869235,0.6153743,0.70494777,0.5178815,0.75710416,0.6097794
257,0.6283876,0.5861734,0.6436332,0.65119,0.49711093,0.32369825,0.5341053,0.50572205,0.65319943,0.5208283,0.8153155,0.65048265
258,0.6830374,0.65063643,0.56240016,0.54857713,0.501596,0.3167904,0.59449714,0.61283964,0.725985,0.56179047,0.8395509,0.71512675
259,0.6111704,0.49232495,0.60751617,0.59478194,0.48952734,0.29119533,0.544787,0.5991765,0.7123117,0.51620704,0.8670606,0.7025977
260,0.7150112,0.7110441,0.58711654,0.5542622,0.46892408,0.3184619,0.5767526,0.6917637,0.5864452,0.5162938,0.73336935,0.6328942
261,0.6357927,0.7054385,0.7870863,0.6069523,0.495771,0.4206179,0.7425294,0.84866077,0.70110816,0.7499246,0.52692246,0.5160789
262,0.6750231,0.6315501,0.91075116,0.82482266,0.492766,0.43413645,0.7494154,0.81698865,0.63471574,0.82835233,0.58150786,0.48209673
263,0.8035923,0.788502,0.90885407,0.79093385,0.47630447,0.44712818,0.7909741,0.9008008,0.7127654,0.8913614,0.58765066,0.44527513
264,0.8728038,0.8331408,0.9520464,0.86739224,0.4557733,0.45481333,0.7843785,0.90233165,0.692301,0.9306253,0.56017315,0.3555043
265,0.92951787,0.8848579,0.90652686,0.7413924,0.46522433,0.4449883,0.75404143,0.8857586,0.75786287,0.8489663,0.45145002,0.32454777
266,0.88619566,0.8018991,0.9541917,0.80845845,0.45543247,0.44520435,0.7612898,0.8560779,0.6378865,0.88917965,0.6159804,0.38286808
267,0.86170286,0.8847919,0.8267797,0.75533456,0.4911136,0.4464915,0.74782664,0.9153514,0.7097811,0.8734149,0.46311295,0.3567803
268,0.74353033,0.78729755,0.8346277,0.710988,0.48924842,0.44040573,0.73483944,0.8123696,0.609628,0.8008282,0.46705094,0.4662818
269,0.7380173,0.73207706,0.78515846,0.6617783,0.49258667,0.43227488,0.7385175,0.9126379,0.7245433,0.8481097,0.4139132,0.3978654
270,0.807887,0.77567786,0.9221467,0.85102594,0.47030717,0.44667244,0.7905088,0.87492067,0.6840935,0.88053083,0.69604915,0.40241042
271,0.8561488,0.78337944,0.9841753,0.8676011,0.47710037,0.45466945,0.7456797,0.8768053,0.6997178,0.8986247,0.7042989,0.46563593
272,0.88577,0.8039152,0.9192759,0.79942447,0.45952347,0.4701878,0.752194,0.89684296,0.76530737,0.9003021,0.66061807,0.49213126
273,0.8042486,0.74443567,0.929533,0.8419119,0.47329134,0.4467106,0.7592237,0.82201606,0.62934333,0.88844156,0.79882365,0.5908662
274,0.84959257,0.7375743,1.0144094,0.9171127,0.5040238,0.46590683,0.76812184,0.87511456,0.6677254,0.92390734,0.5747622,0.38541752
275,0.75300765,0.7324453,0.8767974,0.736039,0.47279266,0.44959787,0.7493038,0.9409388,0.7450018,0.8512953,0.54483885,0.39920366
276,0.8206338,0.7947667,0.91960263,0.80817485,0.47069892,0.45414698,0.79168975,0.92684746,0.833208,0.91706616,0.54130363,0.3883778
277,0.76934355,0.7309174,0.9625654,0.8706655,0.46385363,0.4700791,0.78513575,0.9523518,0.76232177,0.90616846,0.6250691,0.42264888
278,0.6833139,0.69227284,0.92118233,0.84955627,0.4954012,0.44788453,0.7626001,0.83005536,0.683016,0.8321128,0.5649856,0.44300747
279,0.88649243,0.83966935,0.9791546,0.8835356,0.47433433,0.46563902,0.756999,0.77593386,0.58249444,0.92561924,0.5844955,0.42897034
280,0.85691524,0.7439955,0.93011683,0.8186637,0.4811575,0.46286568,0.77155244,0.8452924,0.6759644,0.9055976,0.60008854,0.47551978
281,0.8322369,0.78238064,0.90239924,0.80638,0.49498907,0.43887097,0.7587319,0.85471785,0.6622658,0.83879936,0.5515428,0.49762455
282,0.8059329,0.76096207,0.8775153,0.8096123,0.48753026,0.4606345,0.7589763,0.8170306,0.6405287,0.82916933,0.4658582,0.42813164
283,0.8330281,0.8012361,0.96959925,0.8805022,0.49246752,0.45666006,0.76373434,0.8669794,0.6858051,0.891551,0.63788337,0.5055868
284,0.8379337,0.76899797,0.87344223,0.7835976,0.47298807,0.45305324,0.792406,0.8954935,0.68693155,0.9008323,0.61506337,0.4693449
285,0.8381798,0.7586648,0.9606955,0.8736964,0.4635918,0.44721994,0.76609504,0.86700636,0.6956799,0.9258898,0.5693947,0.38974965
286,0.8457341,0.79566413,0.84890056,0.79810494,0.4783394,0.43874645,0.7478502,0.8675057,0.6637039,0.85663944,0.41412812,0.35539046
287,0.7852538,0.73691976,0.8888313,0.733834,0.5085119,0.44636723,0.76260203,0.9024483,0.76093847,0.85875,0.556296,0.4819055
288,1.02335,0.9749906,0.8541947,0.7508185,0.45309633,0.46183228,0.7863215,0.9262247,0.91574913,0.916349,0.61142266,0.34576112
289,0.75590855,0.70458126,0.9105281,0.86335295,0.48171753,0.44094974,0.7748947,0.88596666,0.69112283,0.8782716,0.4870182,0.34542742
290,0.7979373,0.7468532,0.81191885,0.76181185,0.49109784,0.4457247,0.7630903,0.86483103,0.6686057,0.8200767,0.54399395,0.37530977
291,0.8664441,0.8103388,0.87917304,0.8259725,0.46060047,0.4522517,0.7557175,0.881453,0.6891881,0.901337,0.61228913,0.41987073
292,0.78185505,0.77394587,0.85917914,0.79209393,0.4916381,0.44245413,0.76896435,0.89045167,0.794857,0.8654088,0.64355457,0.5073869
293,0.83176714,0.7468719,0.9523025,0.88453394,0.4755662,0.45667493,0.7660114,0.7567382,0.5401529,0.9286552,0.6641316,0.5019192
294,0.81823546,0.7764859,0.9267368,0.8397216,0.48228073,0.47008747,0.77207017,0.8062268,0.7016353,0.8726155,0.5570722,0.45750543
295,0.8246303,0.8061015,0.9693181,0.9051401,0.47035244,0.45638415,0.78830886,0.9673505,0.77445287,0.9380521,0.61116433,0.45624682
296,0.77228916,0.70575076,0.8141693,0.7006875,0.44546267,0.4476244,0.7694383,0.8155887,0.60644686,0.84693426,0.56275237,0.44884858
297,0.81416225,0.78318655,0.86783576,0.71854573,0.4864186,0.4643944,0.76339847,0.9057366,0.85685897,0.890003,0.366587,0.34792313
298,0.54941607,0.55405957,0.6850783,0.6500817,0.5056717,0.45034415,0.7019462,0.7794335,0.6362129,0.7055812,0.40996036,0.6238023
299,0.661197,0.6768415,0.54004526,0.4718894,0.48477417,0.41168398,0.6943381,0.8015107,0.643621,0.6399377,0.5510279,0.65875375
300,0.6346669,0.6391245,0.6345658,0.6636762,0.493533,0.42438343,0.6966313,0.7799256,0.60040045,0.73450005,0.41220278,0.62037426
301,0.6561803,0.6220233,0.66771436,0.6662502,0.50099766,0.45084056,0.7173494,0.75459146,0.563842,0.73719794,0.4867485,0.6055788
302,0.6304348,0.6517433,0.6684543,0.6242897,0.4911301,0.4399977,0.6908986,0.82936335,0.7447344,0.7042948,0.47823232,0.6682064
303,0.6020153,0.603929,0.7120477,0.6243183,0.49668458,0.44569045,0.74884397,0.8703182,0.78531843,0.79510224,0.4290039,0.60127616
304,0.5023548,0.4685304,0.7299015,0.7420395,0.53290814,0.3439561,0.5624393,0.5995538,0.44330025,0.53404725,0.72388095,0.8819112
305,0.53586155,0.43882456,0.68098176,0.78662825,0.51567847,0.36804378,0.50363445,0.5711779,0.41009426,0.5169756,0.8964417,0.83132446
306,0.567585,0.46004888,0.6612806,0.7150561,0.5319822,0.32579666,0.49582684,0.5354092,0.37101054,0.49487823,0.99471796,0.8801899
307,0.54414093,0.49424005,0.70101947,0.76376534,0.5237615,0.35998097,0.54370064,0.5674466,0.45875734,0.5701446,0.9744814,0.82060736
308,0.6171082,0.49693343,0.6663941,0.7594834,0.53156656,0.36463594,0.52141845,0.5708584,0.49342838,0.5441516,0.90175855,0.8004543
309,0.6952753,0.5928291,0.5571879,0.59920335,0.5283488,0.3335426,0.50014573,0.5766626,0.5014243,0.47848034,0.7596837,0.8001375
310,0.56151474,0.5616772,0.6401217,0.6836462,0.53697574,0.34033754,0.5163742,0.57238966,0.39450616,0.51595616,0.80266505,0.8361565
311,0.71768206,0.6192678,0.63276345,0.71061474,0.53427297,0.32302,0.4799408,0.48530445,0.29906034,0.48614073,0.8144238,0.90937996
312,0.5025587,0.40633503,0.69187164,0.7178226,0.5226051,0.36341023,0.53384334,0.64382356,0.5211713,0.5219606,0.9267403,0.9258567
313,0.5152261,0.3504956,0.6678055,0.72240734,0.5321662,0.3543391,0.54265803,0.6114668,0.61414653,0.5412545,0.8047199,0.8545089
314,0.571118,0.43480107,0.6876836,0.7352454,0.5160074,0.35903415,0.5124075,0.42086428,0.51672506,0.52675563,0.8815411,0.8738794
315,0.50212306,0.47702932,0.6713013,0.7726173,0.5406799,0.38212308,0.527158,0.38239953,0.5612568,0.5167362,0.83864427,0.87229174
316,0.5287057,0.51884854,0.65399545,0.73805547,0.5341141,0.34231392,0.5319035,0.5713336,0.6468207,0.5131704,0.8739655,0.877209
317,0.5282499,0.51476383,0.68837035,0.80958265,0.5185011,0.33226964,0.5108051,0.43279156,0.5863742,0.5057035,0.7818331,0.7869048
318,0.49844387,0.31205633,0.73405,0.76985544,0.5471448,0.37227198,0.55047345,0.44687197,0.5935224,0.5644689,0.7133712,0.72782296
319,0.5384469,0.4213486,0.6535976,0.7240827,0.5128313,0.35080168,0.50580984,0.41485506,0.54175663,0.5320719,0.7970726,0.8165872
320,0.6192138,0.5017981,0.6505636,0.74146277,0.5310377,0.3579706,0.5248838,0.44647995,0.5756129,0.5160527,0.75978214,0.76598334
321,0.56983775,0.49101928,0.774977,0.7734449,0.5163163,0.3733884,0.5351196,0.43887827,0.6046265,0.5875397,0.7212793,0.73997307
322,0.598151,0.56771344,0.9110719,0.981706,0.49572694,0.37853473,0.5985631,0.5596233,0.7424093,0.7220614,0.73648596,0.7005477
323,0.7404566,0.7485862,0.8059931,0.76817656,0.4795867,0.4625785,0.7675349,0.8443061,0.6503719,0.818928,0.54933655,0.44091183
324,0.8434919,0.82285535,0.8583268,0.80777544,0.47148132,0.474834,0.7597854,0.8974633,0.70444953,0.8463532,0.5534997,0.44384143
325,0.62386143,0.59433675,0.6826141,0.66201353,0.49564007,0.4366932,0.7078534,0.7567081,0.5507352,0.6893639,0.64375114,0.5726511
326,0.81769556,0.7619391,0.8621203,0.76085377,0.47184175,0.44744545,0.738941,0.97786105,0.96924603,0.85930467,0.5247456,0.4493544
327,0.7989164,0.7204535,0.916459,0.85350436,0.48502865,0.46940848,0.75769514,0.7132911,0.92044836,0.89137316,0.5279002,0.3534862
328,0.73249376,0.7578261,0.82159287,0.7624278,0.4879544,0.45405865,0.7580259,0.7820087,0.90824217,0.8175382,0.4602368,0.35369915
329,0.6679466,0.6611597,0.8357043,0.7719849,0.47818294,0.4478644,0.7627364,0.6817254,0.86642325,0.8016093,0.55124307,0.49745116
330,0.8071803,0.8714828,0.8325043,0.6993103,0.48457703,0.4495786,0.7735605,0.7150466,0.9084842,0.82998806,0.2905469,0.33026877
331,0.723486,0.78611934,0.7719427,0.7472138,0.5115692,0.4432872,0.74639827,0.677458,0.8567185,0.7601155,0.3663228,0.39767098
332,0.75853837,0.720716,0.82719356,0.6749418,0.51245934,0.44079658,0.7608514,0.6950365,0.8739687,0.8457929,0.31460342,0.3303913
333,0.7098154,0.7126103,0.75758135,0.70558286,0.4947388,0.44814998,0.73300517,0.696501,0.87134844,0.78646815,0.39420676,0.41446468
334,0.7641509,0.6777894,0.73837394,0.65253925,0.49338177,0.4256558,0.7616552,0.71220905,0.8523024,0.7682539,0.31916127,0.40140364
335,0.8348877,0.8489265,0.7597447,0.7506485,0.48713097,0.43863603,0.7346844,0.64829135,0.8439559,0.7856347,0.32558066,0.34969094
336,0.77007407,0.7776358,0.76166975,0.7489629,0.47848442,0.4362342,0.7313901,0.6732985,0.8543539,0.7846617,0.33679724,0.31951556
337,0.830441,0.8065558,0.7854317,0.680934,0.44738463,0.46429145,0.71656173,0.76679873,0.9225295,0.8300911,0.4278539,0.3084474
338,0.7534276,0.6876186,0.83661133,0.7100019,0.49690175,0.42976725,0.7309343,0.5416329,0.755494,0.8034294,0.36137664,0.35194203
339,0.757787,0.7434036,0.74395835,0.6928585,0.46725324,0.44469395,0.72195864,0.57427835,0.77223396,0.73446,0.46555227,0.36696586
340,0.7952515,0.77394366,0.8296941,0.7290402,0.50465566,0.44418934,0.7482694,0.6352259,0.8212289,0.78095096,0.5992955,0.44958526
341,0.6931806,0.7130249,0.81108284,0.8233251,0.5033483,0.45188344,0.71355253,0.6190322,0.80218345,0.7356748,0.65661246,0.55425555
342,0.77101374,0.7682977,0.8283381,0.78368694,0.4949157,0.43790647,0.75604004,0.705408,0.87834543,0.8032407,0.54821193,0.4755789
343,0.89357,0.87498814,0.73203343,0.7155335,0.47416797,0.44627044,0.7622984,0.6362797,0.841513,0.7934671,0.47352627,0.4449369
344,1.1139168,0.9934583,0.9849194,0.866342,0.4669439,0.454787,0.78706604,0.72318393,0.905639,0.92775524,0.28260592,0.33038104
345,1.1322473,0.99959546,1.0022168,0.8873784,0.4983506,0.47273955,0.779313,0.7145204,0.9162662,0.92318594,0.45404944,0.31352878
346,1.2006704,0.9840099,0.99367124,0.83864063,0.4656986,0.45626915,0.7459347,0.7230289,0.8608646,0.88491005,0.4047766,0.34996265
347,1.237152,1.0252846,0.8082399,0.71434385,0.4858152,0.45825598,0.7761275,0.7225559,0.8958788,0.8594179,0.47429284,0.42049825
348,1.0417958,0.9084293,1.0364476,0.84294266,0.49084067,0.4530937,0.7533396,0.6550606,0.8319462,0.8249618,0.51061994,0.43561676
349,1.2597674,1.0542891,0.87362105,0.67673093,0.47921354,0.43530467,0.75638837,0.7349345,0.89260185,0.8462585,0.32726267,0.29506055
350,1.1878332,0.99921703,0.91185385,0.7808836,0.49092406,0.43505087,0.7647845,0.5283074,0.7432317,0.8432592,0.28269902,0.29067218
351,1.0558003,0.90555364,1.0710533,0.7509734,0.48124945,0.46038705,0.76824206,0.7288879,0.924436,0.84496045,0.37404484,0.31641102
352,1.2138072,1.0625715,0.83690006,0.7789665,0.45668787,0.4437615,0.7740266,0.7212584,0.8870556,0.844703,0.40348122,0.30157417
353,0.98906285,0.7768256,0.8289895,0.8043101,0.49792492,0.45103404,0.7416321,0.64568496,0.8530649,0.843837,0.54835373,0.44515273
354,1.0636344,0.84616446,0.9225921,0.8755395,0.49460086,0.45582554,0.7343138,0.66916114,0.8618216,0.8438088,0.6421055,0.59708166
355,1.2274152,1.0295182,0.84482205,0.7460813,0.47141594,0.45188525,0.7856616,0.7335758,0.8711418,0.8805233,0.52724653,0.4654251
356,1.16279,1.0075654,0.750458,0.68874335,0.48335132,0.4423047,0.74278694,0.7276567,0.892468,0.829619,0.45600075,0.3726106
357,0.96726453,0.912563,0.79358065,0.71934366,0.48193064,0.42752695,0.7354846,0.7722183,0.88293403,0.78824085,0.52762854,0.49289405
358,0.9255698,0.9652746,0.9022715,0.80719835,0.47635832,0.46695012,0.80795276,0.7405601,0.9514804,0.9192182,0.5619101,0.46476272
359,1.0834372,0.9462922,0.8656736,0.8001655,0.46280387,0.46003684,0.75739133,0.72768533,0.9122307,0.8788254,0.5441004,0.5258073
360,0.9530772,0.946681,0.80591446,0.66739094,0.47932053,0.43614903,0.7526155,0.70547104,0.8945904,0.79487485,0.5541011,0.43693
361,0.9901562,0.868791,0.73409003,0.6730237,0.4944398,0.4459733,0.7359771,0.71548975,0.86333656,0.7818723,0.6157786,0.50631034
362,0.7334764,0.77655685,0.7958158,0.7374799,0.47809514,0.4443705,0.7441098,0.9183147,0.95439863,0.8107558,0.5063283,0.50740534
363,0.6408069,0.61616737,0.86371064,0.8507134,0.4721133,0.44021872,0.73816186,0.7944579,0.8192643,0.7755009,0.6948734,0.590341
364,0.8142388,0.8455386,0.96880275,0.8532533,0.45095798,0.45593962,0.78308934,0.9476034,0.7548548,0.8631611,0.71747714,0.5450741
365,0.82739425,0.83217436,0.9190824,0.8705086,0.48854136,0.45479205,0.74987805,0.94794005,0.80953425,0.88317084,0.5748214,0.43266344
366,0.79376245,0.709489,0.97619355,0.8732662,0.46565852,0.43510783,0.74957937,0.86007744,0.6539329,0.8593764,0.56445783,0.46385726
367,0.9844642,1.1199083,0.9319527,0.87532973,0.46434546,0.44078666,0.7684907,0.8835569,0.6820499,0.87610275,0.7471698,0.55814606
368,1.0229341,1.1882548,0.9242164,0.84960556,0.4981233,0.44387257,0.7350332,0.8563337,0.69209796,0.81654674,0.5499118,0.4126082
369,1.0497823,1.1407553,0.8552053,0.7770126,0.50961983,0.44349715,0.7406773,0.7370417,0.5783054,0.8200107,0.55842566,0.49972337
370,1.0165838,1.1612448,1.0179526,0.9325601,0.47378984,0.45069087,0.7671314,0.82804495,0.69780165,0.8896251,0.7463206,0.5717389
371,0.9970556,0.9417185,0.98602283,0.9026956,0.49278578,0.47319606,0.76044697,0.8199654,0.6287664,0.85630035,0.60941684,0.49861616
372,1.1757888,1.3400227,1.0019562,0.9475036,0.46848983,0.4691275,0.75696635,0.71683323,0.6819847,0.89203286,0.64880097,0.5035475
373,1.0839524,1.1947536,0.96290517,0.88106155,0.4744936,0.46654353,0.76656616,0.7953957,0.7218778,0.8848092,0.56654954,0.47857028
374,0.9761933,1.1528035,0.9262272,0.8501619,0.49291992,0.4457918,0.72625244,0.7010728,0.65377367,0.86757714,0.6550924,0.5486627
375,1.0861211,1.242345,0.86553115,0.81380683,0.4724861,0.4591859,0.75434875,0.8313555,0.6992794,0.85336775,0.5622633,0.3942406
376,0.96782833,1.1085376,0.72548705,0.6497713,0.48434794,0.43067324,0.7206479,0.6508232,0.55286276,0.7688818,0.46835706,0.46046495
377,1.0204207,1.1431869,0.5470796,0.5854853,0.49721605,0.41831347,0.70003456,0.7583955,0.61333966,0.694808,0.6982839,0.6047636
378,1.0027727,1.1009246,0.7635389,0.67742443,0.496477,0.4483429,0.77838933,0.81080806,0.68009716,0.8166633,0.37459216,0.45145294
379,0.96339554,1.0738088,0.709399,0.6671791,0.4916814,0.43445855,0.6898298,0.7328898,0.62611204,0.722202,0.53796065,0.597333
380,1.0021036,1.1507298,0.780081,0.75217575,0.48897928,0.45864308,0.7533037,0.7877082,0.6186335,0.7609212,0.5064499,0.4347276
381,1.0603089,1.2153175,0.69883764,0.6338535,0.50562364,0.46069384,0.6850189,0.64792967,0.47082388,0.648561,0.5578758,0.5761345
382,1.1750818,1.3873372,0.7607087,0.6245508,0.49114972,0.43420544,0.7674842,0.86849225,0.71358633,0.79412323,0.55857974,0.48304692
383,0.9685962,1.1452439,0.577943,0.5388672,0.5051183,0.43932387,0.70809036,0.7281156,0.886349,0.7173888,0.8245535,0.62779135
384,0.91292983,1.0510275,0.8047912,0.71167076,0.4895503,0.43866673,0.7035762,0.45900956,0.6695156,0.75202453,0.55687255,0.5302981
385,0.93281263,1.0933737,0.80397815,0.69056004,0.47037235,0.4368405,0.69588006,0.62609464,0.73701227,0.69429946,0.53936225,0.5142211
386,0.95527416,1.1049774,0.77970177,0.7008488,0.48531458,0.42420566,0.7085956,0.6348606,0.80129105,0.7385718,0.523679,0.54817593
387,0.95562464,1.0783241,0.72477573,0.61693966,0.48156747,0.43675843,0.7355084,0.8367791,0.6820849,0.73020774,0.49864826,0.46239328
388,0.9635563,1.0456742,0.84076643,0.7292802,0.5132793,0.42901272,0.76347476,0.7641019,0.6991113,0.7899635,0.5552642,0.45618045
389,1.0523777,1.147063,0.9848251,0.8338589,0.47696242,0.43878365,0.7483392,0.8242724,0.7233323,0.85123634,0.54612803,0.4561401
390,1.0344126,1.1010273,0.69733775,0.6880096,0.50212055,0.43413228,0.69997084,0.800274,0.721746,0.72769135,0.43097472,0.46795142
391,1.0110635,1.113549,0.6076078,0.5124246,0.5023058,0.42187136,0.70494443,0.7555216,0.65852565,0.6540203,0.42488712,0.547853
392,0.98280233,1.1408323,0.70530933,0.62701946,0.4772287,0.45609063,0.7266592,0.8600972,0.75264496,0.7091449,0.46886125,0.5737699
393,0.8559937,1.044075,0.6528682,0.72092146,0.5373945,0.3452595,0.49724752,0.5748697,0.47297627,0.49450344,0.6632623,0.7961363
394,0.80849665,0.9852987,0.71104825,0.6380919,0.53374064,0.35957977,0.5138367,0.5907408,0.55708927,0.50572026,0.59608793,0.6917132
395,0.92124826,1.0648144,0.61181617,0.55288,0.55128014,0.35304815,0.5714167,0.58151203,0.4427539,0.51215005,0.6920008,0.7782392
396,0.8034718,0.9368462,0.72318375,0.7684521,0.5164792,0.3531389,0.53044575,0.5648204,0.4349735,0.5098658,0.5951894,0.6854863
397,0.92666477,1.1093574,0.66298085,0.6804579,0.5316774,0.3544154,0.5041915,0.55184036,0.44399604,0.49525735,0.7279878,0.70511425
398,0.9081841,1.0430989,0.77091664,0.7214865,0.5220122,0.370446,0.5173444,0.5242233,0.41160023,0.47674873,0.61751086,0.6694486
399,0.87664115,1.0299851,0.6485494,0.68337846,0.5155495,0.3727879,0.52060264,0.53699785,0.43596807,0.4956228,0.6052188,0.67235935
400,0.75252,0.86012316,0.77468204,0.8253372,0.5293698,0.40487328,0.5713725,0.420955,0.3700914,0.59055185,0.62898713,0.6910296
401,0.8474596,1.0093491,0.67806005,0.68889093,0.5128841,0.33254883,0.49093944,0.5171459,0.3946001,0.53689533,0.6093001,0.6840384
402,0.828584,0.9906034,0.60628307,0.69512796,0.5332269,0.3699939,0.48334247,0.34801155,0.47919667,0.48542276,0.7043394,0.7170356
403,0.7443512,0.8834989,0.7347691,0.7961687,0.5078225,0.38761583,0.53358865,0.5592958,0.4216231,0.54201007,0.8676524,0.8106195
404,0.7667269,0.75568515,0.6717472,0.7345006,0.5196242,0.33796942,0.5114899,0.52002263,0.38270316,0.5208918,0.7874593,0.7932291
405,0.7932878,0.9226844,0.7261146,0.8436554,0.5269034,0.33774978,0.52522665,0.50218755,0.4005631,0.53794897,0.8688954,0.8103826
406,0.8420385,0.9676706,0.6562175,0.73543537,0.5305959,0.31428316,0.49622384,0.44114032,0.4914558,0.48326,0.69782966,0.73358065
407,0.8127896,0.9000896,0.7510217,0.78847706,0.5257361,0.3334943,0.49466857,0.48507196,0.50357187,0.47810504,0.6702016,0.7179147
408,0.74239117,0.8051742,0.7278412,0.7385227,0.5258444,0.37703255,0.54783493,0.36920416,0.4873376,0.5757309,0.6517335,0.76667005
409,0.7708969,0.8849541,0.71395546,0.75248736,0.5321646,0.36364886,0.5118323,0.43009326,0.5081746,0.49571124,0.84977484,0.8187037
410,0.8657889,1.0625658,0.6627721,0.7592464,0.5156966,0.33525348,0.49907565,0.43011308,0.5487276,0.49518058,0.8212229,0.8729716
411,0.8768211,0.9788103,0.65118504,0.6516466,0.52359337,0.37265915,0.5263042,0.4624081,0.53074414,0.49029446,0.6922204,0.6581354
412,0.7723231,0.9139189,0.67602056,0.67588186,0.52227914,0.35341835,0.51105136,0.3201987,0.46395382,0.5303737,0.5727299,0.7008222
413,0.7305627,0.8241322,0.7856264,0.8293526,0.5157464,0.36499518,0.529269,0.41819593,0.6034367,0.5670634,0.42928723,0.5951493
414,0.75428206,0.7434202,0.7498893,0.7221985,0.51952666,0.38499683,0.4886227,0.344167,0.45280877,0.5196274,0.6467863,0.7107586
415,0.8320268,0.9727529,0.70285493,0.75831175,0.501627,0.37894943,0.5140856,0.45949706,0.5422715,0.54429203,0.66512275,0.63742435
416,0.84143966,0.9487985,0.67165375,0.7661656,0.52278566,0.32863653,0.49868843,0.39393517,0.5226623,0.51046306,0.6457435,0.6674122
417,0.7612397,0.84771395,0.67480946,0.7330182,0.5110554,0.34385195,0.48357382,0.42305142,0.551314,0.46351448,0.7168466,0.6946267
418,0.72938406,0.7335625,0.8213297,0.8301359,0.52540004,0.35770023,0.5286821,0.41654816,0.502328,0.53266007,0.7529551,0.6873388
419,0.80840564,0.9122474,0.6064465,0.72443116,0.53385776,0.33330724,0.5181107,0.45576036,0.5639763,0.4950537,0.49947354,0.62832767
420,0.6447523,0.60163724,0.651423,0.6762742,0.50921905,0.35721016,0.5538264,0.3252594,0.51415277,0.50058746,0.562327,0.7955344
421,0.70289284,0.6885507,0.7260732,0.76495504,0.5142712,0.31431982,0.48519233,0.42267588,0.5617417,0.4911108,0.5215652,0.64940596
422,0.62893367,0.68398863,0.6755517,0.70956326,0.5207851,0.34535745,0.53319496,0.5434957,0.6561786,0.49269456,0.5671358,0.7359671
423,0.62793463,0.4926671,0.71466076,0.7897018,0.5153241,0.3368945,0.4940462,0.34434432,0.51798844,0.5393408,0.7719853,0.7384115
424,0.63922536,0.5562548,0.63221616,0.726398,0.52922916,0.31021267,0.48937836,0.45252556,0.5902536,0.4666343,0.7111923,0.7964868
425,0.7476805,0.6937738,0.48513424,0.6075267,0.48710984,0.32165512,0.53417945,0.5995323,0.7051849,0.49216807,0.58428955,0.7066884
426,0.7743216,0.80825394,0.54705447,0.5210998,0.49974862,0.30326533,0.5902608,0.67351264,0.79263794,0.55649585,0.5799181,0.69110596
427,0.7503527,0.6916034,0.662739,0.63088095,0.48592538,0.29740542,0.54814154,0.5454619,0.6858563,0.49645993,0.63073945,0.7553674
428,0.84883386,0.7997756,0.6270528,0.6373932,0.4919661,0.30191922,0.58142525,0.5931658,0.7353131,0.53615505,0.5300978,0.64118636
429,0.66518676,0.66967654,0.70447814,0.6876893,0.490958,0.32128692,0.5671937,0.56892055,0.69236314,0.5436582,0.5704075,0.69257015
430,0.6325231,0.6062534,0.64426595,0.72084546,0.5158236,0.34065074,0.50648,0.4641983,0.58341825,0.49872658,0.5742842,0.66876924
431,0.6618189,0.68870777,0.68031836,0.75384504,0.5127607,0.32861134,0.49453756,0.4023575,0.5850533,0.47085455,0.63928705,0.7966941
432,0.676407,0.680745,0.51331675,0.5616715,0.47693878,0.29064557,0.5613367,0.63612235,0.73562336,0.5237364,0.6750947,0.6590365
433,0.68466634,0.69352746,0.63473636,0.68433803,0.5174979,0.31598422,0.6016859,0.52576935,0.6906856,0.59323984,0.61833066,0.5616713
434,0.71786433,0.6665716,0.6035965,0.68829244,0.5166816,0.31213886,0.53184474,0.59032136,0.67510563,0.53709656,0.70813364,0.65805733
435,0.702669,0.6863629,0.66338325,0.657197,0.4975176,0.3344393,0.57146746,0.5865775,0.7042764,0.5579138,0.64217764,0.6536983
436,0.8045579,0.78774166,0.6452613,0.57306254,0.49635556,0.31555933,0.53415847,0.6752101,0.7403825,0.50998896,0.7008226,0.7151671
437,0.8003179,0.8364155,0.7541748,0.6650377,0.49010235,0.33736375,0.60672635,0.6812509,0.7888286,0.6264376,0.62017137,0.56907433
438,0.7743703,0.8208781,0.6630813,0.7031272,0.49407315,0.30405515,0.57535326,0.58945435,0.7082718,0.53433675,0.745754,0.75099003
439,0.78465796,0.74458075,0.7912205,0.6805798,0.49467567,0.32958117,0.59829396,0.43407932,0.62828255,0.60510075,0.72141945,0.6336164
440,0.78626347,0.70004237,0.70975757,0.6884825,0.50828356,0.33224672,0.5638813,0.4727052,0.62083113,0.55326825,0.77463907,0.6701591
441,0.76340157,0.78936875,0.6976254,0.62461835,0.5049745,0.3090521,0.56234324,0.5417147,0.6579164,0.53331536,0.7358808,0.71326524
442,0.78838867,0.7399226,0.59760374,0.7027459,0.5171838,0.3360901,0.56701696,0.457323,0.59451413,0.50204724,0.7407622,0.71012133
443,0.8540554,0.7861581,0.70333904,0.72152835,0.50153947,0.33139732,0.6124546,0.4685771,0.60914963,0.60903907,0.6399,0.59923184
444,0.78141165,0.7141343,0.69639474,0.6669602,0.51073396,0.29662076,0.51002586,0.5165294,0.61814475,0.5043046,0.7754626,0.67597824
445,0.7334707,0.71864545,0.57284456,0.5374648,0.5004329,0.33420834,0.54159635,0.5796993,0.7118027,0.5207568,0.7339376,0.6967065
446,0.729285,0.67720115,0.543659,0.5806698,0.49511412,0.3623945,0.54371333,0.56329036,0.6901065,0.51035315,0.6982209,0.7271984
447,0.7864512,0.78970426,0.62723416,0.67302257,0.50916255,0.30744264,0.5598109,0.6210145,0.70762783,0.5237152,0.5813766,0.61440945
448,0.77685994,0.68040395,0.57935804,0.74218446,0.4972491,0.3274385,0.5479934,0.57591665,0.69162226,0.5193066,0.8042604,0.740479
449,0.70960414,0.6525449,0.687624,0.78960025,0.48520648,0.32125348,0.5312039,0.3911778,0.5578013,0.4931065,0.6737334,0.6826742
450,0.7790845,0.70263803,0.6618443,0.6997704,0.48413527,0.33744925,0.53151464,0.4907574,0.6050206,0.4965021,0.68006897,0.67341626
451,0.61741257,0.6302095,0.6855957,0.74773115,0.48589003,0.31294832,0.5710123,0.5275008,0.65980047,0.52444726,0.73234,0.7978119
452,0.6724955,0.6933139,0.6233733,0.7491027,0.49051562,0.3073066,0.5365172,0.56799865,0.6656564,0.5127603,0.64251405,0.7005746
453,0.75608873,0.727004,0.5677785,0.6589694,0.47576636,0.297048,0.5394014,0.48277393,0.6601833,0.49775308,0.6091739,0.70940924
454,0.72324693,0.67195535,0.6984163,0.69495356,0.5162997,0.32580227,0.51852435,0.42253911,0.58344305,0.4729009,0.6757871,0.7523223
455,0.72609293,0.6288522,0.71691525,0.77527845,0.49120992,0.33079246,0.5434352,0.40262955,0.58884573,0.54200864,0.6289581,0.66363025
456,0.648783,0.5447743,0.69022185,0.7522091,0.52791965,0.32628316,0.50855535,0.46313304,0.56015027,0.49027964,0.6989756,0.7782601
457,0.61557746,0.6260888,0.66354775,0.76967955,0.5034147,0.32499236,0.49583635,0.47113475,0.6034118,0.5165595,0.59173596,0.71902907
458,0.6604134,0.5898313,0.7299029,0.76645714,0.51858777,0.3228513,0.50663,0.45576409,0.56811243,0.48760033,0.64957124,0.77620703
459,0.7080574,0.67670846,0.65588945,0.7229001,0.52370983,0.35550854,0.5372906,0.48188093,0.6186934,0.53322417,0.5983589,0.61827254
460,0.70184326,0.5687368,0.6920457,0.7772741,0.53352374,0.3586533,0.49280688,0.38578185,0.5411075,0.5100261,0.6908852,0.63663846
461,0.48060766,0.46965814,0.8009779,0.8232684,0.50721735,0.3380039,0.5415697,0.49167252,0.6165419,0.5599183,0.7598255,0.616999
462,0.43465567,0.43234316,0.86777014,0.90960705,0.5432721,0.34570614,0.52696264,0.45063823,0.5944916,0.5531149,0.80839366,0.7828143
463,0.5148886,0.42858735,0.7683447,0.86381334,0.51169795,0.33776793,0.47867,0.55420786,0.41475934,0.5341625,0.82379806,0.75830156
464,0.44779262,0.40543365,0.73466706,0.8300824,0.5231133,0.35102552,0.47735557,0.5751965,0.42419514,0.5061436,0.8832209,0.79105705
465,0.58597493,0.51702803,0.6765061,0.7596794,0.5345457,0.36749902,0.48776639,0.5714484,0.42511362,0.49004015,0.84039706,0.8112808
466,0.4666942,0.41263258,0.73480475,0.82237196,0.50911796,0.36775497,0.5455994,0.6122459,0.45141333,0.57627434,0.9642615,0.73606473
467,0.49207318,0.4038335,0.821524,0.89940935,0.5176369,0.33700365,0.47459564,0.5338811,0.35618436,0.5130566,0.9442982,0.8533966
468,0.53293777,0.35617557,0.6852916,0.74094415,0.50774336,0.36927965,0.49209732,0.4911204,0.31568208,0.49932143,0.79072106,0.80309814
469,0.54414326,0.48760626,0.73298067,0.8527868,0.5211063,0.34913528,0.51012087,0.57650757,0.49934372,0.5540011,0.7232378,0.6981401
470,0.55482084,0.531271,0.6847224,0.76798415,0.530692,0.31191534,0.51003903,0.43190056,0.5705117,0.47474846,0.85530627,0.808285
471,0.57669806,0.48654073,0.68867576,0.7514689,0.51624024,0.3357476,0.5011438,0.5830488,0.48671222,0.50305516,0.7904779,0.77196515
472,0.5833873,0.608287,0.7120823,0.71630067,0.5300728,0.38711765,0.52920616,0.58453584,0.45407665,0.5011907,0.7543918,0.8165211
473,0.6796717,0.54704213,0.70757604,0.75027394,0.51635563,0.32036707,0.49646017,0.53820884,0.38933262,0.51708996,0.8942548,0.76197934
474,0.5503517,0.52804184,0.76904356,0.79897124,0.5298367,0.332101,0.4891005,0.48389253,0.5333321,0.4892982,0.88708514,0.8762504
475,0.5746102,0.5511647,0.7357003,0.7727368,0.5426228,0.35429758,0.5187557,0.58529544,0.47656116,0.5552097,0.7644908,0.8432822
476,0.49245104,0.50117654,0.8095963,0.8379979,0.53085685,0.33759853,0.5073222,0.6135876,0.54608953,0.5244799,0.7482692,0.7625339
477,0.5225289,0.44455832,0.6804269,0.7194369,0.5167916,0.32062006,0.5418826,0.5884104,0.4518819,0.54404193,0.670815,0.7714336
478,0.6663365,0.5684167,0.7349817,0.7804409,0.52177304,0.31951162,0.46905383,0.5616386,0.41824174,0.5009834,0.72307533,0.81483686
479,0.6363687,0.5908475,0.9181389,0.8650243,0.5173106,0.3861567,0.54457045,0.5658222,0.48372546,0.61833495,0.6414578,0.7130158
480,0.6026639,0.5355247,0.8249325,0.8866489,0.51021653,0.34813735,0.52209437,0.55665874,0.4653322,0.5404619,0.67150974,0.6988002
481,0.6745456,0.56140655,0.7415777,0.73965883,0.53661376,0.34843978,0.48321632,0.39181075,0.5130656,0.47271138,0.6599402,0.73445565
482,0.54035443,0.4801387,0.6956933,0.7688959,0.5114942,0.38699925,0.4973325,0.45572367,0.58755356,0.48036155,0.6773591,0.76392895
483,0.5757441,0.5119355,0.7826607,0.82362396,0.5199631,0.3481734,0.44684532,0.38500485,0.56274784,0.5132482,0.6635664,0.7095719
484,0.51816255,0.49697375,0.7323593,0.7101429,0.5353888,0.34490293,0.5211091,0.49200863,0.6325872,0.54341763,0.6828411,0.7490848
485,0.6788702,0.56445813,0.68895143,0.73612404,0.5192638,0.33944994,0.48954174,0.47341007,0.56634253,0.47122514,0.65334797,0.7038195
486,0.6389446,0.61790675,0.6804093,0.7963065,0.51008445,0.33054492,0.5102067,0.43285835,0.5898237,0.5116058,0.6446561,0.648355
487,0.5882049,0.5278223,0.661464,0.7478182,0.52923715,0.35010433,0.50926673,0.51611537,0.6358275,0.5164235,0.69268686,0.7500383
488,0.56226,0.52920276,0.65916,0.74012953,0.52173674,0.34267902,0.49660736,0.42541662,0.5781641,0.4942604,0.70344836,0.7489876
489,0.45888942,0.44868973,0.7497335,0.7819002,0.5238343,0.35150632,0.5060908,0.52296644,0.6168098,0.5399525,0.8495784,0.8067293
490,0.55570585,0.6099094,0.7387985,0.8056257,0.5220916,0.35379913,0.50132084,0.4934817,0.6139534,0.52870715,0.73649126,0.7338672
491,0.63446116,0.60218406,0.63294035,0.7163434,0.5254495,0.35354975,0.5222939,0.4842996,0.6128478,0.52294755,0.6314119,0.6202554
492,0.65501404,0.68735445,0.8584844,0.8212322,0.54394436,0.3713117,0.5156776,0.3923977,0.5434475,0.5289623,0.57110554,0.5761556
493,0.6506227,0.58837724,0.6252387,0.6874048,0.5294081,0.33736622,0.51942444,0.42507952,0.5471698,0.500334,0.6998787,0.7417249
494,0.59571683,0.550535,0.76108366,0.7079117,0.5015352,0.34319845,0.49909773,0.46934956,0.6012737,0.5240654,0.8150722,0.70113885
495,0.7194045,0.6047629,0.7165796,0.70583415,0.511689,0.32475364,0.4923023,0.37519833,0.5409175,0.5174603,0.76727474,0.5766886
496,0.640934,0.62502897,0.711202,0.82132745,0.5112795,0.3472188,0.48497188,0.47375885,0.6126868,0.51014626,0.6939973,0.62861866
497,0.59563094,0.54558206,0.6850621,0.7624199,0.529181,0.32626945,0.48893616,0.405075,0.5435119,0.51220155,0.82993954,0.7826234
498,0.45286626,0.45539597,0.7310197,0.80140334,0.5245806,0.36475396,0.53338134,0.41946194,0.58870053,0.5756422,0.84777784,0.77007055
499,0.4987666,0.45496148,0.69632477,0.79826736,0.5248587,0.32889995,0.5193316,0.46672824,0.6162908,0.4867703,0.92893094,0.8033183
