,A:SER:249:N -- H -- A:ALA:246:O,A:SER:249:N -- H -- A:GLY:247:O,A:SER:249:N -- H -- A:GLY:248:O,A:SER:249:N -- H -- A:SER:249:OG,A:SER:249:N -- H -- A:SER:249:O,A:SER:249:N -- H -- A:ASN:361:OD1,A:SER:249:N -- H -- A:THR:363:OG1
0,0.6082642,0.323456,0.23158194,0.37902066,0.27729544,0.60960853,0.48047188
1,0.63805014,0.37741724,0.23194207,0.37799612,0.27237326,0.5624161,0.45394152
2,0.6620596,0.40143737,0.22320005,0.37522936,0.28491628,0.54589325,0.3737302
3,0.66317296,0.34464416,0.23315349,0.36467624,0.2922772,0.6406252,0.44162762
4,0.56919354,0.28110102,0.225968,0.36375767,0.28985253,0.6033769,0.43766922
5,0.6356299,0.33555296,0.23087074,0.37522334,0.29529694,0.62242454,0.5116032
6,0.63381577,0.29217774,0.22309133,0.36928946,0.28275257,0.52611834,0.5513485
7,0.6554218,0.30800372,0.22621334,0.3617941,0.28460371,0.56735027,0.5275787
8,0.62732476,0.3112514,0.22321348,0.3609419,0.26796675,0.5934349,0.4821373
9,0.6410706,0.3062286,0.22171955,0.3828529,0.26218006,0.64602226,0.48396087
10,0.6872407,0.31986088,0.22672403,0.37086686,0.28087133,0.6224694,0.50819296
11,0.6124118,0.31792417,0.22432353,0.3576696,0.28244594,0.6044559,0.57622313
12,0.6451789,0.36976433,0.23041578,0.372789,0.27440253,0.6399441,0.58360124
13,0.633564,0.32216224,0.22994739,0.36583924,0.28180113,0.61097705,0.5033817
14,0.60528976,0.30884227,0.2224212,0.36072,0.29158327,0.5681417,0.5071611
15,0.5906739,0.29683647,0.22035353,0.36744773,0.2893385,0.48444936,0.45705652
16,0.65727556,0.34251556,0.22598206,0.38185054,0.29364666,0.6818806,0.5356641
17,0.64514595,0.36117244,0.22735977,0.365037,0.29032022,0.56224114,0.49517518
18,0.67854834,0.31699944,0.22490123,0.36799052,0.28739235,0.7451199,0.64324015
19,0.6551094,0.35052925,0.23408554,0.3689519,0.30533674,0.57327217,0.5009655
20,0.62185407,0.339862,0.22558676,0.37442657,0.29024076,0.5627177,0.49524373
21,0.62521446,0.3282507,0.21473783,0.37512776,0.2908715,0.49464482,0.5173812
22,0.62483877,0.3407134,0.22534908,0.3637039,0.29116485,0.6059992,0.58644974
23,0.65372753,0.3471811,0.22810784,0.3794169,0.27617493,0.5828108,0.42408335
24,0.66468185,0.41327602,0.22905944,0.37471473,0.27973837,0.5911521,0.42613328
25,0.58408135,0.31950188,0.22551194,0.36735317,0.28270108,0.6171294,0.48245627
26,0.6363446,0.33313102,0.2236992,0.35750067,0.29036054,0.638547,0.45653078
27,0.6648637,0.39219582,0.22758323,0.36834788,0.30030784,0.5645587,0.48275688
28,0.64080566,0.35333472,0.2263495,0.38121247,0.2819421,0.59016764,0.38298988
29,0.6723393,0.33449656,0.22039573,0.36096808,0.30713022,0.64895236,0.43296912
30,0.63120157,0.3095501,0.2259332,0.36477625,0.28995264,0.5664039,0.41801473
31,0.6297706,0.3346524,0.22483669,0.37183017,0.28646347,0.6123173,0.46710852
32,0.6180875,0.30799556,0.22264312,0.36804092,0.2761329,0.5375858,0.4059609
33,0.65788007,0.3550125,0.22773997,0.36833742,0.292625,0.48893762,0.35956544
34,0.5919936,0.30791777,0.2234505,0.3723762,0.2834078,0.56016463,0.41954526
35,0.65274674,0.34341675,0.22657064,0.3780163,0.272495,0.62584317,0.4094559
36,0.72349703,0.39901772,0.22608657,0.36327213,0.28458413,0.6234025,0.5041183
37,0.65540123,0.31272852,0.2227263,0.37404725,0.29672974,0.6990449,0.5390187
38,0.5331645,0.34404293,0.22454217,0.37807316,0.28975505,0.7861687,0.58109677
39,0.5289534,0.33535165,0.21884072,0.37773708,0.27974042,0.8783489,0.71290463
40,0.5372817,0.34146163,0.22120613,0.37361503,0.29808143,0.89772296,0.66465884
41,0.6185181,0.45769468,0.22059555,0.36926118,0.29148263,0.82853603,0.6061717
42,0.56126904,0.49378374,0.21839975,0.360864,0.29149604,0.8066191,0.61514896
43,0.6218336,0.46559444,0.227618,0.38689405,0.29106075,0.8064144,0.5672289
44,0.61174786,0.5026831,0.23023482,0.3700166,0.29742283,0.8693109,0.63561535
45,0.5774787,0.48447013,0.22935927,0.36500308,0.2821797,0.7495747,0.52457553
46,0.55578643,0.46029958,0.21680388,0.3759367,0.28533968,0.8088458,0.5721477
47,0.6779241,0.4619321,0.22548193,0.37890366,0.29361397,0.69900906,0.532305
48,0.55900836,0.43879783,0.21690856,0.36547238,0.29969996,0.7549585,0.521347
49,0.60910827,0.48552924,0.21539396,0.37416986,0.27798703,0.7531506,0.5805374
50,0.653691,0.48945507,0.21848983,0.36598083,0.28613463,0.65507054,0.5026869
51,0.58966976,0.46088523,0.22171046,0.36867717,0.27945146,0.62456125,0.465956
52,0.60814375,0.5087106,0.22322524,0.37381813,0.28400424,0.7639682,0.5684286
53,0.6456419,0.47475183,0.21952187,0.3771553,0.3093623,0.57853574,0.4696407
54,0.69245684,0.4873343,0.22582209,0.36688572,0.29722717,0.7501877,0.51934314
55,0.65855443,0.4797136,0.22894505,0.36679536,0.28855824,0.7865576,0.5387561
56,0.62761754,0.49396762,0.21953163,0.37413922,0.28973746,0.6566304,0.51309484
57,0.5582333,0.46078745,0.22210608,0.3744898,0.2878858,0.7197936,0.5195754
58,0.5919767,0.43609297,0.22357342,0.3717851,0.29142684,0.6134322,0.46767288
59,0.6249084,0.43733102,0.22530977,0.37330055,0.2956846,0.70534706,0.4778234
60,0.6082861,0.47451013,0.22068827,0.3778329,0.2761099,0.5719617,0.4803938
61,0.654328,0.48608223,0.22074144,0.38305536,0.29337612,0.6079678,0.44729245
62,0.6150586,0.45982888,0.22564463,0.3731673,0.28686595,0.6301572,0.49940562
63,0.56585175,0.48938873,0.22633289,0.36753774,0.29469144,0.4789003,0.31447208
64,0.58302206,0.4852085,0.2189516,0.36309764,0.28177688,0.59048134,0.4240578
65,0.5550532,0.3988472,0.2293971,0.3817411,0.29410514,0.5666876,0.47080514
66,0.5541617,0.42791072,0.22527525,0.38311717,0.28786573,0.64361984,0.48162064
67,0.6055095,0.4906721,0.2262067,0.36817393,0.27830684,0.6316151,0.48634967
68,0.6210482,0.4882845,0.2262803,0.37447813,0.29255483,0.6560929,0.5073086
69,0.56392086,0.4660037,0.22180761,0.36451733,0.29526114,0.70042545,0.5160755
70,0.5545796,0.41551775,0.22087947,0.37138018,0.28913257,0.591416,0.49160776
71,0.65070015,0.4418961,0.22752158,0.37924892,0.29513896,0.5724794,0.49207872
72,0.6117172,0.4809229,0.21845618,0.36466947,0.29583752,0.5777274,0.59382427
73,0.60601187,0.4517595,0.22593853,0.36844775,0.2985828,0.66171014,0.48679358
74,0.57690334,0.44827726,0.22443162,0.37241435,0.3058923,0.5860669,0.48844713
75,0.54007477,0.46595177,0.22494559,0.37125862,0.30431846,0.69942397,0.5004815
76,0.5574093,0.41388318,0.22612952,0.3729467,0.29185095,0.6885745,0.45053595
77,0.5928068,0.42254543,0.21954592,0.37613475,0.29980052,0.71385384,0.5220051
78,0.612244,0.44561803,0.22143084,0.36926028,0.28791225,0.5882299,0.3710916
79,0.5764094,0.3632092,0.22629966,0.3717765,0.29129001,0.6337055,0.46632668
80,0.5568423,0.4616206,0.22296137,0.38292944,0.2947223,0.62844026,0.43432304
81,0.5404197,0.4800885,0.2125145,0.37227783,0.27842626,0.5722164,0.4019758
82,0.6220018,0.48757032,0.22951159,0.37006754,0.28790635,0.59637886,0.503821
83,0.5421939,0.47361937,0.22225685,0.37409607,0.28575608,0.55850416,0.42091036
84,0.69309616,0.49078467,0.22348401,0.36806852,0.28078353,0.7354765,0.46995243
85,0.5713319,0.49687594,0.22758868,0.36512393,0.28086877,0.640353,0.414042
86,0.6248221,0.47927988,0.22377047,0.36875454,0.2889564,0.73404604,0.45522913
87,0.6232973,0.4998929,0.23085807,0.36034033,0.28548533,0.56828576,0.3817027
88,0.6250822,0.5000939,0.22244197,0.37731406,0.28533792,0.6556838,0.45314735
89,0.5755034,0.39855954,0.22755271,0.3677502,0.29659066,0.6282515,0.41496795
90,0.6637211,0.45378232,0.22856109,0.3729457,0.29315054,0.676758,0.45307672
91,0.6475635,0.45018846,0.22784537,0.3721429,0.2846,0.69447297,0.41148785
92,0.5258666,0.4456183,0.23200116,0.3724564,0.28959802,0.64455456,0.4508634
93,0.66525805,0.46989444,0.21969768,0.38035056,0.28885373,0.70390236,0.40850586
94,0.5725275,0.43529218,0.23012172,0.3621135,0.30765477,0.696103,0.52226573
95,0.5765544,0.4042937,0.2227541,0.37491667,0.30028346,0.6565964,0.4753466
96,0.5897432,0.45830578,0.22400877,0.3707642,0.30594546,0.7123359,0.5443257
97,0.53014123,0.37798584,0.22564934,0.3729329,0.31043977,0.7557152,0.5169811
98,0.55837524,0.43102503,0.2294359,0.36920545,0.2814701,0.7752437,0.5884239
99,0.5593021,0.3546209,0.2220338,0.37877783,0.30719054,0.9115765,0.69836265
100,0.5799095,0.34355283,0.2251915,0.3699024,0.2908014,0.81528515,0.60019547
101,0.55900174,0.35341337,0.22269358,0.3825039,0.29664636,0.70201355,0.6211907
102,0.54282254,0.4370857,0.22270028,0.37295958,0.28132012,0.71996474,0.6061898
103,0.63305163,0.4543606,0.22835949,0.3699351,0.2902732,0.81491894,0.7093767
104,0.7138865,0.47961432,0.22574592,0.36609316,0.30338332,0.7936632,0.6443034
105,0.57327247,0.4524714,0.22503735,0.36696997,0.27948546,0.8230561,0.65145123
106,0.5487544,0.47134537,0.22065905,0.37565035,0.2938622,0.8160213,0.61641985
107,0.6283744,0.48367184,0.2271446,0.3662834,0.27431378,0.86448747,0.6804472
108,0.58535826,0.4816945,0.22326618,0.36617044,0.287487,0.8394371,0.63539255
109,0.57278025,0.46193635,0.22619751,0.36981854,0.2875776,0.80728143,0.6353456
110,0.61332375,0.43619686,0.23093472,0.36416885,0.3058876,0.7357982,0.57416385
111,0.5879073,0.4643594,0.2237738,0.37699568,0.3021358,0.7031142,0.58754814
112,0.6979069,0.37174523,0.22821026,0.3705466,0.30668303,0.71112293,0.526477
113,0.58927184,0.43114355,0.22999343,0.36727995,0.30281922,0.76085174,0.5364451
114,0.5615501,0.46208146,0.22221781,0.36278066,0.28504932,0.7936052,0.63412046
115,0.6033365,0.45473516,0.2317486,0.36733353,0.29711148,0.78242296,0.57495195
116,0.61962104,0.39316794,0.23554628,0.37366375,0.29206705,0.7714344,0.5581503
117,0.63788354,0.44821966,0.22087903,0.3730909,0.29552418,0.74534184,0.5594429
118,0.5678907,0.44886735,0.22633156,0.35756692,0.29255483,0.74661833,0.52572715
119,0.54185146,0.46000534,0.2250408,0.3701514,0.27055883,0.6679157,0.5188432
120,0.59949404,0.45814678,0.22454375,0.368853,0.27625522,0.7765297,0.55140674
121,0.5933794,0.44436204,0.22162366,0.3711749,0.27989987,0.70357925,0.43662882
122,0.60029644,0.4648009,0.2254676,0.37584537,0.29395583,0.51403505,0.4111978
123,0.5864343,0.46072698,0.23025681,0.37953115,0.2923201,0.6647474,0.53003865
124,0.6091221,0.43546572,0.23311216,0.3771959,0.2973935,0.64641285,0.48917717
125,0.5890603,0.46196416,0.22382839,0.37331063,0.28515616,0.80185795,0.5571748
126,0.59218526,0.50268126,0.22097258,0.37055814,0.28040943,0.68598557,0.4751668
127,0.64540577,0.4747088,0.21913946,0.37018543,0.29388133,0.5931992,0.44947204
128,0.5735127,0.48902127,0.22469114,0.3715459,0.29421377,0.55499643,0.5001903
129,0.58528495,0.4776414,0.22835405,0.36442113,0.28198242,0.65106475,0.505993
130,0.61863047,0.4445144,0.23072308,0.3665009,0.29528505,0.54315007,0.45658365
131,0.6047769,0.45720926,0.22615066,0.36486423,0.2784076,0.7128858,0.5559499
132,0.5597128,0.46642962,0.22853841,0.3716793,0.29631534,0.6514598,0.5402046
133,0.5132203,0.48111665,0.22077732,0.3790379,0.29880056,0.59341705,0.5019064
134,0.6354881,0.45271367,0.22539243,0.37316045,0.2957656,0.6267206,0.48727095
135,0.5468668,0.45280263,0.22683465,0.36960897,0.3006822,0.5523623,0.39937896
136,0.5906605,0.449836,0.22170748,0.37785333,0.2850346,0.633234,0.46518734
137,0.55408835,0.4415666,0.22936307,0.37330505,0.29307672,0.78070444,0.58317405
138,0.7115444,0.4874425,0.23203512,0.36442113,0.2925464,0.7585684,0.44511786
139,0.57046413,0.4317377,0.22742255,0.3668108,0.2960693,0.70451397,0.55615073
140,0.54175776,0.3408201,0.22422354,0.37104565,0.29692686,0.6550544,0.42935333
141,0.58444566,0.3498355,0.22786598,0.36773962,0.28662118,0.5752435,0.46045095
142,0.53685683,0.35967624,0.22718146,0.37129804,0.30098844,0.59855187,0.4892302
143,0.5320047,0.3637414,0.22489396,0.3708622,0.30480626,0.77648884,0.51696813
144,0.5504714,0.37028366,0.21832368,0.36649656,0.30359665,0.65179074,0.46432525
145,0.53339404,0.34285778,0.22235039,0.36962515,0.3135764,0.75139296,0.5222902
146,0.55625314,0.42325735,0.21727516,0.36706316,0.30418158,0.5697715,0.40591624
147,0.57337505,0.40748912,0.2340085,0.36033195,0.29296452,0.64368016,0.4070654
148,0.56416357,0.42506072,0.23286267,0.35548624,0.28553063,0.6254098,0.40415615
149,0.59013206,0.38703048,0.22129123,0.36160648,0.29102066,0.7365858,0.45369875
150,0.5582181,0.37326148,0.23064941,0.37127998,0.28938317,0.7022823,0.44704694
151,0.5898366,0.36596188,0.2250275,0.36251548,0.3068679,0.6560304,0.44650695
152,0.52155715,0.4149772,0.22349033,0.36924073,0.29392016,0.6378687,0.45336768
153,0.6138009,0.36460128,0.22511803,0.3791799,0.2999816,0.62849474,0.4268929
154,0.61110425,0.43461886,0.22833256,0.38001364,0.29485816,0.64207065,0.43316963
155,0.48937115,0.3899346,0.22278225,0.38238615,0.27407357,0.6798813,0.4944888
156,0.51875204,0.42072004,0.22026052,0.36889628,0.2810859,0.5682299,0.4160976
157,0.52368766,0.389259,0.21801883,0.3709552,0.29503095,0.6597431,0.45684364
158,0.5425974,0.40975666,0.22581156,0.37880415,0.27993813,0.85773987,0.48682985
159,0.53475547,0.3206461,0.22404028,0.37372968,0.299108,0.6357936,0.46073064
160,0.5286717,0.37733588,0.21959291,0.36973763,0.29368487,0.656832,0.46200708
161,0.4584548,0.43611345,0.23103222,0.36524266,0.29244477,0.5850726,0.40425825
162,0.58390963,0.44672373,0.22087309,0.3643666,0.29826126,0.5210034,0.37938374
163,0.5788313,0.3603231,0.22556019,0.3743538,0.28842792,0.58495927,0.47283828
164,0.5206928,0.35614184,0.22320879,0.37305155,0.28933898,0.7155623,0.53172046
165,0.53752935,0.40853375,0.21679051,0.36152244,0.30294907,0.6030292,0.5205687
166,0.5233257,0.3887436,0.21882272,0.3672868,0.3010194,0.7724182,0.62529147
167,0.5702387,0.37960824,0.2221269,0.3765199,0.31853005,0.79051024,0.5544071
168,0.58678925,0.4449021,0.23041809,0.3704186,0.27948436,0.7004014,0.5762434
169,0.5535408,0.3294003,0.22521132,0.3677247,0.29776528,0.6207805,0.4422851
170,0.65197074,0.42793825,0.22080138,0.3703512,0.29167026,0.8089701,0.6090642
171,0.58601725,0.35340843,0.22085267,0.3601398,0.28591397,0.67965853,0.4824254
172,0.5748287,0.34243077,0.22297019,0.37600031,0.28872257,0.68318975,0.55203724
173,0.56501585,0.40122592,0.22586094,0.38392985,0.29980522,0.6536987,0.49982962
174,0.6136707,0.37924033,0.22005115,0.36596376,0.291792,0.60880065,0.5081869
175,0.5361437,0.40494823,0.22181912,0.36155257,0.29575965,0.7610411,0.52488565
176,0.59725326,0.4203352,0.22600895,0.36317873,0.2908372,0.68009275,0.50810105
177,0.5920407,0.33780116,0.2257127,0.36979306,0.2874401,0.74510145,0.5757121
178,0.5956914,0.4649971,0.22083117,0.36907122,0.2891563,0.7314792,0.5817793
179,0.6079373,0.45137674,0.22239558,0.3679583,0.29186183,0.66400045,0.5230395
180,0.57778794,0.43403476,0.22749637,0.3642619,0.28328997,0.7662101,0.5594424
181,0.65769404,0.40876207,0.22930592,0.3701598,0.29182434,0.7925157,0.45197752
182,0.5351947,0.49047843,0.2253451,0.37346455,0.28256887,0.8001489,0.54359233
183,0.63105756,0.44936875,0.23299362,0.3681055,0.28220516,0.7912034,0.44081554
184,0.6382629,0.46643007,0.2276028,0.36252138,0.30105287,0.802393,0.60450447
185,0.6174815,0.447239,0.2225125,0.3694267,0.29482767,0.6063918,0.4144119
186,0.5614495,0.40530273,0.22767492,0.37102813,0.28913006,0.5472302,0.40679738
187,0.5186045,0.39394903,0.22519377,0.3606328,0.28440067,0.67079055,0.48145935
188,0.5590956,0.36941177,0.23002526,0.36826098,0.31072757,0.6415989,0.46428287
189,0.5822294,0.39321533,0.226847,0.37108004,0.29417017,0.6957608,0.5344796
190,0.65614444,0.4255644,0.22958401,0.37052858,0.29570526,0.6451092,0.4424137
191,0.5607055,0.41972387,0.22199649,0.3822933,0.29356986,0.64261645,0.50130206
192,0.5371755,0.45915493,0.22710234,0.38000795,0.28978807,0.6664207,0.54410315
193,0.57895386,0.45493305,0.21797512,0.37265232,0.27531305,0.6899264,0.5616426
194,0.62660325,0.4585098,0.2258147,0.37299016,0.29366627,0.7776877,0.6358778
195,0.56299686,0.4398431,0.22548014,0.37410918,0.30035758,0.6761656,0.51066786
196,0.5597529,0.4001532,0.22126886,0.37005883,0.2843032,0.6476994,0.47974563
197,0.53418577,0.43932915,0.22295384,0.3719545,0.28056425,0.59231746,0.4744939
198,0.52633655,0.37394482,0.23411591,0.36947477,0.29448345,0.62195015,0.48873842
199,0.55089986,0.38141653,0.22568546,0.3561867,0.29596648,0.5532597,0.45555604
200,0.54342264,0.46136066,0.22841631,0.37865445,0.28462884,0.63430357,0.54634434
201,0.52309126,0.45940226,0.22070359,0.35938954,0.28945312,0.65208495,0.55138075
202,0.55639917,0.46132818,0.22153784,0.36169896,0.2886018,0.73555046,0.5462723
203,0.58511794,0.4082639,0.22532561,0.37044892,0.29189914,0.8898352,0.49232408
204,0.528586,0.44347167,0.22419278,0.37248597,0.28479064,0.85545737,0.55466104
205,0.6623557,0.46194056,0.2242838,0.38166648,0.27797002,0.70416486,0.42969188
206,0.60171175,0.4640338,0.22184348,0.36984178,0.2957189,0.7836252,0.5230406
207,0.5643731,0.4520697,0.2260294,0.36245131,0.29395056,0.7419952,0.41338503
208,0.5748276,0.46642217,0.21749264,0.36562774,0.27536803,0.59501284,0.4195952
209,0.53800166,0.3536961,0.2276021,0.36970976,0.29788736,0.5518872,0.4133351
210,0.6279643,0.41417158,0.22679104,0.38179606,0.28664643,0.7154207,0.42483237
211,0.5613541,0.4609147,0.22282021,0.3740323,0.28860974,0.54545826,0.4269443
212,0.592065,0.47874564,0.23391223,0.3715533,0.2784436,0.51591605,0.43931574
213,0.5403794,0.36530602,0.2247451,0.37334743,0.30111805,0.70927703,0.45842102
214,0.5368725,0.47386506,0.22124182,0.37072822,0.28502026,0.5833293,0.39246792
215,0.51844656,0.44656697,0.21871151,0.36690038,0.28581324,0.6152277,0.43655816
216,0.537823,0.45380038,0.2272736,0.38371584,0.2756375,0.6581402,0.38262612
217,0.6130033,0.44403645,0.22075643,0.3607158,0.29430613,0.60981196,0.46889776
218,0.55703145,0.4396105,0.2268619,0.3634918,0.28134498,0.5205097,0.48386633
219,0.5632088,0.44891545,0.21728638,0.36997595,0.28299066,0.6102112,0.41279748
220,0.5281668,0.44152442,0.22519955,0.3833683,0.28736973,0.76413333,0.58764386
221,0.54873437,0.46999943,0.22975944,0.37065622,0.28469208,0.66229576,0.51577365
222,0.6316021,0.43818837,0.2209012,0.37961826,0.30920064,0.794616,0.6069837
223,0.6080694,0.46262473,0.22060491,0.3594014,0.2987313,0.74529517,0.53876317
224,0.6024968,0.4709546,0.21547279,0.35157436,0.2837809,0.7535424,0.5446962
225,0.5501372,0.44603553,0.22079374,0.37553692,0.288796,0.8061521,0.55137074
226,0.5549102,0.4316843,0.22261946,0.36190304,0.2754637,0.85851693,0.6061755
227,0.5351923,0.4837566,0.22163603,0.3690993,0.28549066,0.9988405,0.5961792
228,0.5473372,0.43442258,0.2275023,0.3670186,0.289711,0.59798604,0.42544308
229,0.54106444,0.45060658,0.22382171,0.3662418,0.290878,0.7073471,0.5576585
230,0.5300126,0.39129117,0.22157198,0.36812437,0.30282694,0.64982295,0.4916751
231,0.55608463,0.3873291,0.22190642,0.36540115,0.28954464,0.6632588,0.48735434
232,0.5434474,0.39904323,0.22163883,0.35680968,0.28927457,0.7423719,0.5096275
233,0.56974393,0.46805897,0.23173112,0.37659407,0.28385854,0.8963856,0.6746558
234,0.5505758,0.48912197,0.22860055,0.36490336,0.2805707,0.8023948,0.5689907
235,0.551661,0.3656271,0.23065284,0.3505321,0.2846621,0.6094898,0.4084478
236,0.5701705,0.47456837,0.22591472,0.3651998,0.2888049,0.7281357,0.4931805
237,0.5772859,0.47490504,0.22307649,0.3624653,0.29032493,0.7540118,0.5404128
238,0.5765271,0.46744853,0.23080605,0.37105402,0.30548713,0.81943595,0.5830936
239,0.59179205,0.46797642,0.22279353,0.37598357,0.2986967,0.7802185,0.5489826
240,0.5711422,0.4636564,0.22862197,0.37303868,0.28812662,0.74150383,0.5105892
241,0.5989601,0.49954447,0.22529492,0.29944074,0.29144242,0.75499374,0.55489886
242,0.62314874,0.45573887,0.22265325,0.37577814,0.295397,0.7400166,0.5624633
243,0.6668532,0.45389366,0.22230211,0.326287,0.27922273,0.78011864,0.5688076
244,0.64047617,0.44332233,0.22596829,0.30977416,0.2997454,0.7458336,0.53016686
245,0.7076499,0.4650516,0.21688294,0.27890378,0.28216365,0.8055993,0.5674845
246,0.71431065,0.49016178,0.22991997,0.2726856,0.28970468,0.84241366,0.62166244
247,0.6665471,0.4704307,0.22247013,0.290582,0.2840582,0.79680717,0.57336146
248,0.63098514,0.47863153,0.21993792,0.30295086,0.30248734,0.8278261,0.6216451
249,0.6029111,0.43423033,0.21928322,0.30798882,0.28801888,0.788,0.61028224
250,0.6595307,0.51024395,0.22540528,0.30207184,0.2912076,0.7087897,0.5139573
251,0.58917004,0.50619614,0.22241099,0.32693753,0.29060325,0.75538564,0.50070196
252,0.65210325,0.4812575,0.22496733,0.2956538,0.28843835,0.8243343,0.598246
253,0.70539814,0.5083479,0.2224428,0.25651693,0.3042032,0.8948223,0.70208246
254,0.625795,0.48924825,0.22945009,0.3016179,0.28881082,0.69680035,0.54094034
255,0.6648773,0.4831414,0.22543573,0.28052118,0.295155,0.7671288,0.5210132
256,0.54520917,0.45301795,0.2239198,0.2967653,0.28518406,0.75366807,0.5344484
257,0.627422,0.45983142,0.22136763,0.31320447,0.29460046,0.80438495,0.5661109
258,0.56246114,0.48326865,0.22303362,0.2944911,0.28008798,0.8307202,0.6401093
259,0.579008,0.4679449,0.23003522,0.31529692,0.28347665,0.7811429,0.5393705
260,0.59216434,0.44348034,0.22900952,0.27785838,0.29761535,0.721983,0.5299624
261,0.57085156,0.3942534,0.221444,0.2861189,0.28285795,0.6790093,0.55004185
262,0.7067495,0.47702518,0.22245213,0.2833927,0.29513213,0.7351182,0.5430553
263,0.6795706,0.49880323,0.2213768,0.27898222,0.29487276,0.7774427,0.5621838
264,0.70534354,0.45806795,0.22485541,0.28042814,0.2771737,0.72390014,0.47412243
265,0.64993423,0.42552558,0.22663635,0.27147692,0.28606793,0.6608609,0.46753767
266,0.6797087,0.4986865,0.22352588,0.26990685,0.2718302,0.76702404,0.49071983
267,0.6617279,0.47568434,0.22490852,0.30002582,0.28677672,0.6767068,0.47371477
268,0.5923993,0.49324262,0.22227551,0.29896283,0.28367648,0.59064525,0.4505984
269,0.5844167,0.47965738,0.22869897,0.28469533,0.3084303,0.61198145,0.44986892
270,0.71870214,0.51062906,0.22780891,0.279386,0.3007057,0.8458225,0.5162582
271,0.6310132,0.48166713,0.22709769,0.31648713,0.2769807,0.7983499,0.5309541
272,0.6262659,0.48899105,0.22387536,0.30119768,0.28813022,0.83377403,0.6156699
273,0.70767313,0.48791724,0.22522192,0.28123492,0.2837069,0.9717373,0.7224386
274,0.7561405,0.47993782,0.22594485,0.3056012,0.2845499,0.7341173,0.51434124
275,0.619812,0.4886289,0.216775,0.28340828,0.30554977,0.75840664,0.56492335
276,0.6503351,0.48120344,0.2245196,0.28745377,0.2722185,0.7339095,0.52114385
277,0.6882375,0.5010923,0.22467774,0.2993686,0.2956211,0.7412584,0.47548196
278,0.7191521,0.4945939,0.22458838,0.302386,0.28093228,0.7116359,0.49012658
279,0.71355927,0.4994914,0.22302301,0.28478688,0.291334,0.7417768,0.5424267
280,0.6532077,0.4780159,0.21989346,0.29465342,0.2908487,0.7403543,0.54915905
281,0.69256884,0.4963568,0.22104502,0.28841433,0.28877488,0.7104753,0.56545675
282,0.6639327,0.47951138,0.22428578,0.2986204,0.28825575,0.67447007,0.54021174
283,0.71241695,0.4990357,0.22369258,0.29658026,0.2853339,0.7531209,0.5804291
284,0.6863539,0.4952945,0.22538993,0.27199116,0.27513334,0.80806696,0.60743785
285,0.7092373,0.49812827,0.22713931,0.28428283,0.27931747,0.703805,0.44947118
286,0.71082014,0.48061767,0.22604558,0.26892534,0.28624704,0.6200313,0.45783344
287,0.6120031,0.49641228,0.23227318,0.29772115,0.2798097,0.7651718,0.6039022
288,0.5774121,0.48869416,0.22572218,0.28190225,0.28252068,0.7813273,0.5170888
289,0.721851,0.4960621,0.21902585,0.28823462,0.28093478,0.6854402,0.46789813
290,0.6918013,0.49878132,0.22348544,0.29079586,0.29431027,0.7887111,0.56319803
291,0.6976237,0.5033476,0.22047307,0.27179995,0.29596534,0.7783575,0.56097287
292,0.71014446,0.49793977,0.21924382,0.2852989,0.2829017,0.8478782,0.67032254
293,0.7172889,0.5135976,0.22088331,0.274744,0.30014452,0.75881517,0.5570248
294,0.6678144,0.4898674,0.22198279,0.2969436,0.29619488,0.7122386,0.5467394
295,0.7192087,0.49281204,0.22626036,0.28826568,0.2823004,0.7221288,0.4962683
296,0.52954787,0.46434557,0.22179902,0.28842258,0.28222567,0.7507917,0.5611776
297,0.60424155,0.4974197,0.2280808,0.28074786,0.2757601,0.610697,0.50595766
298,0.6190048,0.40169558,0.22708282,0.30287695,0.28702173,0.43714592,0.49211642
299,0.5512985,0.37990355,0.22411306,0.26383156,0.2871011,0.54537934,0.5511011
300,0.6084031,0.3922587,0.21861085,0.29282314,0.30131754,0.44903782,0.5010115
301,0.6175498,0.4135651,0.21612184,0.3001184,0.28324217,0.5124632,0.489641
302,0.5907898,0.38246617,0.22230667,0.2849493,0.29178077,0.46105003,0.5449113
303,0.5170998,0.43369856,0.22473514,0.29271838,0.29948717,0.4962207,0.5324141
304,0.6007594,0.3960875,0.2278778,0.3761493,0.28235307,0.56580275,0.59820116
305,0.6217886,0.357978,0.22898254,0.36707628,0.2949048,0.7589822,0.5868029
306,0.53008074,0.49812815,0.23106371,0.37649295,0.29582977,0.8290874,0.61588174
307,0.60507756,0.35788298,0.22622858,0.37448046,0.28706986,0.88967013,0.6249449
308,0.6005559,0.41197592,0.21507043,0.37966967,0.29289326,0.85361314,0.62703514
309,0.5379927,0.3052394,0.2278349,0.3747503,0.30678526,0.70079124,0.57977855
310,0.5971783,0.35478598,0.22442012,0.3687772,0.31387204,0.65677035,0.5787808
311,0.60607976,0.2951268,0.22724634,0.36231062,0.29412484,0.6449889,0.6442168
312,0.55144596,0.3924408,0.22068618,0.37355903,0.29187325,0.7606091,0.66437775
313,0.6077693,0.34832934,0.2253777,0.37424278,0.2960045,0.69212836,0.6184674
314,0.5614598,0.39155638,0.2270788,0.36944202,0.2890533,0.72825545,0.61908823
315,0.6147018,0.36080354,0.23394638,0.37535912,0.27130118,0.7038425,0.64416945
316,0.59243506,0.3828549,0.22268507,0.37217587,0.2911978,0.7212353,0.63003075
317,0.65512407,0.4345022,0.22099817,0.37471354,0.28451133,0.68199885,0.5691551
318,0.5574131,0.39870727,0.22700581,0.38209766,0.27763498,0.6919836,0.5811823
319,0.5624904,0.31686613,0.22798291,0.3693667,0.28602397,0.70808196,0.6204987
320,0.59978145,0.3715673,0.22962274,0.37500653,0.30635995,0.63412523,0.52674556
321,0.5729865,0.40633032,0.22507672,0.37244686,0.289474,0.70523405,0.6044501
322,0.707749,0.4930837,0.21952903,0.36992007,0.26504797,0.7597713,0.6347681
323,0.6751019,0.46291086,0.23127028,0.28476894,0.3004287,0.7517352,0.5616806
324,0.66468924,0.4144555,0.21708177,0.2987978,0.2848695,0.7345844,0.5785004
325,0.66062623,0.48159724,0.2244381,0.27788785,0.2918886,0.78466165,0.60845375
326,0.67150354,0.5010252,0.21571809,0.2814774,0.27067307,0.73477244,0.6026874
327,0.6937631,0.5075764,0.22732364,0.2928817,0.29913172,0.68746644,0.4679807
328,0.69203717,0.49454415,0.22761612,0.28599513,0.27620777,0.68236476,0.47624052
329,0.68571717,0.4706589,0.21703039,0.29765674,0.28656644,0.7285047,0.5880781
330,0.61039734,0.4773986,0.2305921,0.27578652,0.29720834,0.4911772,0.34937567
331,0.6436374,0.4914707,0.23204802,0.30215803,0.28859034,0.5288496,0.3776467
332,0.55549866,0.49188402,0.2282419,0.302797,0.28794417,0.51149493,0.3660444
333,0.596547,0.48499146,0.22698493,0.29539302,0.29549894,0.5372615,0.36372447
334,0.66569877,0.48266324,0.23423028,0.26462036,0.2949018,0.4845274,0.34532753
335,0.6826207,0.48953715,0.2257571,0.29556036,0.27682972,0.5599857,0.38887396
336,0.65529895,0.49537176,0.22166847,0.27341017,0.2873372,0.51422006,0.35415584
337,0.6262691,0.42390212,0.22273168,0.26842222,0.29842395,0.64934546,0.4325558
338,0.63071114,0.43460566,0.225002,0.2806365,0.29157087,0.5459205,0.38615036
339,0.6806649,0.47623026,0.22250468,0.2659649,0.29009685,0.6674978,0.47482494
340,0.67917985,0.48293367,0.2209725,0.30192295,0.29396093,0.7995699,0.57571715
341,0.707214,0.4502355,0.22316106,0.31227165,0.2758025,0.7827683,0.58749163
342,0.6972397,0.49635515,0.22689486,0.29147166,0.2792687,0.7281992,0.5774395
343,0.65143716,0.4764123,0.23094751,0.28806883,0.28115457,0.7064211,0.57981867
344,0.7043453,0.5027101,0.22605759,0.28086534,0.27628195,0.48636213,0.45466408
345,0.6907161,0.4900865,0.2304251,0.30317727,0.29075715,0.5689569,0.3375223
346,0.68983805,0.48452136,0.21781541,0.2841444,0.27905503,0.5856925,0.44026572
347,0.631113,0.4688537,0.23201348,0.27552593,0.28645912,0.6782566,0.5152019
348,0.61324215,0.46066386,0.22860035,0.29263473,0.28409305,0.59788233,0.4313453
349,0.59396255,0.47738257,0.2239561,0.27467647,0.29271308,0.52977717,0.3479574
350,0.67360586,0.49017382,0.21769856,0.28495565,0.29615057,0.47791925,0.30818722
351,0.58425814,0.49901447,0.23295256,0.27984834,0.29718688,0.56650466,0.42820317
352,0.7040414,0.4554276,0.21990885,0.25503862,0.29117224,0.60169756,0.44564438
353,0.6827376,0.49905932,0.23210673,0.28676715,0.2849758,0.7142154,0.5216093
354,0.751414,0.51447576,0.22827172,0.2963471,0.28753805,0.7392732,0.618843
355,0.6378849,0.43660173,0.21822266,0.2820031,0.29821932,0.72416145,0.6110326
356,0.64405394,0.462271,0.22494923,0.2737206,0.28725842,0.6861443,0.5330804
357,0.6589607,0.44940072,0.22469933,0.27834016,0.281112,0.7078201,0.5876915
358,0.6534511,0.4572011,0.22213149,0.2831257,0.288402,0.714466,0.5686164
359,0.6242954,0.44673276,0.22308642,0.29517022,0.27656677,0.69622195,0.60581
360,0.5816478,0.37284952,0.22406636,0.2847747,0.2751477,0.7735185,0.5909136
361,0.6036775,0.46790436,0.21440922,0.29390702,0.27984828,0.8256192,0.6380563
362,0.62262213,0.49737924,0.22124146,0.3007496,0.28531605,0.71465826,0.60160184
363,0.7331142,0.50084054,0.21944757,0.28011262,0.28549215,0.8376875,0.6610311
364,0.6825275,0.50316125,0.22307816,0.28568202,0.27096003,0.8534879,0.63921463
365,0.731185,0.50953233,0.22086841,0.28867942,0.29051453,0.75617146,0.55963904
366,0.7118432,0.514183,0.22504853,0.27381966,0.28688958,0.68603843,0.5012424
367,0.71574193,0.48026487,0.22765942,0.2704521,0.28705418,0.8562255,0.6290606
368,0.69752145,0.5021284,0.22766699,0.29307297,0.2846283,0.7206456,0.51221025
369,0.67436427,0.49479824,0.22989799,0.2949538,0.2914476,0.7341833,0.5951285
370,0.7311556,0.48286104,0.226494,0.30053833,0.28491285,0.81318814,0.5853195
371,0.71806204,0.50342613,0.22723112,0.30227655,0.28324458,0.7307694,0.55905265
372,0.73296386,0.48909175,0.2256283,0.29660544,0.28652796,0.73187894,0.5891368
373,0.70552695,0.46992007,0.2298849,0.2887398,0.28531212,0.72333217,0.59029555
374,0.6815185,0.46752387,0.22802036,0.29092827,0.28936845,0.78611666,0.61337894
375,0.69115317,0.49206573,0.21829942,0.284746,0.29744908,0.76170295,0.53169626
376,0.5735234,0.4132962,0.22214857,0.28450522,0.2960884,0.66046566,0.5440766
377,0.60891205,0.47514457,0.22763287,0.28328395,0.28997692,0.8520288,0.6698981
378,0.594123,0.38780147,0.22213958,0.3017313,0.28060663,0.6248682,0.5861586
379,0.62732923,0.42472282,0.23003109,0.27608356,0.2822877,0.69066554,0.64023876
380,0.63456875,0.38496804,0.22390957,0.29527336,0.2923787,0.6821763,0.5053152
381,0.5942842,0.46867692,0.22751354,0.29470795,0.29755387,0.6752899,0.57551086
382,0.5647173,0.43296835,0.22205846,0.2844743,0.28535536,0.75509304,0.5514114
383,0.5630977,0.4449877,0.22891137,0.29959723,0.2832347,0.98783696,0.6850051
384,0.61451584,0.36840048,0.22136468,0.2835296,0.29191592,0.6724644,0.5158901
385,0.6157202,0.4642817,0.22156434,0.27377802,0.28854898,0.6480537,0.48428956
386,0.6206858,0.4636817,0.22618666,0.27776533,0.2905783,0.60203743,0.47376353
387,0.5334484,0.4410168,0.22862701,0.29170573,0.29780018,0.63452834,0.4306978
388,0.638756,0.49767226,0.23054096,0.29091898,0.2863541,0.7264473,0.50702167
389,0.68420786,0.48796254,0.22680666,0.2762186,0.31021777,0.67882645,0.47222692
390,0.6408567,0.4411604,0.22690219,0.2888459,0.28803968,0.6082749,0.46035683
391,0.44593778,0.3517971,0.23977897,0.27495125,0.2923018,0.5208264,0.46085978
392,0.55583996,0.41908887,0.22670065,0.28872097,0.29029325,0.5775337,0.5340686
393,0.5869547,0.34687886,0.22215892,0.3775574,0.30537057,0.49234298,0.49656335
394,0.49502277,0.43722397,0.2252927,0.3763431,0.28377992,0.5114663,0.45036316
395,0.50429153,0.32835075,0.22756514,0.3737883,0.3034278,0.6572945,0.6072665
396,0.63061076,0.4048971,0.22137429,0.37196907,0.29944435,0.5025124,0.42999825
397,0.5515475,0.37110922,0.23041558,0.36477312,0.2923142,0.6132674,0.44746777
398,0.6037104,0.38382867,0.22083531,0.37373963,0.29128748,0.5302775,0.41355357
399,0.5485218,0.37206703,0.22634949,0.35802284,0.29208168,0.5318001,0.44365126
400,0.645586,0.38408315,0.2287011,0.3715075,0.31389314,0.52045745,0.46365467
401,0.54990774,0.3908022,0.22675106,0.35940477,0.2883599,0.49877357,0.4458869
402,0.58081794,0.38155144,0.22970256,0.3743916,0.2912661,0.6270129,0.4753786
403,0.6284337,0.40622023,0.22310087,0.36506334,0.29172993,0.7456831,0.6215467
404,0.57967347,0.47129717,0.23001114,0.36035618,0.28804427,0.6355476,0.5281482
405,0.6783024,0.436306,0.23321871,0.3607356,0.28829733,0.7379239,0.56621414
406,0.6274812,0.47921383,0.22398295,0.37413785,0.3082859,0.5608217,0.46297938
407,0.6665354,0.4457368,0.22429462,0.37221757,0.28806257,0.596593,0.50079256
408,0.5762198,0.44292974,0.22601786,0.36762834,0.29498047,0.56630546,0.55620676
409,0.60578656,0.51869,0.2234041,0.373716,0.29435965,0.744782,0.58888584
410,0.63143736,0.39699018,0.2302919,0.36265162,0.29869726,0.6664135,0.5923091
411,0.5338965,0.3762105,0.22471988,0.3628559,0.29427823,0.6346144,0.44030136
412,0.51729965,0.43239722,0.23555088,0.36419436,0.29196858,0.46205604,0.44348165
413,0.6578807,0.458401,0.22965214,0.35521418,0.28039858,0.45804673,0.4059091
414,0.5637074,0.34120452,0.21432756,0.38705695,0.2977699,0.53928584,0.4371496
415,0.52629346,0.4005385,0.21363723,0.3805808,0.28096914,0.6305989,0.46175376
416,0.6385147,0.42026,0.22613136,0.36637107,0.27980945,0.5728459,0.44766012
417,0.60406905,0.4511678,0.22422154,0.35868755,0.29787248,0.6608438,0.49603423
418,0.6106233,0.42947724,0.22297293,0.36876673,0.30634332,0.6237276,0.43653315
419,0.6682154,0.41000506,0.21960445,0.36824408,0.31761697,0.46212247,0.36343038
420,0.5064216,0.48149043,0.2202799,0.35736012,0.28455037,0.4445154,0.5555396
421,0.6258358,0.42468032,0.22491093,0.36023116,0.29550165,0.4560173,0.41553125
422,0.6015185,0.38688964,0.22035746,0.36231458,0.30867893,0.4480468,0.47383016
423,0.60925853,0.43748045,0.22659107,0.37581366,0.29973963,0.63023466,0.47654003
424,0.619893,0.35852984,0.22793302,0.35818225,0.28280458,0.51198393,0.51291573
425,0.58088666,0.34899628,0.22315109,0.3061832,0.2983237,0.46663353,0.45893097
426,0.57876587,0.4237522,0.21711372,0.3021314,0.29236776,0.4629498,0.46274537
427,0.67515355,0.44403028,0.23011403,0.29644042,0.28201437,0.53846174,0.54752195
428,0.64987385,0.44839296,0.22578868,0.29687834,0.29204115,0.4780656,0.45226035
429,0.69209766,0.49101362,0.2244642,0.28936416,0.29463103,0.56222343,0.5720612
430,0.5617264,0.47525606,0.22401765,0.36403933,0.2950494,0.474182,0.4029704
431,0.59579486,0.41347587,0.22177914,0.36367834,0.292362,0.47346905,0.522633
432,0.5907541,0.46305075,0.22666103,0.27652445,0.2836404,0.6441749,0.52142435
433,0.67316353,0.4666924,0.22439398,0.32114533,0.28789866,0.7236072,0.5347448
434,0.64784175,0.48595798,0.22173947,0.32897592,0.28500578,0.6516355,0.4666997
435,0.64996994,0.501237,0.22493061,0.28469872,0.29443592,0.6377559,0.535199
436,0.5934822,0.47093678,0.22933264,0.30366236,0.29678622,0.63103604,0.53303456
437,0.6928834,0.49822134,0.22160977,0.29128477,0.29393375,0.72262573,0.5536146
438,0.69847524,0.4804807,0.22255458,0.3094099,0.28509212,0.695626,0.59176755
439,0.66599524,0.46359754,0.22027585,0.30115095,0.281095,0.7788135,0.5937063
440,0.5967042,0.48602042,0.2225692,0.3162501,0.2808525,0.77570134,0.57404214
441,0.61410886,0.46349514,0.22611386,0.3026268,0.2852257,0.70959306,0.57966936
442,0.70075566,0.40657088,0.22608712,0.31733346,0.28011194,0.71059686,0.56971884
443,0.7250693,0.48269674,0.21625344,0.30885613,0.2889397,0.755373,0.5919811
444,0.65574205,0.45757455,0.21721843,0.32347497,0.28308502,0.7539875,0.5606189
445,0.51558757,0.42622456,0.22646113,0.30209804,0.2825987,0.7180146,0.5694497
446,0.5741956,0.3915939,0.22445533,0.28715545,0.28813764,0.6303549,0.55552346
447,0.6747352,0.41088295,0.22909139,0.2976334,0.29799047,0.5501859,0.44464836
448,0.7072877,0.4186618,0.2333886,0.29274765,0.2668016,0.7230978,0.5572494
449,0.74807936,0.44710323,0.22631477,0.2952655,0.2988714,0.6019618,0.4968045
450,0.7145859,0.4752135,0.22938909,0.28427055,0.2892939,0.620795,0.5015277
451,0.7001485,0.48153877,0.22234407,0.30359364,0.29418725,0.62489897,0.5862263
452,0.71126306,0.49926454,0.22178952,0.30217,0.2929416,0.5405829,0.46621442
453,0.6875956,0.4120177,0.22417924,0.2844951,0.28157204,0.560741,0.54120445
454,0.67426395,0.46714687,0.2236483,0.3130308,0.286521,0.6200351,0.5826646
455,0.74178886,0.47687733,0.22607675,0.2922036,0.2840609,0.6568895,0.57008046
456,0.5823583,0.37060675,0.22144376,0.375445,0.29228106,0.5219774,0.47825468
457,0.62674356,0.3214586,0.2179722,0.36995527,0.27981287,0.47936308,0.46209744
458,0.61481005,0.4355159,0.2231477,0.3737288,0.29834533,0.494602,0.4967368
459,0.56606066,0.46118444,0.22952941,0.36027616,0.28649807,0.51570046,0.39859846
460,0.6158745,0.48294365,0.22540098,0.37312698,0.2914972,0.572251,0.37017217
461,0.6192888,0.48596868,0.22119883,0.36834514,0.29344478,0.65098274,0.37899876
462,0.72711104,0.45482633,0.21961473,0.3705606,0.27421448,0.7034911,0.59171873
463,0.6792651,0.41091394,0.21268703,0.3628334,0.2903346,0.69833356,0.55318797
464,0.62191933,0.41329864,0.23154739,0.36619768,0.2996782,0.7440943,0.56073654
465,0.60024965,0.3591031,0.22283155,0.3742289,0.29527557,0.7042723,0.5575862
466,0.626877,0.40638834,0.22213498,0.36620313,0.2771146,0.86606926,0.5098548
467,0.7102158,0.45850205,0.22181375,0.36648485,0.2882319,0.80293167,0.5966566
468,0.6077381,0.38039023,0.21764033,0.37079182,0.29174417,0.6775609,0.5881592
469,0.6694913,0.43306577,0.22113219,0.3704832,0.29508388,0.6294851,0.5177274
470,0.6595557,0.39478508,0.23669972,0.3631006,0.3118979,0.6763508,0.5274223
471,0.5790396,0.35343763,0.22556478,0.37139213,0.29237294,0.657851,0.51786935
472,0.5279887,0.37547502,0.22610812,0.3750544,0.30213714,0.6207167,0.5611242
473,0.6698788,0.4434011,0.2255271,0.3534402,0.2948146,0.7943998,0.5544847
474,0.64594984,0.43161866,0.23008828,0.37312436,0.2907302,0.69869334,0.58972406
475,0.62610525,0.37181795,0.22676006,0.37126225,0.3023804,0.65478534,0.6052868
476,0.6758716,0.47180283,0.22974677,0.363932,0.2912348,0.6661696,0.56595534
477,0.51639444,0.48994023,0.225699,0.36480007,0.28155687,0.55872387,0.5318945
478,0.6341948,0.43801624,0.22756395,0.367637,0.29808572,0.56539565,0.5502927
479,0.6148458,0.4843013,0.2218986,0.36933786,0.28292605,0.56845516,0.5415572
480,0.70521396,0.4357991,0.22609405,0.36162603,0.29051286,0.5382804,0.46357834
481,0.53105223,0.41395536,0.22560497,0.37573993,0.28591743,0.54293364,0.50084394
482,0.6032325,0.35299185,0.2204227,0.3676609,0.27801308,0.5518841,0.52155656
483,0.66568077,0.4611045,0.22198643,0.36541474,0.28279006,0.53982425,0.46980232
484,0.5839107,0.3765003,0.22915629,0.37171042,0.29156408,0.66863286,0.58265746
485,0.60226,0.45969912,0.22613421,0.3590075,0.28253073,0.55187154,0.46505454
486,0.6779033,0.3563027,0.22048436,0.3577695,0.29364526,0.5940023,0.46592647
487,0.6076255,0.42209375,0.23398551,0.36896843,0.2922248,0.5968677,0.5099486
488,0.61201626,0.50121194,0.22243404,0.36900565,0.30454454,0.57880557,0.49216187
489,0.6164793,0.45281112,0.22860889,0.36651057,0.28274962,0.7098456,0.5517486
490,0.60840905,0.39408922,0.22340967,0.37118018,0.29727924,0.5800654,0.4463667
491,0.598335,0.40662333,0.22495611,0.36645484,0.29213563,0.58375084,0.39878628
492,0.6091649,0.4386949,0.23233919,0.37903795,0.2887976,0.5584605,0.3733854
493,0.5447019,0.41724822,0.22392702,0.3745829,0.2882993,0.56940305,0.45161742
494,0.5213339,0.40642104,0.22356078,0.36811003,0.29339585,0.68556356,0.45228842
495,0.53900707,0.44715574,0.22731082,0.36769673,0.3008472,0.69746,0.37960634
496,0.6615223,0.4840676,0.21704966,0.3698305,0.2793403,0.65840214,0.45213443
497,0.6388217,0.44873372,0.22869703,0.36621842,0.3015851,0.7322052,0.56474686
498,0.59309864,0.49550906,0.21878175,0.38229755,0.2911113,0.79630005,0.55211425
499,0.6503832,0.46969718,0.22174041,0.37213057,0.2889325,0.7940437,0.54690367
