,Arg7B_O -- H -- B:ARG:7:N,Arg7B_O -- H -- B:ARG:7:NH1,Arg7B_O -- H -- B:LYS:8:N,Arg7B_O -- H -- B:LYS:8:NZ,Arg7B_O -- H -- B:ILE:9:N,Arg7B_O -- H -- B:MET:10:N
0,0.3756063,0.70599097,0.22292474,0.87798655,0.33531964,0.34000129
1,0.37157974,0.68399835,0.23048541,0.87750185,0.31659114,0.37961936
2,0.3660998,0.6960601,0.22268595,0.84883064,0.41094163,0.43056157
3,0.36177158,0.7156764,0.22826722,0.8362749,0.35148966,0.35169333
4,0.36020908,0.67823726,0.21812315,0.8371215,0.33853588,0.40777916
5,0.35785383,0.61677486,0.22331406,0.86752087,0.3373427,0.3967975
6,0.37116155,0.60086656,0.22024284,0.8086151,0.3804287,0.4429483
7,0.35854697,0.5065486,0.22657838,0.8653046,0.36738575,0.44283032
8,0.36344892,0.60882014,0.21244839,0.8596919,0.33715174,0.4096907
9,0.36731437,0.7639306,0.22374819,0.85612035,0.3398174,0.3538964
10,0.35685936,0.8275593,0.22242855,0.80472755,0.35235128,0.3428518
11,0.37257996,0.77998865,0.22396718,0.83609277,0.3606688,0.3860329
12,0.35970953,0.70289356,0.23099735,0.8445668,0.3920422,0.49227428
13,0.35368404,0.83211035,0.22751376,0.8658173,0.35947466,0.4045563
14,0.36424938,0.7927142,0.23046516,0.8873552,0.34484735,0.37988493
15,0.36514008,0.790596,0.22908264,0.85128284,0.33304214,0.35489413
16,0.36361912,0.8030513,0.22363375,0.8351698,0.38226575,0.42244217
17,0.36875233,0.82994115,0.22264296,0.8399904,0.36893517,0.37375942
18,0.3704223,0.805217,0.23039408,0.87274057,0.35669696,0.40405405
19,0.36567032,0.7605879,0.22698718,0.871424,0.36989957,0.39473626
20,0.3661821,0.7621555,0.21869352,0.83991104,0.3310079,0.37056157
21,0.37002108,0.75702506,0.22412233,0.829698,0.3577522,0.36341918
22,0.36478293,0.8178011,0.21955523,0.86481875,0.35780188,0.39400178
23,0.36365953,0.80144876,0.21779387,0.8534045,0.34872046,0.39619967
24,0.37205327,0.7840653,0.22393472,0.8581571,0.31309932,0.32229775
25,0.3614741,0.7726513,0.2223517,0.87325627,0.33346668,0.36737463
26,0.36153603,0.786582,0.22485448,0.87377405,0.30038518,0.3863083
27,0.37607697,0.7868352,0.22918183,0.85469127,0.3840468,0.4043456
28,0.36364567,0.80717707,0.21974772,0.88222456,0.30072257,0.3311973
29,0.3560045,0.78409415,0.23254016,0.8937184,0.32090196,0.342194
30,0.37369004,0.8069251,0.22884032,0.8662677,0.33244208,0.3424316
31,0.3652069,0.81689477,0.22695538,0.9036685,0.33165857,0.3404766
32,0.35597497,0.8460996,0.21674152,0.8543667,0.34220755,0.36271036
33,0.36245823,0.83002055,0.22322647,0.84314877,0.30749124,0.373384
34,0.36582014,0.78854233,0.22108357,0.85668164,0.36729574,0.45369232
35,0.35894924,0.78721166,0.2227521,0.8696696,0.3196528,0.36561692
36,0.35676736,0.82289344,0.22566585,0.8652613,0.31492248,0.33978605
37,0.36998954,0.72448343,0.2292615,0.8319717,0.3551029,0.40710908
38,0.37105095,0.73256886,0.21858732,0.78158295,0.39495018,0.48624766
39,0.35341096,0.78708047,0.22824794,0.875028,0.3214078,0.34810185
40,0.3691722,0.72622985,0.22874352,0.88920456,0.32207695,0.35224816
41,0.36265388,0.7456366,0.22225362,0.86214787,0.30990875,0.38294652
42,0.3657581,0.7374835,0.2227948,0.8640428,0.32588702,0.41152018
43,0.36841163,0.8064682,0.2247713,0.8468417,0.33121437,0.4107319
44,0.3622173,0.83258927,0.22930199,0.8800062,0.33077475,0.3647437
45,0.36622387,0.79748064,0.22581732,0.8675755,0.33187085,0.38340372
46,0.36474124,0.83108026,0.22167562,0.825175,0.37598088,0.42703584
47,0.3722071,0.8193992,0.22604853,0.850605,0.32317477,0.41372007
48,0.37180364,0.82107013,0.22618264,0.8622414,0.32445356,0.41035926
49,0.3596818,0.8343912,0.22894378,0.85221165,0.34540105,0.48858103
50,0.36727643,0.8168652,0.23352602,0.7685631,0.4341756,0.55989337
51,0.35846737,0.822213,0.2303686,0.8830117,0.33433875,0.37882024
52,0.37248558,0.8171359,0.22194119,0.8632529,0.34298986,0.4447306
53,0.36930513,0.8069155,0.2186164,0.84356105,0.38844106,0.49388477
54,0.3609411,0.82183415,0.21844985,0.8326452,0.35967395,0.5109118
55,0.36393547,0.82445174,0.22607207,0.85366,0.36980042,0.47489935
56,0.3701037,0.7918092,0.23111103,0.77550477,0.4572168,0.5789205
57,0.3618836,0.8397765,0.22465473,0.83262783,0.3253879,0.43802834
58,0.3635795,0.8632782,0.22258513,0.82205456,0.37705654,0.4489649
59,0.36330262,0.79547256,0.2264173,0.81137496,0.36110196,0.49735525
60,0.36653367,0.7899493,0.2254263,0.8174614,0.38936332,0.50324774
61,0.37310615,0.7864693,0.23203225,0.7848559,0.42752296,0.58974636
62,0.36384028,0.8003333,0.23588423,0.8418235,0.39255124,0.48186064
63,0.36424553,0.8305727,0.22922613,0.79028493,0.40172365,0.5192346
64,0.36387405,0.8163703,0.22092764,0.67777115,0.44519675,0.5984793
65,0.36400503,0.78952044,0.22524847,0.72510356,0.45253205,0.61053866
66,0.3654153,0.7609834,0.22303303,0.7057599,0.4694864,0.62170863
67,0.35872948,0.77036154,0.22181095,0.7113963,0.41337445,0.5450239
68,0.36578023,0.7898899,0.22306244,0.67183304,0.44051886,0.5749859
69,0.360921,0.77720666,0.22972439,0.7297371,0.4260184,0.5661737
70,0.36330873,0.721991,0.23101467,0.73159987,0.4409759,0.65511674
71,0.36920336,0.6722207,0.22166364,0.72482365,0.43608135,0.641057
72,0.3629749,0.71963245,0.22124271,0.73357624,0.45854983,0.608596
73,0.37358662,0.65635765,0.22208299,0.728767,0.43957534,0.6026381
74,0.37147623,0.661882,0.22792013,0.7352058,0.44681785,0.59265053
75,0.36761492,0.66328776,0.22115304,0.76171297,0.42666748,0.6042421
76,0.36132175,0.71657556,0.2246785,0.70476973,0.44591606,0.5967977
77,0.3636975,0.68931943,0.22410648,0.6608852,0.45560282,0.65209305
78,0.36901292,0.6889276,0.23002605,0.697528,0.4473306,0.5906118
79,0.36969283,0.7384322,0.2281901,0.7449522,0.44601914,0.60564816
80,0.3682749,0.74571425,0.22167824,0.7155005,0.41105473,0.6033291
81,0.3654452,0.74426275,0.2270444,0.69842535,0.46552148,0.6275502
82,0.36214605,0.76339865,0.22307058,0.7392336,0.43741024,0.6322351
83,0.36981216,0.8451591,0.22264023,0.80584544,0.4032443,0.5713271
84,0.36221373,0.8138331,0.22836347,0.70305175,0.45232493,0.6637593
85,0.36560798,0.75279754,0.2242685,0.7424428,0.44339973,0.64505905
86,0.36098006,0.8718714,0.2146844,0.7623405,0.4154473,0.6498581
87,0.35639697,0.79554605,0.22488627,0.7747068,0.4214541,0.6552702
88,0.36885214,0.8209145,0.22405851,0.7474518,0.4299738,0.60197914
89,0.36023843,0.83396584,0.21977247,0.73845553,0.45141682,0.6667225
90,0.36679173,0.8044643,0.22539714,0.7512645,0.42414045,0.6210598
91,0.367981,0.78283614,0.22303537,0.68671036,0.44169328,0.6453382
92,0.36225268,0.80091095,0.22804923,0.6501693,0.4622776,0.68217355
93,0.36386147,0.8009894,0.2308933,0.70388573,0.45916897,0.67265147
94,0.36818302,0.75713456,0.21570216,0.7036005,0.44594884,0.6993579
95,0.35174885,0.79229206,0.2271335,0.7108347,0.4486936,0.68500483
96,0.35321516,0.78746414,0.22500995,0.7137565,0.44060245,0.67439723
97,0.36346275,0.7979982,0.22582911,0.6888328,0.42509827,0.6391583
98,0.35957745,0.78872913,0.22709921,0.7096537,0.45179397,0.66799706
99,0.3678177,0.7613108,0.22596668,0.6879874,0.4646054,0.68101424
100,0.36233768,0.75604457,0.22618243,0.6948185,0.4549528,0.64233774
101,0.3474368,0.77502507,0.22584988,0.7334189,0.39184788,0.57287073
102,0.3625738,0.8079831,0.22634877,0.7145738,0.4442389,0.61708075
103,0.36570054,0.6729993,0.22637597,0.6787277,0.47758627,0.6530851
104,0.36084828,0.7103334,0.22444779,0.6364701,0.43671167,0.60832894
105,0.35527888,0.78633684,0.22061832,0.7072858,0.4270517,0.5889662
106,0.36845717,0.7428504,0.22986235,0.7324517,0.44043627,0.6326147
107,0.36787206,0.72747505,0.23017292,0.6728703,0.4459734,0.57082564
108,0.36348578,0.74397415,0.2328972,0.6428633,0.43160212,0.60105175
109,0.36260062,0.6908283,0.2178031,0.66681623,0.41479146,0.4988326
110,0.3672349,0.7239667,0.2230596,0.6751333,0.4415233,0.5442637
111,0.35570598,0.7235955,0.23210429,0.7390909,0.43465167,0.53538316
112,0.36418864,0.70247513,0.22147341,0.7245012,0.43130094,0.47756556
113,0.36332285,0.65615493,0.22657783,0.7190396,0.44198006,0.6031282
114,0.36717036,0.63629895,0.2211428,0.76504004,0.43680546,0.5820063
115,0.37485898,0.73491585,0.22439824,0.76993334,0.4484182,0.5585734
116,0.35740966,0.76634544,0.2203477,0.8351389,0.37950277,0.4984344
117,0.35117954,0.7763561,0.2222289,0.9041392,0.3917549,0.51431865
118,0.35594738,0.8028361,0.21900858,0.86569506,0.36923566,0.487936
119,0.36304596,0.8080351,0.22192265,0.8142206,0.3958412,0.4939857
120,0.36721432,0.74690235,0.21527262,0.724252,0.44582722,0.57859516
121,0.37448505,0.78661776,0.23652624,0.78556883,0.44131655,0.5832223
122,0.36851117,0.77636075,0.23166579,0.8095376,0.45904785,0.59842974
123,0.3670267,0.7984972,0.22000036,0.8046628,0.45490557,0.5631579
124,0.35345498,0.76055795,0.22898167,0.8751242,0.36886463,0.4771007
125,0.34957746,0.8084339,0.22068045,0.8485515,0.34520543,0.46594515
126,0.36444676,0.76757944,0.21654086,0.86079663,0.38824984,0.456308
127,0.36217442,0.79265696,0.22129047,0.89762944,0.396165,0.42991608
128,0.3605603,0.7678812,0.22598991,0.8750636,0.4251215,0.5264101
129,0.36516133,0.7758844,0.2230081,0.8990802,0.38011423,0.48937786
130,0.36524668,0.7868862,0.22110057,0.82924545,0.39368245,0.4825596
131,0.3577437,0.7841991,0.22569194,0.84786963,0.34866318,0.46625194
132,0.34586322,0.82003987,0.22628781,0.8297115,0.30691844,0.38560098
133,0.3681819,0.7796277,0.22305356,0.76263183,0.46195304,0.5596453
134,0.3621124,0.8094136,0.22296658,0.8238965,0.40203887,0.46289775
135,0.358738,0.7936594,0.22127025,0.84275913,0.3708939,0.5030339
136,0.35314628,0.6804983,0.22933021,0.83060557,0.3841763,0.47872412
137,0.36369693,0.8089262,0.22377951,0.8063863,0.37202722,0.43782207
138,0.3509832,0.82533365,0.22244282,0.79805577,0.36181656,0.46691155
139,0.3644999,0.76106197,0.22988416,0.79199755,0.37783346,0.4574523
140,0.35537776,0.80118936,0.22382298,0.8474462,0.3685765,0.4521629
141,0.37346876,0.77711266,0.2246734,0.8134061,0.43271905,0.5459252
142,0.36158517,0.7845033,0.22267321,0.77683467,0.42870995,0.51782256
143,0.35924882,0.75662833,0.22247505,0.8175351,0.38881978,0.4709296
144,0.36382425,0.77982694,0.22835605,0.8269911,0.39608577,0.4806492
145,0.3629229,0.8104978,0.22896266,0.84364706,0.4105033,0.46190035
146,0.37303922,0.8221465,0.23300944,0.84411013,0.3587907,0.45083296
147,0.36521196,0.80400634,0.22886299,0.7773723,0.37859207,0.4837677
148,0.3638478,0.82507414,0.22978413,0.8223043,0.39212748,0.48720208
149,0.3561713,0.80104506,0.21905902,0.8405919,0.341923,0.42648387
150,0.3644431,0.80239135,0.2258822,0.8221993,0.4233188,0.5157017
151,0.37154052,0.81466126,0.22601688,0.8189876,0.43642482,0.535376
152,0.36113572,0.8186837,0.22372293,0.8420568,0.38757,0.49714923
153,0.36807075,0.8123671,0.2216215,0.84517115,0.3927721,0.46956775
154,0.35922664,0.78986025,0.22928113,0.871535,0.40656328,0.50440806
155,0.36248198,0.8282422,0.2240776,0.7958369,0.4154624,0.49669093
156,0.36792254,0.8283851,0.22598472,0.7780192,0.433435,0.5192636
157,0.3496313,0.83693093,0.2289149,0.8349625,0.31692362,0.40207815
158,0.36503297,0.7886671,0.23365645,0.7790341,0.41842723,0.5379763
159,0.36342752,0.81380546,0.21930873,0.8057638,0.38935068,0.5110541
160,0.35495907,0.8392569,0.22115584,0.8268079,0.32898796,0.38440484
161,0.36721802,0.6677264,0.23185869,0.76985097,0.42099378,0.56691813
162,0.3537903,0.7433053,0.22016712,0.79459894,0.42265975,0.5793097
163,0.3687711,0.7393884,0.22658458,0.7483213,0.42729416,0.59060246
164,0.36240327,0.67233545,0.22175346,0.7834375,0.45614365,0.6849344
165,0.35899782,0.651173,0.22471102,0.768893,0.45881242,0.6798265
166,0.36524922,0.653022,0.22946337,0.79390675,0.46210694,0.6388483
167,0.35138357,0.7000761,0.22877304,0.8107122,0.43728638,0.60152173
168,0.36000258,0.6754472,0.2180577,0.7646425,0.4482495,0.62989265
169,0.35707614,0.6837514,0.22738975,0.8382158,0.49674404,0.6971066
170,0.35565856,0.685156,0.22314386,0.82279897,0.45061517,0.6400281
171,0.34437883,0.66166496,0.22044066,0.776676,0.4399889,0.6172822
172,0.35472953,0.69335395,0.2248605,0.77407825,0.4679524,0.6931616
173,0.36022994,0.7421423,0.22883698,0.748724,0.4618485,0.66194576
174,0.37084126,0.73772645,0.22411977,0.7581733,0.48024067,0.68823105
175,0.36393872,0.72484577,0.23622076,0.7767023,0.44633952,0.63787436
176,0.3597681,0.7558076,0.22384076,0.74935895,0.46878734,0.66862875
177,0.36358112,0.7172847,0.22459458,0.7303717,0.48436323,0.69327164
178,0.36619028,0.62689996,0.22705083,0.7431538,0.5113918,0.741874
179,0.36412925,0.64088374,0.22017124,0.7283385,0.48869523,0.6975389
180,0.36851647,0.66721475,0.2226843,0.6847424,0.48661318,0.66512805
181,0.36473975,0.7352695,0.23450713,0.74653715,0.4736782,0.6292276
182,0.3634848,0.72943723,0.22978143,0.76573026,0.45214286,0.6930529
183,0.36125687,0.6633204,0.21765345,0.71373916,0.43823674,0.69378704
184,0.3642579,0.64324933,0.22694036,0.7496122,0.45242938,0.6607476
185,0.37841463,0.6697255,0.21981508,0.71687776,0.4467919,0.65695316
186,0.3532689,0.6769583,0.22155479,0.7470054,0.44808584,0.64251083
187,0.364385,0.75111926,0.21858084,0.7731679,0.47218567,0.71254253
188,0.34768024,0.77083683,0.22188257,0.7757213,0.4405916,0.68396974
189,0.3554711,0.7568701,0.22274356,0.74171126,0.42830732,0.6819973
190,0.36543652,0.74916387,0.22333719,0.7574664,0.47373527,0.6913992
191,0.3634123,0.7561624,0.2201077,0.7552208,0.4592999,0.6705205
192,0.37151355,0.75596774,0.22056444,0.749752,0.434271,0.6477235
193,0.36819553,0.7322669,0.23225123,0.7502723,0.45941493,0.6589884
194,0.36633593,0.7302707,0.22290048,0.7633282,0.42806405,0.5915479
195,0.3576138,0.75643206,0.22205667,0.76135236,0.42938843,0.63525474
196,0.36982614,0.7591875,0.22897753,0.7571485,0.46507227,0.6744865
197,0.35832962,0.7337439,0.22418606,0.77629286,0.46080744,0.67291075
198,0.3596324,0.7404739,0.21455961,0.7306234,0.43175966,0.6432844
199,0.35570017,0.69576514,0.22557089,0.7355851,0.4806949,0.7018219
200,0.3617336,0.6416946,0.2301306,0.73138356,0.48379707,0.64961845
201,0.35674652,0.7094013,0.22975072,0.73432416,0.5104061,0.70655316
202,0.35817268,0.7612391,0.21506715,0.7286066,0.4528798,0.6473649
203,0.35756987,0.7486568,0.22833611,0.7439556,0.45705593,0.669029
204,0.35758242,0.75289,0.2342535,0.73866487,0.4644894,0.64720905
205,0.36484337,0.7701396,0.21829686,0.74428135,0.4857181,0.6804714
206,0.34922796,0.7845765,0.22679077,0.7341328,0.46509194,0.65093154
207,0.35154772,0.74054265,0.22740078,0.71169734,0.45877275,0.639479
208,0.3565309,0.7744604,0.23046789,0.7685947,0.4479537,0.6363903
209,0.36308694,0.7339988,0.2163403,0.73340183,0.46995005,0.65377575
210,0.36808443,0.7529648,0.22769192,0.7470259,0.48065746,0.6832985
211,0.3497894,0.7868179,0.22251922,0.7683994,0.46746635,0.63195986
212,0.36354047,0.76813644,0.22517575,0.7231375,0.4896314,0.6789453
213,0.3588224,0.7626065,0.22394201,0.7388056,0.44020918,0.65049905
214,0.37372747,0.74852395,0.22922698,0.7384287,0.506409,0.725471
215,0.36927074,0.73267967,0.22769722,0.7605555,0.47728267,0.6951528
216,0.35986346,0.7307531,0.22490317,0.7527117,0.47611776,0.6949797
217,0.35341343,0.7862516,0.22275743,0.7362302,0.44878304,0.65843695
218,0.35753408,0.76703274,0.21692339,0.74890774,0.47154447,0.6833737
219,0.35323986,0.7536905,0.22237214,0.71926475,0.4852263,0.70853806
220,0.3494427,0.76113343,0.21623866,0.7505384,0.46398872,0.68369734
221,0.36704165,0.7197027,0.23039335,0.7547912,0.512727,0.7373814
222,0.35385147,0.72926104,0.22146454,0.7414061,0.4725478,0.70570457
223,0.3641269,0.608454,0.22238205,0.7524358,0.4632969,0.6922401
224,0.3365726,0.68227243,0.22354433,0.76490986,0.4578165,0.6457371
225,0.35849363,0.63151103,0.22915328,0.7638394,0.4816516,0.6965531
226,0.35114595,0.59085345,0.22681864,0.7736783,0.49051315,0.7307225
227,0.344518,0.7140744,0.23476046,0.7953719,0.47413602,0.71883386
228,0.34297445,0.6479722,0.218873,0.7707414,0.48805648,0.70692855
229,0.35246193,0.74246716,0.22479919,0.78056896,0.49119985,0.7208516
230,0.36420324,0.66537446,0.2311689,0.7467503,0.48566014,0.7206458
231,0.35076723,0.6419697,0.22242776,0.6929915,0.45620966,0.6843991
232,0.3569013,0.70672226,0.22420968,0.7124364,0.5004298,0.7252506
233,0.36851472,0.72000754,0.22883114,0.7083738,0.49492538,0.707239
234,0.35149303,0.75572175,0.22762309,0.7269227,0.48225352,0.7092747
235,0.3499948,0.7776885,0.22243214,0.70665246,0.50862324,0.74934584
236,0.3553868,0.71969,0.2272419,0.6939519,0.50746644,0.7540804
237,0.36280492,0.710433,0.2229532,0.68103546,0.5122076,0.73480946
238,0.35655797,0.7569131,0.23708792,0.73782444,0.49883628,0.71377444
239,0.3497598,0.7633086,0.22002618,0.6957445,0.4707877,0.71164554
240,0.35304582,0.724466,0.22197004,0.70749635,0.49975288,0.7376609
241,0.35881576,0.7492581,0.22612017,0.6959206,0.48150048,0.70600003
242,0.3631868,0.7920123,0.23342834,0.6804262,0.4716344,0.66596025
243,0.359375,0.798704,0.23058039,0.7300247,0.47530097,0.7312064
244,0.35788888,0.64689565,0.22756249,0.69416296,0.5220301,0.76113284
245,0.34428418,0.7548441,0.22878575,0.6978916,0.45940188,0.6856667
246,0.36183262,0.6504972,0.22894382,0.6684766,0.50424093,0.705969
247,0.3642244,0.74583584,0.22644545,0.68029726,0.49481097,0.73357016
248,0.35351357,0.7626654,0.22350375,0.66626596,0.5064536,0.69413453
249,0.34549952,0.7078845,0.22305585,0.69564164,0.4980629,0.7252404
250,0.35150546,0.6305052,0.21936302,0.7130509,0.4976343,0.71184283
251,0.3660539,0.6140567,0.22711596,0.6540656,0.46681118,0.66420114
252,0.35823372,0.6430827,0.22710857,0.7209263,0.47357234,0.6980608
253,0.37073633,0.6244746,0.22785835,0.66489875,0.4808545,0.71795624
254,0.35553715,0.5634708,0.23439784,0.72537977,0.5294974,0.7379796
255,0.35566163,0.5810801,0.22620405,0.72936547,0.46692324,0.72417945
256,0.35488307,0.65922314,0.2257317,0.667181,0.48847258,0.69124186
257,0.36775476,0.66163844,0.22941113,0.6598464,0.47010693,0.6978388
258,0.3603647,0.66120833,0.22884353,0.74793804,0.46375236,0.6772327
259,0.3530321,0.6536456,0.22446388,0.6731965,0.46314454,0.6544234
260,0.35175863,0.68036115,0.23301008,0.69519037,0.5055406,0.71415704
261,0.36021605,0.7269209,0.22147909,0.6898895,0.49023595,0.708544
262,0.34962922,0.6103758,0.2197474,0.63541347,0.4866518,0.6880845
263,0.34711045,0.6446128,0.23362215,0.6657696,0.47085282,0.694102
264,0.35010135,0.7049992,0.22227415,0.6924865,0.48902464,0.6964349
265,0.35770833,0.71350324,0.21718946,0.6773519,0.4477991,0.6491285
266,0.3613173,0.6588111,0.22640592,0.67008835,0.48528543,0.6925041
267,0.3600911,0.66308016,0.23083425,0.6603764,0.4727757,0.69984764
268,0.35509944,0.6606336,0.2279123,0.66980886,0.4732755,0.68312925
269,0.3589191,0.6711849,0.22457573,0.6707043,0.5242647,0.74144995
270,0.34167224,0.6766629,0.22485733,0.6998252,0.5001778,0.72660726
271,0.3551635,0.61788327,0.22836368,0.72374547,0.52827877,0.74790514
272,0.35684788,0.69008875,0.23186031,0.7083565,0.5146943,0.74203503
273,0.33699515,0.6493316,0.22842889,0.70594126,0.495069,0.74846226
274,0.35656685,0.76251185,0.2214216,0.654368,0.4925797,0.7098609
275,0.3511603,0.6567093,0.22472425,0.6603058,0.4760524,0.6838345
276,0.35701126,0.6737215,0.23039071,0.6891754,0.49688855,0.7026422
277,0.35652116,0.65301585,0.22951716,0.6689015,0.49424815,0.69629955
278,0.3609882,0.66011816,0.22683561,0.6966427,0.49474913,0.71783555
279,0.35019135,0.67398095,0.2247314,0.71727586,0.47939342,0.7167851
280,0.352207,0.68055224,0.22331399,0.69581145,0.48684323,0.75232697
281,0.35725906,0.68272996,0.22812766,0.70235854,0.5022714,0.7239862
282,0.36549577,0.6277146,0.23307392,0.7398948,0.5019927,0.734091
283,0.35685351,0.6556821,0.21986957,0.6884133,0.49342388,0.71666783
284,0.36335665,0.6513609,0.23134606,0.7426624,0.5014541,0.71293485
285,0.357116,0.6320952,0.22271042,0.70202523,0.49842668,0.7375334
286,0.3548512,0.64391285,0.22301362,0.71635604,0.44828385,0.68292177
287,0.35907796,0.6735394,0.22544199,0.6969819,0.47487447,0.69424236
288,0.37126192,0.59244376,0.22509685,0.6460816,0.47746977,0.668343
289,0.36492604,0.67795485,0.2208457,0.6673345,0.48247537,0.69111353
290,0.36136544,0.6465808,0.22802113,0.64586407,0.48331872,0.7060168
291,0.36403424,0.5939741,0.22445314,0.668467,0.47082043,0.6769277
292,0.35662693,0.51661265,0.22615746,0.67710525,0.48409116,0.67606497
293,0.34368393,0.554841,0.22717704,0.6927974,0.45983738,0.66981214
294,0.37394258,0.51976746,0.22796474,0.6438796,0.46824452,0.64340645
295,0.35172793,0.63490176,0.22495212,0.67463094,0.45933846,0.6600496
296,0.34667465,0.55724937,0.22587599,0.7410245,0.48581558,0.6858209
297,0.35302386,0.50903225,0.22596298,0.67008084,0.47814032,0.6799425
298,0.348625,0.52421385,0.21895358,0.72666276,0.49097767,0.6840186
299,0.36322442,0.51084286,0.22917861,0.6394555,0.5113663,0.7239603
300,0.36754474,0.714503,0.22017576,0.6873457,0.4672046,0.66626066
301,0.34207928,0.7288837,0.23008025,0.6512059,0.48914564,0.6876492
302,0.35537225,0.6863191,0.22407828,0.7185943,0.4818798,0.6989925
303,0.35065752,0.6319834,0.22008377,0.7228973,0.46961486,0.68166393
304,0.3431485,0.66571933,0.225857,0.6994205,0.45814037,0.68294954
305,0.36376524,0.67159534,0.22684664,0.70702547,0.5115886,0.75299394
306,0.34285718,0.7532376,0.21860507,0.66922677,0.49335235,0.7037653
307,0.36484653,0.72709334,0.22955528,0.7001965,0.4956865,0.7134733
308,0.36677346,0.7329224,0.22230244,0.67042065,0.49082348,0.7090509
309,0.35723656,0.74140656,0.22864942,0.67595565,0.50766003,0.7272544
310,0.3587156,0.7499787,0.22343762,0.67438775,0.44799533,0.6637529
311,0.35495633,0.7073032,0.22554243,0.6497689,0.49155456,0.7019297
312,0.35208967,0.7477743,0.22653364,0.66360927,0.4852435,0.7091448
313,0.36119416,0.628621,0.23230472,0.72141033,0.5279433,0.72946507
314,0.363384,0.69720197,0.22480443,0.70925575,0.49119368,0.7377756
315,0.36875367,0.7388905,0.22830914,0.6142939,0.49999475,0.68902797
316,0.34723285,0.63494456,0.2202689,0.65870875,0.50657284,0.71346945
317,0.3468218,0.6898098,0.22525696,0.6923929,0.47986498,0.7036237
318,0.35220626,0.70951563,0.2311364,0.6627936,0.49037185,0.7175572
319,0.35929585,0.6272226,0.22241235,0.6683712,0.5036106,0.725342
320,0.35331348,0.5664712,0.22747962,0.62704384,0.5036394,0.70326555
321,0.35476533,0.6803595,0.22337095,0.64670366,0.4957442,0.70115733
322,0.35787305,0.59184825,0.2263041,0.6862934,0.4813392,0.6818266
323,0.3638891,0.6240503,0.22845116,0.630323,0.47651705,0.653974
324,0.34911773,0.60009,0.21721731,0.6483897,0.44838843,0.6582052
325,0.35558578,0.5387764,0.23195024,0.672236,0.46797204,0.6947284
326,0.35992968,0.58154976,0.22296676,0.6320056,0.48436818,0.67761886
327,0.3542425,0.6065759,0.22308582,0.6734629,0.47567144,0.67109704
328,0.35107294,0.6047584,0.22808392,0.6690814,0.49031526,0.73118305
329,0.36521584,0.5974438,0.22723027,0.7249955,0.5158961,0.7463976
330,0.342153,0.66795254,0.22506909,0.7066403,0.4811354,0.7236004
331,0.36328906,0.73156893,0.2212607,0.71759266,0.48265263,0.7229108
332,0.34760916,0.75934935,0.22285078,0.7475621,0.44178596,0.6761112
333,0.36804107,0.7500637,0.22843586,0.7341946,0.49446797,0.69678825
334,0.35522974,0.7290983,0.22287597,0.6962276,0.48945832,0.69263124
335,0.36211064,0.7653704,0.22482355,0.76403534,0.47740036,0.69129777
336,0.35600725,0.6934641,0.22912897,0.6799956,0.44240436,0.64790106
337,0.35590342,0.5166676,0.22112036,0.700174,0.45650867,0.67196476
338,0.3639724,0.48482072,0.22339013,0.7043427,0.46565187,0.6601928
339,0.37166065,0.5098058,0.22108927,0.71859825,0.47894406,0.6926534
340,0.35831508,0.5016687,0.22104347,0.72388536,0.48611385,0.6904227
341,0.35720426,0.47123897,0.229455,0.68383616,0.5200901,0.71491015
342,0.3657839,0.4497536,0.2179859,0.707239,0.48678082,0.7139845
343,0.35922828,0.44321978,0.22990555,0.669641,0.50910085,0.7119293
344,0.358011,0.5641195,0.22203943,0.67080563,0.48905426,0.71135
345,0.35497597,0.5480068,0.22566974,0.7666155,0.51430583,0.75827557
346,0.35395423,0.5238999,0.22491197,0.732484,0.46619117,0.7067823
347,0.34719044,0.56779546,0.21964407,0.712224,0.46586606,0.6948235
348,0.3594332,0.592349,0.22170326,0.6339682,0.48677114,0.7174852
349,0.35808104,0.5351503,0.22386184,0.66233397,0.48703316,0.70100254
350,0.3568,0.6647098,0.22485511,0.7161098,0.503409,0.725475
351,0.35436952,0.69825894,0.22931418,0.73106813,0.49457374,0.72213554
352,0.34713045,0.7399795,0.22359134,0.7631843,0.51953185,0.75430495
353,0.3498857,0.7179271,0.23829892,0.6934268,0.52242273,0.69148153
354,0.35445675,0.73293465,0.22724319,0.7171673,0.5119977,0.7023817
355,0.352575,0.7506646,0.22197285,0.67562,0.48812282,0.67608005
356,0.35591605,0.73341113,0.21964604,0.7033156,0.504711,0.70096546
357,0.35694072,0.7424542,0.2285595,0.7262286,0.48057544,0.6787956
358,0.3571273,0.7271446,0.216498,0.63211393,0.47257414,0.6676007
359,0.36160377,0.7476008,0.22319673,0.6522588,0.48483154,0.673343
360,0.3417108,0.7493658,0.22621839,0.6972022,0.44668126,0.6738423
361,0.35896698,0.72725695,0.22349699,0.68610233,0.47612965,0.6969434
362,0.36297926,0.73502636,0.21938503,0.70275146,0.47852567,0.729872
363,0.362379,0.7196269,0.232306,0.6677023,0.47085235,0.7122182
364,0.35634634,0.72075313,0.2299893,0.7041678,0.4595089,0.6925742
365,0.36605567,0.6775839,0.22510016,0.6225379,0.43247592,0.6698977
366,0.3495379,0.67861325,0.22232862,0.7289523,0.4476086,0.69379085
367,0.35729584,0.6470814,0.22276002,0.6848172,0.44968876,0.70964086
368,0.35090345,0.5734615,0.23064995,0.6960916,0.43089548,0.6970339
369,0.37131193,0.5956703,0.22438174,0.7281763,0.48834074,0.7200374
370,0.36559024,0.6477515,0.22209506,0.72365606,0.50697404,0.7601869
371,0.35433868,0.63155043,0.227628,0.6996577,0.48473558,0.7217019
372,0.36035815,0.5756048,0.22362962,0.7040825,0.5143578,0.75673336
373,0.36545792,0.58884007,0.22813725,0.7115563,0.47960496,0.71571106
374,0.35670316,0.6265377,0.2241835,0.6624467,0.47298443,0.7228555
375,0.36592975,0.5255637,0.22269867,0.67675525,0.48675877,0.73484266
376,0.356604,0.61483705,0.21928194,0.68015367,0.46134788,0.69622725
377,0.35305777,0.6193537,0.22785829,0.6902073,0.49300703,0.7220663
378,0.36791596,0.5717653,0.22748148,0.632582,0.48135328,0.71969503
379,0.35139817,0.60297096,0.22595502,0.7085043,0.47562635,0.7354123
380,0.3679911,0.5009016,0.22999431,0.6468701,0.49170792,0.7099776
381,0.37308604,0.7015079,0.22431551,0.6239981,0.49013656,0.6975626
382,0.36181945,0.6023978,0.22667663,0.7218239,0.48363754,0.7175786
383,0.36643112,0.6368325,0.22330584,0.7033084,0.47389498,0.69724053
384,0.35453564,0.6676879,0.22814323,0.7623331,0.51594156,0.7725086
385,0.35508788,0.6372936,0.22946636,0.7695552,0.51794535,0.75496143
386,0.34705848,0.6559699,0.22692433,0.75981766,0.49447018,0.7312525
387,0.34523362,0.62857157,0.23171431,0.782263,0.52130467,0.7714566
388,0.35030493,0.68001145,0.2251987,0.7102956,0.4891726,0.73865885
389,0.3541358,0.66895545,0.22229984,0.7444119,0.51967597,0.7630536
390,0.3551519,0.7522675,0.2316076,0.75842786,0.5289791,0.7886868
391,0.35113645,0.7415911,0.22663593,0.75707966,0.5059954,0.74287647
392,0.34059542,0.7535213,0.22457735,0.7152137,0.507808,0.727241
393,0.3541918,0.78213155,0.22705007,0.73876274,0.5067874,0.7338179
394,0.35368347,0.7684425,0.21891156,0.73873895,0.50579077,0.7378253
395,0.3563689,0.75479597,0.22430055,0.704125,0.50669676,0.739766
396,0.34485593,0.78336495,0.2227781,0.70950896,0.45450157,0.6761133
397,0.36099884,0.74253327,0.2293242,0.74398243,0.4874474,0.7217142
398,0.34992328,0.68717724,0.22705868,0.7826105,0.47201967,0.7107079
399,0.36214778,0.68435353,0.22920068,0.6993999,0.49681634,0.6998154
400,0.34726274,0.5989387,0.22439896,0.81255937,0.44211325,0.70044595
401,0.3539088,0.6514283,0.21878342,0.7555447,0.47604448,0.70009595
402,0.35496113,0.7526163,0.22564901,0.69541126,0.5108823,0.7463934
403,0.35218015,0.7137396,0.22337581,0.6764881,0.51614916,0.71687573
404,0.34357533,0.7450999,0.2340496,0.70887035,0.5215102,0.758377
405,0.34679833,0.7886864,0.2292948,0.7448361,0.50268173,0.7268114
406,0.35401756,0.7203792,0.22803059,0.6804902,0.5412553,0.763163
407,0.3434889,0.7570377,0.21989089,0.76692843,0.51433945,0.77422255
408,0.36091265,0.62372273,0.22605948,0.7030784,0.49151093,0.7052197
409,0.35886142,0.53132576,0.21903619,0.7500599,0.4724168,0.6983944
410,0.36157215,0.5534442,0.2224216,0.7259676,0.49340376,0.71233475
411,0.36430597,0.5586098,0.22177616,0.75623196,0.51013654,0.7535015
412,0.35746628,0.59807366,0.22506823,0.75292325,0.49589777,0.74726886
413,0.35039577,0.532283,0.2247513,0.7712466,0.47189775,0.70237523
414,0.3678464,0.5834977,0.22094071,0.76161283,0.4488037,0.63904864
415,0.34845933,0.5904837,0.2324712,0.74892044,0.4546088,0.6561367
416,0.36727569,0.56167406,0.22249323,0.74965006,0.45944855,0.68133885
417,0.35585564,0.5583576,0.22923869,0.7559346,0.44879097,0.6967487
418,0.35307813,0.5120675,0.23392658,0.7649527,0.4558298,0.6933326
419,0.36828032,0.5515892,0.22316077,0.66949296,0.45903373,0.660073
420,0.35340506,0.5505123,0.22020511,0.71059614,0.43450737,0.6231147
421,0.36254343,0.5953921,0.22836252,0.76883477,0.44128186,0.62522113
422,0.3662937,0.66798866,0.22814573,0.7505781,0.44943705,0.6648288
423,0.34942046,0.6682022,0.22457919,0.7023146,0.44253555,0.6560816
424,0.35595432,0.6340624,0.22181703,0.72883165,0.45356238,0.6973471
425,0.3548335,0.6806946,0.22751734,0.75202334,0.5069062,0.74387753
426,0.35358158,0.6351913,0.2204668,0.7511368,0.50397927,0.75096995
427,0.36329684,0.74167943,0.22584261,0.732398,0.50582004,0.69726163
428,0.34629,0.7549787,0.23783955,0.7631479,0.51650846,0.751759
429,0.34922108,0.77984273,0.22533712,0.7578513,0.48799437,0.7167667
430,0.34455907,0.7568897,0.21880038,0.763239,0.4932119,0.7519726
431,0.34036854,0.7909324,0.22503488,0.73508036,0.4918415,0.7283324
432,0.34710237,0.75948447,0.22418483,0.67759347,0.5060714,0.7497644
433,0.3495586,0.7804713,0.22558355,0.7180972,0.48193315,0.73347396
434,0.346063,0.7726124,0.22462037,0.67518854,0.48909447,0.72121346
435,0.35350788,0.8027777,0.22433992,0.7211143,0.500862,0.7364272
436,0.3405378,0.76128495,0.22306375,0.7627541,0.5082522,0.7529976
437,0.35021386,0.7904884,0.22854428,0.75919217,0.49740577,0.76814526
438,0.35624078,0.76424164,0.2195555,0.65318185,0.51185787,0.72393346
439,0.33216843,0.77808475,0.22800827,0.65514153,0.5173759,0.76555604
440,0.34328377,0.795888,0.22425903,0.6502459,0.4982303,0.72171926
441,0.35272413,0.8073026,0.21856901,0.6402992,0.513292,0.7358696
442,0.34918812,0.7605701,0.2261317,0.5732432,0.49579912,0.6866234
443,0.34129003,0.78630334,0.22435686,0.55452174,0.47899938,0.699984
444,0.3504094,0.75330085,0.23642135,0.5150282,0.4840204,0.6910492
445,0.35909432,0.7094598,0.22615743,0.5999593,0.49778524,0.7303905
446,0.3453074,0.79992825,0.23320098,0.53486854,0.50615335,0.72110474
447,0.35480726,0.7612286,0.22659639,0.5215826,0.49229044,0.6840494
448,0.3567915,0.7746941,0.22539464,0.5608185,0.50850636,0.71871424
449,0.3488806,0.78809386,0.22464849,0.5859825,0.4799431,0.71615756
450,0.35230455,0.77006835,0.22752412,0.53988653,0.51336974,0.7480042
451,0.3531531,0.7256445,0.22616132,0.49597865,0.5025424,0.7527901
452,0.34923458,0.77744,0.22750935,0.51225984,0.49047032,0.74009657
453,0.34683457,0.78013307,0.22069287,0.53871053,0.49283013,0.73707604
454,0.3515142,0.7121704,0.22508062,0.54399514,0.4936851,0.72621596
455,0.33633476,0.7545361,0.22287102,0.5672298,0.47430047,0.7172032
456,0.3426569,0.7244328,0.21788403,0.46285298,0.46931937,0.7102477
457,0.35405943,0.7753432,0.22658305,0.55274165,0.50334096,0.7371651
458,0.34904343,0.7474856,0.21961854,0.5410475,0.4601268,0.7069146
459,0.33299965,0.75222063,0.21816458,0.66788435,0.43592367,0.6983211
460,0.34728882,0.64822674,0.22724044,0.692393,0.4568686,0.6920395
461,0.36129722,0.70283824,0.23213673,0.64643383,0.47156447,0.70937973
462,0.35264882,0.6595655,0.2259172,0.6792515,0.512971,0.75017214
463,0.35590702,0.75746065,0.22963813,0.7270373,0.49502644,0.7512592
464,0.3469115,0.7828325,0.21944307,0.6868209,0.46666366,0.69226754
465,0.35572755,0.7521813,0.22712205,0.65518636,0.5157011,0.74188274
466,0.3471994,0.7854607,0.22802898,0.6948109,0.52584356,0.74212813
467,0.35153022,0.7647394,0.2189205,0.6795664,0.5018689,0.7380136
468,0.34910116,0.7550298,0.22923873,0.65928155,0.5180997,0.7472262
469,0.3595169,0.7712516,0.22036773,0.6792915,0.48777685,0.72188497
470,0.36327878,0.7754517,0.22169435,0.68006337,0.46825007,0.68588966
471,0.36802596,0.7277982,0.23136981,0.69327533,0.50969476,0.7347961
472,0.37167743,0.7296482,0.22936097,0.66272086,0.5023578,0.68602157
473,0.35916206,0.7852704,0.22023344,0.7440381,0.46090418,0.688366
474,0.3591128,0.7776789,0.21755135,0.6878925,0.46861878,0.6803308
475,0.35079667,0.7703527,0.22498277,0.8542984,0.39975208,0.6718991
476,0.3456921,0.7835975,0.23039019,0.8249533,0.4052465,0.6709076
477,0.33908278,0.7674162,0.22390836,0.82441616,0.4094437,0.65300673
478,0.35047242,0.7669772,0.22671232,0.7086839,0.45759904,0.70534045
479,0.3639686,0.75646764,0.22636008,0.6817076,0.48423424,0.7186638
480,0.35160303,0.76565737,0.22351795,0.68280494,0.50144774,0.7396391
481,0.36578187,0.7318063,0.22708346,0.66322136,0.50892335,0.7386472
482,0.3494781,0.7820947,0.22347344,0.6964883,0.49250397,0.71313936
483,0.35898796,0.7832616,0.2279135,0.6940475,0.4843145,0.72135985
484,0.37231895,0.67745817,0.21874921,0.6347045,0.507958,0.7171701
485,0.35218146,0.70001966,0.22373103,0.74617016,0.48048884,0.7525646
486,0.36438406,0.56266963,0.22772542,0.67051375,0.51390433,0.7544647
487,0.37831816,0.581365,0.2346058,0.6719609,0.4664192,0.6953411
488,0.37287086,0.6370949,0.2252751,0.6960742,0.4709839,0.70237017
489,0.35693586,0.5246321,0.22828841,0.6546686,0.4849186,0.7258078
490,0.36387312,0.47002062,0.22332908,0.6627119,0.49682453,0.75278735
491,0.36688927,0.54687685,0.22908093,0.52410495,0.49472427,0.77466065
492,0.35725987,0.56616277,0.22581248,0.5257588,0.5126431,0.73798347
493,0.363849,0.6347961,0.23338507,0.56840056,0.5183408,0.77278143
494,0.3665111,0.6594689,0.22276714,0.47758445,0.5234141,0.74101025
495,0.36525473,0.76745063,0.22594242,0.5824521,0.45247674,0.7326853
496,0.3616634,0.8030424,0.22716835,0.4948539,0.50727737,0.7452364
497,0.35057017,0.8065602,0.21832375,0.5709251,0.5028942,0.7567997
498,0.35667416,0.8237328,0.22139423,0.5608098,0.48512205,0.7477529
