,Glu3A--HIS:0
0,0.6736692
1,0.7125446
2,0.69512564
3,0.74040824
4,0.8156289
5,0.79067457
6,0.780335
7,0.7664026
8,0.7708077
9,0.7645486
10,0.75113875
11,0.671298
12,0.6522684
13,0.6332492
14,0.7584772
15,0.773815
16,0.75243473
17,0.74750584
18,0.6788085
19,0.7078397
20,0.6805331
21,0.65396875
22,0.71282136
23,0.7021041
24,0.51638913
25,0.5320494
26,0.5202177
27,0.6664841
28,0.65915513
29,0.6054747
30,0.6633984
31,0.69886214
32,0.73851675
33,0.6606156
34,0.70104116
35,0.6590723
36,0.6186054
37,0.6492446
38,0.61564887
39,0.6262076
40,0.45419136
41,0.46631363
42,0.65373427
43,0.49745896
44,0.6494439
45,0.6622586
46,0.6291689
47,0.62315154
48,0.6024364
49,0.6996709
50,0.7010958
51,0.6516931
52,0.591525
53,0.61444396
54,0.51992095
55,0.48611075
56,0.432161
57,0.6824081
58,0.66392213
59,0.7500349
60,0.6550303
61,0.5929735
62,0.698394
63,0.7352606
64,0.7764066
65,0.78258723
66,0.71181107
67,0.6720696
68,0.7129581
69,0.71678203
70,0.77373475
71,0.74372506
72,0.78995997
73,0.75406075
74,0.7798173
75,0.7348734
76,0.75755996
77,0.68035185
78,0.7721203
79,0.73972005
80,0.7897111
81,0.6034175
82,0.69895166
83,0.6723542
84,0.6966512
85,0.62135524
86,0.6507002
87,0.7109865
88,0.6677024
89,0.7418923
90,0.676535
91,0.7551763
92,0.5718288
93,0.6182899
94,0.6444529
95,0.6061103
96,0.6872201
97,0.5967404
98,0.61267495
99,0.5929323
100,0.570794
101,0.5380174
102,0.45840737
103,0.5484489
104,0.63860166
105,0.5984349
106,0.49027586
107,0.5706476
108,0.5663025
109,0.70730567
110,0.7022173
111,0.738133
112,0.7619519
113,0.6718854
114,0.6746592
115,0.71292627
116,0.7226418
117,0.7778455
118,0.7939066
119,0.8026445
120,0.7578843
121,0.74686545
122,0.7698965
123,0.73396397
124,0.7429602
125,0.718718
126,0.74745995
127,0.8143342
128,0.77813506
129,0.78124255
130,0.7944104
131,0.75548184
132,0.7663613
133,0.6537826
134,0.5401963
135,0.47767577
136,0.5554424
137,0.59870803
138,0.6618492
139,0.67840445
140,0.7586058
141,0.7796405
142,0.71425235
143,0.72475046
144,0.6234274
145,0.60909504
146,0.53851753
147,0.4502226
148,0.44142887
149,0.47621447
150,0.46576074
151,0.47034052
152,0.4776695
153,0.37311846
154,0.55153275
155,0.40565947
156,0.53042704
157,0.4459378
158,0.46122763
159,0.4859164
160,0.5248094
161,0.6321686
162,0.6326787
163,0.5436022
164,0.4832755
165,0.5401115
166,0.50007504
167,0.43469632
168,0.511938
169,0.40137076
170,0.40918654
171,0.49482876
172,0.40733132
173,0.40600166
174,0.39650488
175,0.3177681
176,0.36635384
177,0.3141321
178,0.32923552
179,0.5387377
180,0.5486244
181,0.51960355
182,0.6325534
183,0.6194031
184,0.5890653
185,0.53637916
186,0.6119197
187,0.64119196
188,0.60954374
189,0.65740603
190,0.6141561
191,0.5813921
192,0.62241167
193,0.61480063
194,0.61632055
195,0.6163227
196,0.6213071
197,0.68966955
198,0.7802717
199,0.70239645
200,0.55171275
201,0.5511936
202,0.6119014
203,0.5345216
204,0.4740018
205,0.55190825
206,0.4345955
207,0.4974747
208,0.62896687
209,0.62939584
210,0.6650779
211,0.58217084
212,0.5247029
213,0.5662306
214,0.5534876
215,0.57614917
216,0.6571212
217,0.6467209
218,0.59813267
219,0.55524063
220,0.5594239
221,0.5624205
222,0.5361392
223,0.5578726
224,0.5210195
225,0.6109766
226,0.6382997
227,0.6851771
228,0.7221449
229,0.6918564
230,0.6934024
231,0.57866293
232,0.52612525
233,0.5957457
234,0.70165
235,0.68920887
236,0.73108095
237,0.7097015
238,0.66138667
239,0.6577703
240,0.69273555
241,0.71250105
242,0.74463797
243,0.62626904
244,0.64805114
245,0.61156833
246,0.55508775
247,0.55846214
248,0.5945471
249,0.5774343
250,0.5762007
251,0.5542946
252,0.6120489
253,0.56653714
254,0.46594286
255,0.5017456
256,0.52048105
257,0.46565896
258,0.4844823
259,0.42084008
260,0.5483463
261,0.6162386
262,0.6064348
263,0.58847314
264,0.58898824
265,0.54691404
266,0.5666179
267,0.49727112
268,0.56209195
269,0.37064183
270,0.36886567
271,0.46117908
272,0.52918756
273,0.4145623
274,0.41898152
275,0.49841323
276,0.2902368
277,0.3239333
278,0.37474328
279,0.36990646
280,0.3821591
281,0.50246
282,0.53494453
283,0.4785228
284,0.33907264
285,0.28351906
286,0.2843214
287,0.42048082
288,0.48164424
289,0.46143916
290,0.36138284
291,0.46830958
292,0.38322097
293,0.4644736
294,0.46856317
295,0.46466672
296,0.46592152
297,0.48223588
298,0.4655451
299,0.5902523
300,0.6018923
301,0.5706309
302,0.55453694
303,0.60398346
304,0.563022
305,0.59654176
306,0.54063475
307,0.6381087
308,0.5504005
309,0.5382561
310,0.57293063
311,0.5505021
312,0.5441537
313,0.58932155
314,0.60253423
315,0.6297929
316,0.6296606
317,0.61971194
318,0.633207
319,0.5704421
320,0.49382773
321,0.5083187
322,0.67855096
323,0.5684478
324,0.60622317
325,0.6812467
326,0.7241527
327,0.7814267
328,0.713693
329,0.6648942
330,0.68072665
331,0.7260064
332,0.71396756
333,0.69091266
334,0.726146
335,0.64656526
336,0.7228248
337,0.64380574
338,0.7178421
339,0.8070039
340,0.82171124
341,0.7460771
342,0.69868255
343,0.7009027
344,0.72552854
345,0.6616843
346,0.659212
347,0.6834334
348,0.57252085
349,0.6202305
350,0.73231536
351,0.7543788
352,0.7144724
353,0.6635229
354,0.6955281
355,0.7469859
356,0.7398918
357,0.73743457
358,0.7842937
359,0.74115664
360,0.77101123
361,0.7082477
362,0.7032739
363,0.67095107
364,0.68619984
365,0.69659144
366,0.5404806
367,0.6783263
368,0.5072509
369,0.5867571
370,0.6987108
371,0.7092142
372,0.6742544
373,0.7420241
374,0.7259
375,0.65839636
376,0.65115875
377,0.66780984
378,0.6191699
379,0.7158571
380,0.7341625
381,0.76304775
382,0.806592
383,0.7183171
384,0.742901
385,0.7428862
386,0.69362086
387,0.7211889
388,0.7778336
389,0.7622442
390,0.7330824
391,0.762041
392,0.7053436
393,0.7696334
394,0.75804836
395,0.7873453
396,0.8159216
397,0.81327826
398,0.741977
399,0.72395754
400,0.5696015
401,0.42178956
402,0.59518343
403,0.666402
404,0.73742574
405,0.6874563
406,0.73022693
407,0.7702238
408,0.65690655
409,0.6987674
410,0.6790517
411,0.74123544
412,0.71800137
413,0.71707034
414,0.6507745
415,0.66006285
416,0.67475027
417,0.554743
418,0.5174961
419,0.7101005
420,0.65331763
421,0.51665115
422,0.5300154
423,0.55190665
424,0.5368764
425,0.49213427
426,0.56964177
427,0.61859566
428,0.62705564
429,0.7813711
430,0.7736928
431,0.72615737
432,0.7295312
433,0.68038505
434,0.7471842
435,0.7216914
436,0.686841
437,0.616556
438,0.7094745
439,0.6845226
440,0.6552054
441,0.5560886
442,0.5710402
443,0.5637506
444,0.5820932
445,0.6320754
446,0.68595994
447,0.5642681
448,0.57725173
449,0.4675478
450,0.46865752
451,0.47011715
452,0.5967712
453,0.592792
454,0.5251162
455,0.6690066
456,0.5310784
457,0.49021542
458,0.46196723
459,0.4626494
460,0.5751058
461,0.6311643
462,0.55224997
463,0.56048226
464,0.59719324
465,0.58044964
466,0.64364696
467,0.71892357
468,0.6877332
469,0.68686235
470,0.5907059
471,0.7291459
472,0.6011768
473,0.6936727
474,0.6937733
475,0.6449884
476,0.662636
477,0.6265598
478,0.72759163
479,0.6287976
480,0.5919605
481,0.6228115
482,0.6741634
483,0.74314904
484,0.75966823
485,0.6325616
486,0.6558394
487,0.64737815
488,0.6260682
489,0.6505502
490,0.59789294
491,0.6709782
492,0.6718925
493,0.4623772
494,0.5388873
495,0.5419648
496,0.4963419
497,0.51607186
498,0.46141246
