,HIS_0
0,0.75438285
1,0.7928659
2,0.81236595
3,0.78620756
4,0.7788182
5,0.75720006
6,0.7823818
7,0.78924304
8,0.81623906
9,0.78467035
10,0.79537123
11,0.7848699
12,0.79967886
13,0.7935222
14,0.7401937
15,0.66453
16,0.67008513
17,0.69833994
18,0.71265733
19,0.7112791
20,0.78101414
21,0.7606045
22,0.7788127
23,0.72965384
24,0.77649146
25,0.7952251
26,0.7878038
27,0.78976476
28,0.7624451
29,0.79011166
30,0.7391015
31,0.76405334
32,0.75205874
33,0.7438906
34,0.6879958
35,0.7694468
36,0.7123952
37,0.72118425
38,0.7196865
39,0.6974266
40,0.76685447
41,0.6886993
42,0.7437166
43,0.81781715
44,0.7368054
45,0.7051082
46,0.6357147
47,0.6273483
48,0.65554386
49,0.68644
50,0.6559596
51,0.6224251
52,0.7057129
53,0.56494987
54,0.643401
55,0.6708762
56,0.63983417
57,0.6443425
58,0.64096975
59,0.6737659
60,0.64366484
61,0.665355
62,0.6819031
63,0.6661238
64,0.59863484
65,0.5508969
66,0.5478986
67,0.66029924
68,0.6015885
69,0.65430266
70,0.7592035
71,0.69441205
72,0.74583703
73,0.67562157
74,0.7715462
75,0.7735445
76,0.7624454
77,0.78274167
78,0.77038014
79,0.71562034
80,0.74172795
81,0.78271484
82,0.75676847
83,0.76488745
84,0.7265253
85,0.7728337
86,0.6662333
87,0.7219578
88,0.7420958
89,0.72159517
90,0.6594316
91,0.6805202
92,0.7217266
93,0.72097033
94,0.60915434
95,0.57132846
96,0.6071209
97,0.632103
98,0.5384345
99,0.6160574
100,0.63772875
101,0.5848004
102,0.58770216
103,0.7303737
104,0.6457349
105,0.5484987
106,0.62287843
107,0.5769793
108,0.6083097
109,0.5951706
110,0.5001917
111,0.47934386
112,0.67875016
113,0.6681318
114,0.70437306
115,0.63782567
116,0.74960166
117,0.6998563
118,0.6911731
119,0.6944692
120,0.63174695
121,0.68525356
122,0.6094427
123,0.55609334
124,0.727436
125,0.75295997
126,0.7446299
127,0.79206717
128,0.7012945
129,0.7488369
130,0.7236184
131,0.7254967
132,0.78682333
133,0.7731079
134,0.76416713
135,0.8008547
136,0.7781011
137,0.75219023
138,0.7691912
139,0.78102934
140,0.7922172
141,0.79830825
142,0.78550917
143,0.81827646
144,0.78562045
145,0.79459757
146,0.7909971
147,0.8046756
148,0.7937459
149,0.81790996
150,0.8102688
151,0.77872425
152,0.7781105
153,0.7820218
154,0.78723985
155,0.7755037
156,0.75714785
157,0.81163514
158,0.7276674
159,0.790396
160,0.7884141
161,0.75939494
162,0.7652058
163,0.70319915
164,0.71450067
165,0.7643898
166,0.7925298
167,0.76930887
168,0.7837976
169,0.7711857
170,0.7705709
171,0.69196504
172,0.6891832
173,0.6909712
174,0.68612087
175,0.7187721
176,0.71603477
177,0.73610234
178,0.719448
179,0.7699581
180,0.7539491
181,0.71137744
182,0.74120563
183,0.66543937
184,0.6356815
185,0.6008597
186,0.6454355
187,0.6608512
188,0.662066
189,0.58284634
190,0.5736589
191,0.5192143
192,0.512312
193,0.58448356
194,0.5530122
195,0.5991447
196,0.6412606
197,0.59974575
198,0.47784653
199,0.45733154
200,0.5017225
201,0.64576524
202,0.57650316
203,0.47203332
204,0.6012359
205,0.6638177
206,0.65332377
207,0.65745556
208,0.66046226
209,0.51358235
210,0.6434022
211,0.6277288
212,0.670351
213,0.5963732
214,0.604517
215,0.5770355
216,0.5716854
217,0.63989604
218,0.60126275
219,0.5591833
220,0.5825641
221,0.65144926
222,0.7151749
223,0.5973788
224,0.5446257
225,0.5448925
226,0.69317454
227,0.67720366
228,0.7634847
229,0.8069617
230,0.79168415
231,0.80267596
232,0.7956462
233,0.80180043
234,0.69575197
235,0.7704009
236,0.68806344
237,0.7030338
238,0.71761316
239,0.7247662
240,0.7580901
241,0.7557105
242,0.7522406
243,0.76350176
244,0.7406265
245,0.7251699
246,0.72159547
247,0.65442914
248,0.6795977
249,0.7526562
250,0.75530493
251,0.7572998
252,0.68626785
253,0.67151177
254,0.7229613
255,0.6912783
256,0.62752646
257,0.66407776
258,0.5723015
259,0.634459
260,0.5926408
261,0.7065995
262,0.6975692
263,0.7165406
264,0.6955896
265,0.7047612
266,0.7161023
267,0.73970586
268,0.7297421
269,0.67631644
270,0.73973686
271,0.77726614
272,0.7684602
273,0.7071554
274,0.711493
275,0.6983954
276,0.70258
277,0.7277189
278,0.73791605
279,0.6382961
280,0.60486305
281,0.5994307
282,0.59798497
283,0.70192456
284,0.7058474
285,0.7252172
286,0.7474402
287,0.7037256
288,0.72015804
289,0.6807071
290,0.66813606
291,0.71530825
292,0.60328907
293,0.7463572
294,0.6649256
295,0.6582785
296,0.6448671
297,0.6360133
298,0.68205565
299,0.76872987
300,0.6619289
301,0.5909102
302,0.5900771
303,0.5813545
304,0.5963571
305,0.61861557
306,0.5150669
307,0.5870263
308,0.46674356
309,0.5285241
310,0.6079048
311,0.75803614
312,0.7925309
313,0.7455807
314,0.73587924
315,0.70889044
316,0.71634865
317,0.7515539
318,0.78150105
319,0.77059835
320,0.80278546
321,0.7691611
322,0.7866048
323,0.7238509
324,0.7674601
325,0.75828284
326,0.7618347
327,0.7476916
328,0.6883915
329,0.7140003
330,0.67441094
331,0.5428003
332,0.67870784
333,0.51966876
334,0.48775315
335,0.48047313
336,0.47819352
337,0.515604
338,0.5468295
339,0.62218493
340,0.6725969
341,0.60439926
342,0.6370037
343,0.5411976
344,0.6132198
345,0.55733025
346,0.5686727
347,0.6912383
348,0.5338229
349,0.54289424
350,0.6204599
351,0.63880813
352,0.6764063
353,0.6772711
354,0.70218
355,0.60461193
356,0.69101906
357,0.46153104
358,0.5298553
359,0.56860566
360,0.5125102
361,0.5944272
362,0.57258004
363,0.57173395
364,0.6726702
365,0.6135081
366,0.61357105
367,0.59581375
368,0.62813586
369,0.66073126
370,0.5619299
371,0.59882593
372,0.6906363
373,0.7072115
374,0.72421795
375,0.6625317
376,0.72014993
377,0.7104092
378,0.70977014
379,0.68911964
380,0.6844239
381,0.65833896
382,0.6854739
383,0.6894143
384,0.7160174
385,0.6875178
386,0.72500366
387,0.71007663
388,0.7034177
389,0.68874913
390,0.717464
391,0.733377
392,0.73827255
393,0.7402263
394,0.6742098
395,0.73316026
396,0.69539756
397,0.68224055
398,0.7171838
399,0.6936459
400,0.69770694
401,0.74886906
402,0.667345
403,0.7217484
404,0.72565705
405,0.6483168
406,0.7034715
407,0.6924995
408,0.7399164
409,0.7445209
410,0.763946
411,0.7374918
412,0.74524295
413,0.7468276
414,0.7481074
415,0.70754117
416,0.6899934
417,0.7003445
418,0.7018863
419,0.699848
420,0.7406115
421,0.75919116
422,0.74276423
423,0.7669388
424,0.73385847
425,0.72044134
426,0.7286574
427,0.72680914
428,0.7371012
429,0.72136605
430,0.71032864
431,0.6619036
432,0.64218235
433,0.5831984
434,0.5888922
435,0.59572405
436,0.624833
437,0.5793767
438,0.5811424
439,0.56997854
440,0.6007346
441,0.61113435
442,0.608205
443,0.5842918
444,0.6170621
445,0.59265286
446,0.60324603
447,0.6022589
448,0.62913245
449,0.5951248
450,0.574634
451,0.59186673
452,0.57963216
453,0.6163666
454,0.58590853
455,0.62957317
456,0.6698848
457,0.6261917
458,0.5856882
459,0.57700706
460,0.6109853
461,0.638015
462,0.7139406
463,0.6711182
464,0.6511171
465,0.7185479
466,0.7203101
467,0.7313079
468,0.74132484
469,0.7238122
470,0.6825224
471,0.7730987
472,0.6962582
473,0.7144446
474,0.7757528
475,0.7059244
476,0.72214717
477,0.68009
478,0.6979346
479,0.6878955
480,0.721802
481,0.7325553
482,0.7730009
483,0.75836307
484,0.6853839
485,0.7425316
486,0.7480571
487,0.7803141
488,0.75784117
489,0.7876174
490,0.77148163
491,0.75219506
492,0.73824453
493,0.661887
494,0.6783744
495,0.63529485
496,0.64165974
497,0.7839818
498,0.6433365
