,MET_10
0,0.34000129
1,0.37961936
2,0.37209174
3,0.31569353
4,0.40719584
5,0.3967975
6,0.43493244
7,0.44283032
8,0.4096907
9,0.3538964
10,0.3428518
11,0.3618977
12,0.43920946
13,0.34410152
14,0.33445004
15,0.35489413
16,0.33451882
17,0.3185432
18,0.35011184
19,0.31881618
20,0.3477762
21,0.3277801
22,0.3416729
23,0.33948228
24,0.32229775
25,0.36737463
26,0.3863083
27,0.36543792
28,0.3311973
29,0.33178192
30,0.32786426
31,0.31560552
32,0.33939546
33,0.373384
34,0.41431886
35,0.36561692
36,0.3194071
37,0.37139615
38,0.45202062
39,0.32771105
40,0.35224816
41,0.38294652
42,0.41152018
43,0.40364856
44,0.33291692
45,0.35092613
46,0.33986497
47,0.3564579
48,0.39502624
49,0.47505865
50,0.4785122
51,0.36947146
52,0.43190688
53,0.4067012
54,0.4078433
55,0.40487966
56,0.5012482
57,0.43802834
58,0.41587725
59,0.49716333
60,0.44494578
61,0.56386256
62,0.44077033
63,0.47267282
64,0.54719657
65,0.5927272
66,0.5822877
67,0.5050189
68,0.4887725
69,0.46512577
70,0.65240914
71,0.63701904
72,0.578713
73,0.57260877
74,0.5762373
75,0.59893554
76,0.5153175
77,0.6343735
78,0.57551986
79,0.5546766
80,0.5900861
81,0.60559225
82,0.61008644
83,0.55313665
84,0.6381613
85,0.6275391
86,0.6498581
87,0.6480905
88,0.58527315
89,0.6502958
90,0.5981837
91,0.6246476
92,0.6614883
93,0.65956545
94,0.68887633
95,0.6678295
96,0.6595395
97,0.6353634
98,0.6463058
99,0.65604216
100,0.6248699
101,0.48823464
102,0.59660864
103,0.6436131
104,0.53765
105,0.5662829
106,0.623175
107,0.49619356
108,0.55662596
109,0.42304927
110,0.44656202
111,0.3834891
112,0.3771801
113,0.5129345
114,0.5386252
115,0.5079723
116,0.4797991
117,0.4383365
118,0.43493074
119,0.4202654
120,0.48760512
121,0.5241684
122,0.48392782
123,0.46109802
124,0.41125062
125,0.43372175
126,0.37558344
127,0.36457652
128,0.39682508
129,0.39688137
130,0.3961314
131,0.38463765
132,0.312878
133,0.45152423
134,0.3723003
135,0.42881224
136,0.3962682
137,0.35779336
138,0.44839883
139,0.38303742
140,0.38464355
141,0.5118554
142,0.40330833
143,0.39017236
144,0.3695148
145,0.3267629
146,0.35681784
147,0.4449768
148,0.36827874
149,0.3795466
150,0.44112533
151,0.47851256
152,0.4313699
153,0.37992316
154,0.3945461
155,0.49351674
156,0.46413156
157,0.39336103
158,0.4358999
159,0.4440149
160,0.38440484
161,0.49853447
162,0.5308374
163,0.5366259
164,0.6779231
165,0.67252403
166,0.6111097
167,0.58243716
168,0.60418564
169,0.6633859
170,0.61359984
171,0.6172822
172,0.68905413
173,0.5999094
174,0.6843005
175,0.63787436
176,0.66862875
177,0.68775356
178,0.7159844
179,0.66277564
180,0.645814
181,0.60098684
182,0.6632571
183,0.6700086
184,0.6369304
185,0.6371757
186,0.62773085
187,0.68673944
188,0.6688879
189,0.6674772
190,0.67280227
191,0.6641775
192,0.6443357
193,0.63471943
194,0.58469003
195,0.62283003
196,0.6634868
197,0.66053
198,0.6384217
199,0.6712652
200,0.6404733
201,0.67519224
202,0.63060945
203,0.66804093
204,0.6358513
205,0.6075238
206,0.5800456
207,0.58496106
208,0.5874054
209,0.59812385
210,0.6338113
211,0.605131
212,0.63251114
213,0.63029873
214,0.6813323
215,0.66036224
216,0.67289984
217,0.6533198
218,0.6671235
219,0.6889923
220,0.6806825
221,0.6986848
222,0.6834404
223,0.67035514
224,0.6457351
225,0.6629273
226,0.6943227
227,0.6891688
228,0.674657
229,0.6794629
230,0.6844852
231,0.6677819
232,0.6967151
233,0.67674184
234,0.6918573
235,0.7130157
236,0.7155468
237,0.7045803
238,0.679365
239,0.6903306
240,0.7004334
241,0.6794749
242,0.64452183
243,0.7146169
244,0.7162894
245,0.65879893
246,0.66919506
247,0.71113425
248,0.6451087
249,0.7029031
250,0.6815219
251,0.64728576
252,0.6688682
253,0.6839631
254,0.69028556
255,0.6940629
256,0.6776743
257,0.6660013
258,0.6631959
259,0.6526806
260,0.69066954
261,0.6829914
262,0.6468083
263,0.6679312
264,0.67780507
265,0.645588
266,0.6602665
267,0.6646301
268,0.65105355
269,0.69907427
270,0.67946434
271,0.697769
272,0.6980858
273,0.7054366
274,0.69794685
275,0.65783197
276,0.6650156
277,0.66761744
278,0.6912354
279,0.70265794
280,0.7241406
281,0.6782692
282,0.6804674
283,0.68582207
284,0.6718044
285,0.7210361
286,0.6604981
287,0.6814143
288,0.64631146
289,0.6621936
290,0.6670013
291,0.64048994
292,0.6076138
293,0.66981214
294,0.5931321
295,0.59254056
296,0.6547997
297,0.6527563
298,0.66322887
299,0.6629895
300,0.6498152
301,0.67438203
302,0.6763275
303,0.6665353
304,0.6750795
305,0.72076666
306,0.67906564
307,0.67978513
308,0.69159853
309,0.6903596
310,0.62506646
311,0.6537075
312,0.67645675
313,0.6942518
314,0.7113709
315,0.66402054
316,0.6754201
317,0.6916254
318,0.69659257
319,0.7100596
320,0.6804377
321,0.6856535
322,0.66102606
323,0.5680852
324,0.6097053
325,0.6716582
326,0.6159708
327,0.67109704
328,0.71521294
329,0.7024362
330,0.6769974
331,0.6975096
332,0.6761112
333,0.6625779
334,0.67272645
335,0.67630506
336,0.6430515
337,0.67196476
338,0.6367655
339,0.6812252
340,0.66637
341,0.67609054
342,0.6924208
343,0.686068
344,0.69578975
345,0.71910673
346,0.6944857
347,0.6885071
348,0.7018649
349,0.6777627
350,0.70163804
351,0.70008117
352,0.7205489
353,0.64851993
354,0.68085176
355,0.6726064
356,0.6888148
357,0.670287
358,0.64349055
359,0.6350196
360,0.65457803
361,0.67278594
362,0.6992086
363,0.6746748
364,0.6593173
365,0.64889795
366,0.6716208
367,0.6913379
368,0.6822902
369,0.68565303
370,0.7246195
371,0.67825425
372,0.71811944
373,0.67697084
374,0.69545966
375,0.7125856
376,0.6759618
377,0.696107
378,0.69026184
379,0.7209769
380,0.6830612
381,0.6764251
382,0.68156683
383,0.67781836
384,0.7320218
385,0.71504086
386,0.7109428
387,0.7189751
388,0.72426087
389,0.7226678
390,0.7484341
391,0.71057713
392,0.69765097
393,0.69946617
394,0.7130337
395,0.68387914
396,0.6448935
397,0.6881716
398,0.68745023
399,0.6200869
400,0.68827695
401,0.6746538
402,0.72052944
403,0.6943182
404,0.73873967
405,0.7119233
406,0.7379277
407,0.74060816
408,0.6856091
409,0.6793578
410,0.68463176
411,0.7310069
412,0.71980435
413,0.68798596
414,0.63032454
415,0.6445396
416,0.66336995
417,0.6790995
418,0.66530025
419,0.6339699
420,0.60189736
421,0.582271
422,0.65608495
423,0.6511742
424,0.6775652
425,0.6988478
426,0.7219154
427,0.66517735
428,0.70762295
429,0.6798468
430,0.7278192
431,0.69073194
432,0.7183384
433,0.7052336
434,0.70123476
435,0.7088713
436,0.71973515
437,0.7399159
438,0.7007966
439,0.7353424
440,0.7019592
441,0.7232244
442,0.662057
443,0.690375
444,0.66182584
445,0.6947682
446,0.6891805
447,0.67252946
448,0.6920245
449,0.6917099
450,0.71607804
451,0.72075164
452,0.7155152
453,0.7061069
454,0.68576765
455,0.6921755
456,0.66992015
457,0.70275843
458,0.66454524
459,0.6983211
460,0.6828341
461,0.6738589
462,0.70417374
463,0.73023456
464,0.69226754
465,0.72459155
466,0.7311894
467,0.73393476
468,0.74338275
469,0.72188497
470,0.68588966
471,0.7174281
472,0.672743
473,0.6806522
474,0.6803308
475,0.6718991
476,0.6709076
477,0.65300673
478,0.6854579
479,0.692555
480,0.6863121
481,0.6969766
482,0.6807891
483,0.6820832
484,0.68385553
485,0.72278583
486,0.7280031
487,0.6729368
488,0.6617442
489,0.6825085
490,0.69447684
491,0.7205749
492,0.68897355
493,0.71245015
494,0.6884085
495,0.6973223
496,0.6849634
497,0.7030871
498,0.70216167
