,Arg7B_NH1 -- H -- B:ARG:7:O,Arg7B_NH1 -- H -- B:MET:10:O
0,0.7940923,0.9811015
1,0.7760273,0.9565079
2,0.7703222,0.9293429
3,0.7989553,0.9829113
4,0.7382693,0.83249456
5,0.7284258,0.8702684
6,0.76799005,0.84707826
7,0.74780387,0.90793353
8,0.6626699,0.70723474
9,0.7249869,0.72961265
10,0.7250691,0.8011675
11,0.71886146,0.8172942
12,0.7508417,0.84071654
13,0.72174704,0.784594
14,0.71301216,0.7776484
15,0.70953894,0.7946756
16,0.71081316,0.78038305
17,0.78852254,1.026225
18,0.75582415,0.94924814
19,0.8363037,1.0002049
20,0.8439634,1.0468942
21,0.81528807,1.099273
22,0.8531605,1.0952839
23,0.8161252,1.0720732
24,0.8488686,1.0603826
25,0.8182789,1.0467186
26,0.727929,0.9643921
27,0.64305866,1.0634422
28,0.605146,1.0105982
29,0.6468225,1.0313317
30,0.6147838,0.95363307
31,0.56413096,0.83445007
32,0.6258067,0.9394935
33,0.6095876,0.8921438
34,0.6150023,0.8825894
35,0.6078753,0.9207409
36,0.6948023,0.96609527
37,0.6880162,0.95207226
38,0.7015648,1.0214114
39,0.8577047,1.1795958
40,0.824794,1.1421304
41,0.8225136,1.1338348
42,0.8212919,1.1924666
43,0.7940881,1.1736243
44,0.76407534,1.178332
45,0.74623716,1.1318496
46,0.7254494,1.2338641
47,0.7666376,1.1426835
48,0.783713,1.1285449
49,0.8230276,1.1671908
50,0.80302405,1.2041962
51,0.7444327,1.1848837
52,0.7903359,1.154688
53,0.76571923,1.1661955
54,0.7644295,1.0940789
55,0.74270004,1.0255501
56,0.8231142,1.0258834
57,0.8287684,1.1148794
58,0.836033,1.2070519
59,0.78925484,1.2288986
60,0.81038445,1.180696
61,0.7764572,1.1551148
62,0.79439276,1.1638402
63,0.80551744,1.2062274
64,0.82626116,1.294485
65,0.8200366,1.3101155
66,0.80534726,1.3264453
67,0.73107815,1.2482777
68,0.82253474,1.2230107
69,0.80341417,1.2176923
70,0.77355707,1.2091208
71,0.81069064,1.2454491
72,0.8138414,1.21697
73,0.849323,1.1519309
74,0.82897305,1.0978144
75,0.7626709,1.1496896
76,0.7471782,1.1681215
77,0.7348295,1.0615755
78,0.56045586,0.88360053
79,0.5673207,0.8105062
80,0.56648207,0.95888907
81,0.5933243,1.0060931
82,0.6065476,0.9614748
83,0.65509504,0.95429605
84,0.6390892,0.95959467
85,0.57957506,1.0359266
86,0.63034046,0.96974003
87,0.61786544,0.9909479
88,0.7967019,1.1133839
89,0.74874306,1.1232425
90,0.6559424,1.0742952
91,0.6946967,0.99509937
92,0.54709804,0.85642207
93,0.5523875,0.9041394
94,0.5741405,0.92526674
95,0.5649313,0.96445733
96,0.6328108,1.0048954
97,0.7092885,1.0710251
98,0.56983733,0.8886816
99,0.55097383,0.94260997
100,0.6016753,1.017203
101,0.6154937,1.0062678
102,0.6575047,1.0814734
103,0.63351405,0.9256332
104,0.5234349,0.87012666
105,0.58608466,0.99999666
106,0.68984807,1.0175886
107,0.6205826,0.93486506
108,0.5647756,0.9445568
109,0.6251518,0.953056
110,0.6994178,0.9870895
111,0.57351434,0.98822045
112,0.5946378,0.9613984
113,0.5078982,0.8762544
114,0.585213,1.0021514
115,0.5464025,0.9679313
116,0.61854535,1.0721457
117,0.56224936,0.93499076
118,0.56047314,0.91767114
119,0.615906,0.98671037
120,0.6076127,0.94845104
121,0.59501344,0.96208537
122,0.53281736,0.84184355
123,0.5652755,0.9144741
124,0.63287926,0.7583237
125,0.5125361,0.9504981
126,0.5597914,0.96744716
127,0.69902396,0.9683805
128,0.6534521,1.0321093
129,0.63908446,1.0332091
130,0.5863942,0.85856897
131,0.6088506,0.9713663
132,0.6831923,1.0165083
133,0.5780353,0.93304855
134,0.6962208,1.0430036
135,0.6560876,1.0046607
136,0.62614775,0.95649743
137,0.6031406,0.95389736
138,0.689269,1.0575887
139,0.73600084,1.1338357
140,0.69315267,1.0944651
141,0.65828305,1.1159594
142,0.6882411,0.9991105
143,0.6473454,1.0695908
144,0.6557998,1.0562655
145,0.6135384,0.971192
146,0.676055,1.0511916
147,0.66533,1.0325421
148,0.66148937,0.9675346
149,0.6422909,0.99191624
150,0.697607,1.0881501
151,0.7725686,1.1078625
152,0.72953963,1.0233918
153,0.7366508,1.0921804
154,0.7671851,1.0942872
155,0.7831495,1.1512928
156,0.7272963,0.97893554
157,0.7340465,1.1698833
158,0.7423427,1.2248374
159,0.7535561,1.2812936
160,0.7450208,1.2448158
161,0.80113304,1.1807201
162,0.75769687,1.1316391
163,0.6477876,1.0210072
164,0.7428417,1.0436264
165,0.72592974,1.0055753
166,0.74269646,1.0601894
167,0.76586413,1.0232328
168,0.7465288,0.9991741
169,0.75691545,1.0669034
170,0.7258474,0.9482881
171,0.7244311,0.95753604
172,0.6643853,0.94288003
173,0.7378944,1.0021688
174,0.7313668,1.0235599
175,0.71840686,1.0047371
176,0.7109841,0.94644105
177,0.6993168,1.0249443
178,0.7275574,1.0136361
179,0.6637959,0.9519362
180,0.6439037,0.8855895
181,0.67724407,1.054982
182,0.62755805,0.98344564
183,0.64687586,0.96256924
184,0.5288956,0.92512405
185,0.45514226,0.8412705
186,0.5452757,0.87649596
187,0.55092025,0.79925543
188,0.6923137,1.0148388
189,0.79213476,0.9699181
190,0.707346,0.9893735
191,0.72453666,1.088823
192,0.7335823,1.0834438
193,0.73103476,1.1553757
194,0.7703489,1.1026105
195,0.6673372,1.1036836
196,0.65252614,0.99219674
197,0.74186087,1.0685093
198,0.7151737,1.032038
199,0.71648896,1.0744694
200,0.6815234,1.1103362
201,0.712756,1.1425933
202,0.73091066,1.1050613
203,0.642276,0.96328104
204,0.56919974,0.89640987
205,0.7027775,1.0941375
206,0.6828943,1.1405156
207,0.7244423,1.0797288
208,0.7024515,1.0787818
209,0.73610485,0.9618818
210,0.6881085,0.84887946
211,0.6857456,0.80796295
212,0.71525955,0.8412809
213,0.7245063,0.80428845
214,0.7356801,0.87199056
215,0.74624854,1.0351348
216,0.7270759,0.98112744
217,0.7156114,1.0529935
218,0.7575324,0.9546902
219,0.75384676,0.9561757
220,0.742055,0.9505089
221,0.66088504,1.0180007
222,0.7463718,1.0020093
223,0.7269733,1.0002716
224,0.7570495,0.99952126
225,0.7187845,1.0059747
226,0.7476054,0.9960693
227,0.7309394,1.0617595
228,0.71695256,1.0314103
229,0.70160306,1.0841624
230,0.62071705,0.92473185
231,0.53432333,0.85152
232,0.6035432,0.89910775
233,0.5231521,0.76991487
234,0.7111044,1.0029963
235,0.7048203,0.8503748
236,0.69045085,0.8612997
237,0.71535105,0.869386
238,0.663584,0.91181475
239,0.5086281,0.79194623
240,0.49826163,0.7757659
241,0.533923,0.74142957
242,0.5163294,0.8587613
243,0.4927239,0.78764695
244,0.5178464,0.8502799
245,0.5366484,0.8611613
246,0.64913946,0.8901118
247,0.5732793,0.8535869
248,0.4557935,0.73657495
249,0.51889694,0.7960054
250,0.5880556,0.8460366
251,0.55710685,0.8281194
252,0.6111334,0.891755
253,0.5552005,0.87087595
254,0.61322373,0.937411
255,0.51458293,0.8296225
256,0.5184881,0.73904616
257,0.5409114,0.89459455
258,0.5232598,0.8176578
259,0.5177723,0.74764234
260,0.54050744,0.7261496
261,0.5848811,0.8057154
262,0.58907807,0.7521925
263,0.5943963,0.76068485
264,0.57669866,0.6958714
265,0.63548553,0.855699
266,0.6857765,0.9473753
267,0.7323094,0.9383612
268,0.7291232,1.0037941
269,0.7214768,1.0538942
270,0.69013953,0.9221545
271,0.6218703,0.80176854
272,0.7323339,0.8987928
273,0.60589236,0.85118794
274,0.57118374,0.7581103
275,0.5940537,0.7931546
276,0.5297073,0.6357651
277,0.5596142,0.8215253
278,0.5109568,0.73630726
279,0.60692924,0.84767723
280,0.58217466,0.80465657
281,0.5913468,0.7622867
282,0.57031494,0.8541499
283,0.6095403,0.91930485
284,0.58205646,0.9111659
285,0.6265716,0.8876009
286,0.60985297,0.859927
287,0.50746506,0.83935523
288,0.5122391,0.85920054
289,0.5522607,0.9426353
290,0.57255566,1.0315489
291,0.55119485,0.9828418
292,0.59892756,0.96037644
293,0.4970336,0.7805039
294,0.5123195,0.79392684
295,0.49433097,0.79240775
296,0.49187443,0.7601676
297,0.4750303,0.69067466
298,0.5415959,0.8575094
299,0.48409656,0.6473781
300,0.49588472,0.7855401
301,0.47196501,0.64643407
302,0.5267286,0.72448564
303,0.5173351,0.79216605
304,0.5436072,0.8380403
305,0.5312795,0.74662274
306,0.46676654,0.61772966
307,0.5251866,0.6985551
308,0.49563405,0.77602726
309,0.4716938,0.745223
310,0.4654131,0.67080104
311,0.45114627,0.7096868
312,0.5520805,0.81161904
313,0.52959275,0.8990627
314,0.49096078,0.89538074
315,0.5501814,0.9448508
316,0.56406224,0.8448739
317,0.6201446,0.88943845
318,0.71485627,1.010411
319,0.6090604,0.9328643
320,0.6809799,0.95959234
321,0.710175,1.0304607
322,0.7518095,0.98554385
323,0.7054461,0.9348869
324,0.7453306,0.95091647
325,0.7312117,0.92376953
326,0.7439716,0.87504673
327,0.71868,0.90573907
328,0.7305552,0.9663138
329,0.6822052,0.9651503
330,0.67950267,0.88363826
331,0.7395661,1.0152318
332,0.7553021,0.9691648
333,0.70907867,0.9906598
334,0.7236214,0.98402715
335,0.72658825,1.0182076
336,0.732007,1.0773662
337,0.7304224,1.0045028
338,0.74074495,1.0092653
339,0.7499141,1.0680141
340,0.70114386,1.0040623
341,0.7408433,1.161988
342,0.64524657,1.0348936
343,0.7524134,1.1162503
344,0.7692015,1.0982459
345,0.6189573,1.0036392
346,0.7023601,1.0784072
347,0.7057902,1.0240397
348,0.6638294,1.0137413
349,0.55946946,0.888577
350,0.6257171,0.97524774
351,0.5877914,0.90591776
352,0.59602785,0.8437409
353,0.59180784,0.80704445
354,0.60482436,0.8843971
355,0.5777492,0.81741565
356,0.47880897,0.79566073
357,0.484495,0.7883868
358,0.52457523,0.8694233
359,0.5846547,0.86589515
360,0.64688736,0.9697104
361,0.6332372,0.97624856
362,0.62643886,0.866237
363,0.70082486,0.99632406
364,0.75406164,1.0979011
365,0.7484419,1.0709289
366,0.7497483,1.0516316
367,0.7763968,1.0395064
368,0.753727,1.020917
369,0.6634047,0.86871254
370,0.6503189,0.91865486
371,0.7370486,1.0401429
372,0.7288849,1.0915763
373,0.7624938,1.0021861
374,0.73261595,1.0251354
375,0.73991627,1.062438
376,0.7610169,1.0130692
377,0.7465607,1.0082418
378,0.69002515,0.9257221
379,0.7162748,0.9467792
380,0.60547954,0.84564686
381,0.7882744,0.9472621
382,0.74610275,1.0168991
383,0.7531002,1.0656652
384,0.74299866,0.9748529
385,0.76961297,1.0890021
386,0.75456035,0.9627264
387,0.7182708,0.9496523
388,0.7541046,0.9984786
389,0.7003425,0.7900214
390,0.665847,0.7249663
391,0.6709422,0.6894332
392,0.63550156,0.616326
393,0.6715335,0.57561916
394,0.6280932,0.5900621
395,0.61553127,0.6879049
396,0.64288205,0.76250523
397,0.64623034,0.63653976
398,0.652259,0.7874565
399,0.66784835,0.7523548
400,0.66202164,0.6596507
401,0.6383013,0.62513584
402,0.5912625,0.53147364
403,0.5710201,0.4739154
404,0.6107777,0.57728535
405,0.5719069,0.56102407
406,0.5882489,0.5178897
407,0.6045768,0.58704954
408,0.5704113,0.631648
409,0.5692081,0.7099643
410,0.531782,0.5955257
411,0.5768032,0.50226647
412,0.6230827,0.58577025
413,0.64954776,0.5482936
414,0.6673804,0.6272698
415,0.70907503,0.7079888
416,0.6532123,0.6189783
417,0.6550646,0.691658
418,0.6415227,0.7046555
419,0.64648616,0.6253863
420,0.69730264,0.81381565
421,0.7272943,0.7344817
422,0.7152184,0.7132854
423,0.72962713,0.8746145
424,0.7292348,0.8594395
425,0.74245685,0.8425659
426,0.6877387,0.8664361
427,0.73022807,0.7671146
428,0.6936738,0.90088457
429,0.73400986,0.7962041
430,0.6454616,0.83879125
431,0.6888059,0.68024075
432,0.76692194,0.81688386
433,0.66570574,0.7748512
434,0.6431625,0.7193196
435,0.6014875,0.7594597
436,0.5894281,0.7039775
437,0.59589636,0.682432
438,0.6823154,0.8886963
439,0.7440018,0.96235317
440,0.7307477,0.98002714
441,0.5145398,0.8610273
442,0.6241433,0.93149495
443,0.6350582,0.9868222
444,0.48081315,0.88732964
445,0.54552513,0.92458
446,0.44936574,0.72983193
447,0.55294347,0.7537862
448,0.5703909,0.83563536
449,0.5404103,0.81085485
450,0.5154141,0.85432506
451,0.5654426,0.87871665
452,0.5263191,0.7567502
453,0.5200195,0.8457604
454,0.5110643,0.767052
455,0.5798134,0.77491295
456,0.51953363,0.7375302
457,0.64479715,0.80271316
458,0.5404012,0.6858456
459,0.5632297,0.62161636
460,0.55257076,0.7556143
461,0.6009776,0.888004
462,0.53378916,0.7611164
463,0.70285803,0.8742341
464,0.61304784,0.82119924
465,0.50720334,0.685811
466,0.53868437,0.7946893
467,0.57279533,0.7823532
468,0.49730414,0.6836939
469,0.53411376,0.81866443
470,0.69093513,0.9067733
471,0.62436664,0.97360706
472,0.46744135,0.7664855
473,0.51745474,0.7636824
474,0.53473437,0.91159385
475,0.59829986,0.934115
476,0.56682837,1.0930573
477,0.58315575,1.1232275
478,0.568265,1.0805826
479,0.52998745,0.9841089
480,0.5721173,1.010006
481,0.51303,0.9960173
482,0.6319166,1.0755137
483,0.74393666,1.1100212
484,0.7049072,1.1886395
485,0.699922,1.0854435
486,0.69378424,1.1951007
487,0.66854554,1.1612381
488,0.6690759,1.133027
489,0.67488265,1.0269986
490,0.7357181,1.2004625
491,0.73791766,1.1266222
492,0.7511918,1.032057
493,0.7533517,1.1395304
494,0.7318334,1.2593194
495,0.7441805,1.3064436
496,0.74097306,1.1540666
497,0.7356198,1.1772736
498,0.6989455,1.1053106
