,Arg7B_N -- H -- B:GLU:5:O,Arg7B_N -- H -- B:VAL:6:O,Arg7B_N -- H -- B:ARG:7:O,Arg7B_N -- H -- B:LYS:8:O,Arg7B_N -- H -- B:MET:10:O
0,0.34522924,0.22969192,0.3756063,0.6228088,0.51136273
1,0.29565847,0.22646834,0.37157974,0.60277826,0.5176152
2,0.30107546,0.2266549,0.3660998,0.6067457,0.42122927
3,0.30242229,0.23104887,0.36177158,0.60451066,0.45684993
4,0.315362,0.22599347,0.36020908,0.61494535,0.46182838
5,0.28333125,0.22587813,0.35785383,0.6326646,0.5014355
6,0.35162178,0.22354338,0.37116155,0.6176313,0.48652613
7,0.29162025,0.22101517,0.35854697,0.6246908,0.53485954
8,0.31525007,0.2246914,0.36344892,0.6105112,0.53876394
9,0.32992193,0.21844739,0.36731437,0.6082414,0.424142
10,0.3678209,0.22515495,0.35685936,0.60724616,0.45518848
11,0.37832013,0.22672684,0.37257996,0.62485,0.42844397
12,0.337994,0.22214358,0.35970953,0.59457344,0.5501959
13,0.35046205,0.22166581,0.35368404,0.59043807,0.46331468
14,0.40627044,0.21881865,0.36424938,0.6111384,0.41722727
15,0.3348263,0.22769578,0.36514008,0.6071781,0.49657738
16,0.33347383,0.21828079,0.36361912,0.6011923,0.45263195
17,0.31250876,0.22473013,0.36875233,0.6341758,0.48575586
18,0.30107835,0.22676171,0.3704223,0.6122581,0.4430002
19,0.3458924,0.22148488,0.36567032,0.6168437,0.43044108
20,0.30882564,0.22515969,0.3661821,0.6486043,0.53296953
21,0.31202736,0.22282438,0.37002108,0.6093969,0.43819398
22,0.29431227,0.22574297,0.36478293,0.6067702,0.45406497
23,0.33988973,0.22263323,0.36365953,0.60126054,0.45268062
24,0.34213322,0.22161329,0.37205327,0.6335801,0.45956647
25,0.30738515,0.21910639,0.3614741,0.60444266,0.46653384
26,0.31624672,0.22283827,0.36153603,0.61927366,0.47057247
27,0.3300306,0.22563727,0.37607697,0.61853963,0.4277166
28,0.3323473,0.22364734,0.36364567,0.62472594,0.45448485
29,0.35527468,0.22101843,0.3560045,0.58631974,0.4502497
30,0.330797,0.22590098,0.37369004,0.6188654,0.47151423
31,0.32076055,0.22959515,0.3652069,0.6178197,0.46386185
32,0.31301844,0.22192436,0.35597497,0.6046795,0.5130397
33,0.3097053,0.221042,0.36245823,0.61076486,0.53853256
34,0.32554746,0.22816186,0.36582014,0.61223847,0.49833062
35,0.3217432,0.21973065,0.35894924,0.62007797,0.51969904
36,0.29824424,0.21961385,0.35676736,0.61266434,0.48718846
37,0.3197804,0.22094911,0.36998954,0.6192514,0.53094363
38,0.34169284,0.22564252,0.37105095,0.6107041,0.570329
39,0.35874966,0.22237492,0.35341096,0.62051105,0.5108306
40,0.32971412,0.22186424,0.3691722,0.6342412,0.72145766
41,0.3214075,0.22968686,0.36265388,0.6260542,0.69365025
42,0.3190058,0.22323082,0.3657581,0.6135108,0.66498464
43,0.36388683,0.23135196,0.36841163,0.6398398,0.6403539
44,0.32295048,0.21921664,0.3622173,0.6053475,0.6018025
45,0.30463248,0.22410832,0.36622387,0.6133854,0.6827204
46,0.30704996,0.22053587,0.36474124,0.6361907,0.6164278
47,0.32749385,0.22333407,0.3722071,0.62589216,0.66117597
48,0.3635176,0.2221675,0.37180364,0.62623316,0.62481
49,0.39351755,0.22726122,0.3596818,0.6337642,0.7217935
50,0.37275845,0.22230197,0.36727643,0.63367754,0.6946967
51,0.30422613,0.2263246,0.35846737,0.62658966,0.61677
52,0.32040998,0.22855906,0.37248558,0.63071525,0.6877304
53,0.31635407,0.22567576,0.36930513,0.62030274,0.67106956
54,0.3213387,0.22800212,0.3609411,0.61902106,0.6895416
55,0.32647428,0.22258918,0.36393547,0.63951564,0.67340666
56,0.32137144,0.21890445,0.3701037,0.63349444,0.6676714
57,0.2967354,0.22672565,0.3618836,0.6086202,0.7340544
58,0.3335511,0.22008464,0.3635795,0.6292904,0.7248139
59,0.31720212,0.22518109,0.36330262,0.6052527,0.69159734
60,0.31505764,0.22359747,0.36653367,0.6212323,0.69472367
61,0.30480006,0.22097905,0.37310615,0.6323281,0.7839951
62,0.32296863,0.22423066,0.36384028,0.60857815,0.70014757
63,0.31452176,0.22747369,0.36424553,0.61096233,0.7475723
64,0.3232196,0.2208804,0.36387405,0.5864112,0.72462046
65,0.33636346,0.22973368,0.36400503,0.62087864,0.777473
66,0.3025111,0.22680984,0.3654153,0.62796366,0.80300176
67,0.32614043,0.21835272,0.35872948,0.5989483,0.769095
68,0.33678266,0.21950017,0.36578023,0.5785075,0.7721347
69,0.30024096,0.21470581,0.360921,0.5858518,0.74354476
70,0.32637802,0.22635342,0.36330873,0.58481157,0.9580101
71,0.30497465,0.22376832,0.36920336,0.5859067,0.8845941
72,0.33839792,0.22247288,0.3629749,0.6244522,0.82514733
73,0.3062902,0.22257626,0.37358662,0.59137535,0.8281914
74,0.30806762,0.22559878,0.37147623,0.60367185,0.82560843
75,0.31885767,0.2223054,0.36761492,0.6023691,0.8570684
76,0.32996228,0.21798281,0.36132175,0.64867544,0.75271696
77,0.32973677,0.22043256,0.3636975,0.5992267,0.8625165
78,0.30616608,0.2262087,0.36901292,0.60396266,0.83827317
79,0.28348306,0.2250458,0.36969283,0.6072622,0.80366004
80,0.29407427,0.22619508,0.3682749,0.571515,0.8653966
81,0.30733326,0.2232551,0.3654452,0.6467726,0.8895456
82,0.29295188,0.22482818,0.36214605,0.5783299,0.8620229
83,0.2903068,0.21992299,0.36981216,0.61922747,0.83775723
84,0.31348303,0.22961617,0.36221373,0.60273254,0.8830269
85,0.32613507,0.22533439,0.36560798,0.6269211,0.86821246
86,0.30974483,0.22253288,0.36098006,0.5637813,0.93895173
87,0.30835113,0.21885002,0.35639697,0.57151526,0.9195584
88,0.3196616,0.2238447,0.36885214,0.5641786,0.8426255
89,0.30767566,0.22100028,0.36023843,0.5854912,0.90392864
90,0.31172165,0.22488049,0.36679173,0.6125998,0.8682889
91,0.26758522,0.22992425,0.367981,0.5975618,0.86436814
92,0.29132634,0.22571433,0.36225268,0.61262864,0.94385535
93,0.31151465,0.22223037,0.36386147,0.5858294,0.940365
94,0.316654,0.22320822,0.36818302,0.551086,0.92346966
95,0.29032707,0.21747126,0.35174885,0.55463725,0.9132676
96,0.29683083,0.21755952,0.35321516,0.55661625,0.9095091
97,0.3153731,0.22073123,0.36346275,0.5932106,0.9351305
98,0.3135515,0.22536854,0.35957745,0.5434383,0.87952507
99,0.30914626,0.22674593,0.3678177,0.53662604,0.874731
100,0.292828,0.22332129,0.36233768,0.5782434,0.8640579
101,0.29640907,0.22640565,0.3474368,0.5289774,0.7885768
102,0.31013632,0.22205624,0.3625738,0.5842888,0.857225
103,0.30572516,0.22370191,0.36570054,0.5571797,0.8938508
104,0.33441702,0.21560137,0.36084828,0.56416047,0.8005088
105,0.30957162,0.22125512,0.35527888,0.6171473,0.84383196
106,0.29108688,0.22423337,0.36845717,0.61089957,0.92960507
107,0.30019704,0.23322256,0.36787206,0.6067624,0.75248986
108,0.30917552,0.22208266,0.36348578,0.5737689,0.8309529
109,0.31929407,0.22594418,0.36260062,0.598681,0.7263898
110,0.28832853,0.21738313,0.3672349,0.5772414,0.7161473
111,0.2949188,0.22958465,0.35570598,0.60554016,0.6568635
112,0.345141,0.22137854,0.36418864,0.61552745,0.68261254
113,0.31935078,0.22022487,0.36332285,0.62232625,0.76935744
114,0.31578973,0.22832209,0.36717036,0.63165736,0.78840107
115,0.31254843,0.23053001,0.37485898,0.625649,0.7628413
116,0.3230089,0.22779723,0.35740966,0.60573095,0.73955196
117,0.34860966,0.23087865,0.35117954,0.6130067,0.69543177
118,0.30959377,0.22006637,0.35594738,0.5931706,0.7100234
119,0.3321648,0.21849425,0.36304596,0.6132962,0.695225
120,0.40187865,0.22669093,0.36721432,0.6150107,0.7363172
121,0.3341924,0.22060612,0.37448505,0.5496951,0.80140007
122,0.3428628,0.22264706,0.36851117,0.6097196,0.6640013
123,0.3644241,0.22472076,0.3670267,0.6115311,0.70553386
124,0.2949347,0.22661945,0.35345498,0.6308568,0.72137946
125,0.32534498,0.22046928,0.34957746,0.61370236,0.707894
126,0.3289017,0.22294213,0.36444676,0.6129405,0.654914
127,0.32774717,0.22012372,0.36217442,0.6179787,0.62071633
128,0.3596755,0.22326872,0.3605603,0.6332945,0.6431049
129,0.32023758,0.21910425,0.36516133,0.636969,0.6930948
130,0.32121664,0.23271793,0.36524668,0.62547654,0.7070809
131,0.31938684,0.23067117,0.3577437,0.63639814,0.7092925
132,0.36030805,0.21120234,0.34586322,0.61072046,0.6481268
133,0.35328928,0.22621663,0.3681819,0.62694067,0.6796761
134,0.3607525,0.21923777,0.3621124,0.6072164,0.64284337
135,0.41050816,0.22896089,0.358738,0.6259298,0.71012527
136,0.4526756,0.21679498,0.35314628,0.6388696,0.701575
137,0.43452144,0.22470428,0.36369693,0.61885816,0.66764265
138,0.3471157,0.22210276,0.3509832,0.6094688,0.7225433
139,0.3823387,0.21938807,0.3644999,0.60790706,0.6702826
140,0.32760778,0.22283241,0.35537776,0.6118466,0.6362804
141,0.32876784,0.22338815,0.37346876,0.6006088,0.6737996
142,0.3147136,0.22460574,0.36158517,0.60189193,0.645264
143,0.36666712,0.22740132,0.35924882,0.63395935,0.6866746
144,0.404695,0.22704905,0.36382425,0.6159415,0.6361165
145,0.33143806,0.2265921,0.3629229,0.6093765,0.6006994
146,0.3967767,0.2228972,0.37303922,0.6233521,0.653165
147,0.33214113,0.21956049,0.36521196,0.60205543,0.6813788
148,0.34384546,0.22114943,0.3638478,0.6081819,0.65805507
149,0.33915776,0.21844149,0.3561713,0.60499364,0.6807669
150,0.33754063,0.22403246,0.3644431,0.6497291,0.7164009
151,0.30603054,0.22797611,0.37154052,0.6352503,0.7148889
152,0.3133627,0.22385447,0.36113572,0.6115047,0.67150563
153,0.3522655,0.22199892,0.36807075,0.6240917,0.6726733
154,0.35782215,0.22821836,0.35922664,0.61524487,0.6072884
155,0.300591,0.22044696,0.36248198,0.633711,0.78802806
156,0.29797062,0.22285439,0.36792254,0.62886167,0.74769646
157,0.30105057,0.22359616,0.3496313,0.6070232,0.88868153
158,0.3542633,0.22978997,0.36503297,0.6299485,0.898705
159,0.300479,0.22893713,0.36342752,0.64153266,0.90576714
160,0.32584602,0.22467113,0.35495907,0.61705726,0.81655544
161,0.30994996,0.22250046,0.36721802,0.6212305,0.94838953
162,0.32790753,0.22376284,0.3537903,0.5859641,0.9633477
163,0.31011134,0.21982983,0.3687711,0.589144,0.99117875
164,0.30606073,0.23162298,0.36240327,0.5187498,1.0492065
165,0.32855123,0.22484785,0.35899782,0.50323904,1.0476881
166,0.31551164,0.22656865,0.36524922,0.5387446,1.0385332
167,0.30126938,0.22289638,0.35138357,0.55818105,0.9935287
168,0.32328555,0.22639543,0.36000258,0.5586164,1.0155212
169,0.28170007,0.22199349,0.35707614,0.5345205,1.0029274
170,0.29275188,0.22664076,0.35565856,0.54004437,1.0777231
171,0.29730538,0.2263196,0.34437883,0.5403378,1.0177137
172,0.29180005,0.22236633,0.35472953,0.5064959,1.1131816
173,0.31206632,0.2250541,0.36022994,0.57864547,1.0311412
174,0.34402925,0.22018442,0.37084126,0.5395013,1.1086912
175,0.34800154,0.23522012,0.36393872,0.5635594,1.0929444
176,0.34375998,0.21820657,0.3597681,0.45577186,1.1231478
177,0.30965337,0.22623546,0.36358112,0.5269141,1.1327833
178,0.30259678,0.22219963,0.36619028,0.520634,1.1531838
179,0.30393115,0.22371426,0.36412925,0.5644581,1.0409534
180,0.29907212,0.2243911,0.36851647,0.5694,1.0425034
181,0.3070214,0.22153078,0.36473975,0.5758927,1.006845
182,0.29272324,0.22180654,0.3634848,0.57585275,0.99678105
183,0.31183892,0.2306597,0.36125687,0.5969754,1.0009433
184,0.31134054,0.22560553,0.3642579,0.5733085,1.0514523
185,0.32761988,0.22599567,0.37841463,0.584717,1.0860687
186,0.32915503,0.22978699,0.3532689,0.5959755,1.0613476
187,0.33131382,0.21820746,0.364385,0.54235595,1.045446
188,0.29830983,0.22407848,0.34768024,0.55477995,1.0826745
189,0.30243582,0.2232616,0.3554711,0.6119708,1.1055189
190,0.30007213,0.22534841,0.36543652,0.5707634,1.0100209
191,0.33453304,0.22439706,0.3634123,0.5423262,1.1042242
192,0.32032284,0.22415929,0.37151355,0.5764794,1.0645608
193,0.29538125,0.22230224,0.36819553,0.5726417,1.0450519
194,0.3060052,0.22148521,0.36633593,0.5649717,1.0108273
195,0.31646976,0.22445722,0.3576138,0.5890625,1.0796835
196,0.30473956,0.22150357,0.36982614,0.56377846,1.078237
197,0.31296232,0.22676443,0.35832962,0.5642426,1.1078244
198,0.2983332,0.22342253,0.3596324,0.5968993,1.0940074
199,0.30412117,0.21638756,0.35570017,0.55107766,1.1108729
200,0.30251694,0.22002302,0.3617336,0.56328624,1.0862565
201,0.30651033,0.22133058,0.35674652,0.54172987,1.1006778
202,0.30858144,0.22738183,0.35817268,0.58372974,1.0493792
203,0.30581164,0.22751997,0.35756987,0.54696286,1.0905869
204,0.30919525,0.2188128,0.35758242,0.56841445,1.092404
205,0.3109991,0.22301829,0.36484337,0.531457,1.0248845
206,0.31520954,0.23229416,0.34922796,0.5988894,0.94295466
207,0.3328086,0.22989814,0.35154772,0.55505437,0.88934803
208,0.30004516,0.22519836,0.3565309,0.5310149,0.98567235
209,0.3001654,0.22646989,0.36308694,0.582867,0.9885453
210,0.3189307,0.22000024,0.36808443,0.5528011,1.0540308
211,0.3223608,0.23275211,0.3497894,0.5344558,1.0191907
212,0.32058513,0.22301105,0.36354047,0.5265593,1.0411563
213,0.3315816,0.22160476,0.3588224,0.54444844,1.0341253
214,0.31571582,0.22569151,0.37372747,0.5267841,1.0471011
215,0.27993,0.21848406,0.36927074,0.5206744,1.0012952
216,0.29637796,0.22840059,0.35986346,0.5346956,1.0811495
217,0.28903717,0.22288118,0.35341343,0.5137017,1.0373535
218,0.31735408,0.22100382,0.35753408,0.53835356,1.088195
219,0.29577008,0.2110087,0.35323986,0.54268485,1.0807238
220,0.30544788,0.22576569,0.3494427,0.52237976,1.0816543
221,0.28478438,0.22201598,0.36704165,0.5031719,1.0769516
222,0.30519307,0.22229597,0.35385147,0.50316656,1.0122421
223,0.30976892,0.2270435,0.3641269,0.5427923,1.0346665
224,0.2836693,0.22004628,0.3365726,0.5702435,1.0343255
225,0.30917582,0.22400077,0.35849363,0.5425833,1.0510119
226,0.3046185,0.22805099,0.35114595,0.54002345,0.9891501
227,0.3025491,0.22449641,0.344518,0.506025,1.011735
228,0.3064362,0.22880267,0.34297445,0.49822253,0.99680513
229,0.32139736,0.22458367,0.35246193,0.5627647,1.0590804
230,0.30382666,0.2233503,0.36420324,0.5289391,1.0495647
231,0.3128215,0.23042062,0.35076723,0.554383,1.0791398
232,0.33085412,0.22673847,0.3569013,0.5000594,0.98235786
233,0.31472325,0.22252935,0.36851472,0.5570858,0.9936222
234,0.35049218,0.2256516,0.35149303,0.53489506,1.0519288
235,0.32497057,0.22264145,0.3499948,0.5115339,1.0198574
236,0.28611484,0.22699575,0.3553868,0.5194873,1.1078635
237,0.31404972,0.22419101,0.36280492,0.5004793,1.0725046
238,0.27576864,0.22326544,0.35655797,0.5081843,1.0368528
239,0.32464263,0.222243,0.3497598,0.5230293,1.1073912
240,0.28590232,0.22904938,0.35304582,0.50715315,1.0679501
241,0.2780003,0.21782053,0.35881576,0.52195674,1.0786667
242,0.28687793,0.22302021,0.3631868,0.5234723,1.0644276
243,0.3015967,0.22842827,0.359375,0.5001638,1.10319
244,0.30231968,0.22609067,0.35788888,0.52511716,1.0320487
245,0.30955797,0.22835396,0.34428418,0.50532115,0.96990365
246,0.32087153,0.22820194,0.36183262,0.5260963,0.9965069
247,0.31499508,0.2240148,0.3642244,0.50969374,1.0376135
248,0.31026772,0.2226928,0.35351357,0.5376211,1.0074054
249,0.32897854,0.23235275,0.34549952,0.5062154,0.9480704
250,0.36149135,0.22892034,0.35150546,0.505723,1.0587094
251,0.29479095,0.22658515,0.3660539,0.53872824,0.98685104
252,0.29118142,0.21966408,0.35823372,0.5108074,1.0362126
253,0.29981202,0.22150171,0.37073633,0.5004231,1.0472338
254,0.2956906,0.22027873,0.35553715,0.48100922,1.0478977
255,0.32046163,0.22975194,0.35566163,0.48271176,1.0476793
256,0.31378695,0.22480911,0.35488307,0.5354415,1.0847366
257,0.31992078,0.22453734,0.36775476,0.5815751,1.0728831
258,0.3015171,0.22189409,0.3603647,0.51665705,1.0532707
259,0.31547913,0.2314619,0.3530321,0.5568807,1.0588602
260,0.33010253,0.22451165,0.35175863,0.5568478,1.0237995
261,0.28383508,0.22453694,0.36021605,0.5292728,1.0483818
262,0.30588928,0.22759815,0.34962922,0.538222,1.0093309
263,0.2879132,0.22840779,0.34711045,0.5483674,1.0147418
264,0.32761702,0.22362241,0.35010135,0.53459334,1.0468212
265,0.30301386,0.22235617,0.35770833,0.50515586,0.98626095
266,0.3073904,0.23041664,0.3613173,0.5208454,1.0151005
267,0.33545628,0.21998909,0.3600911,0.526998,1.0289773
268,0.29223663,0.22752874,0.35509944,0.57009184,1.0307888
269,0.2863985,0.2252968,0.3589191,0.50907475,1.0361316
270,0.31905788,0.2245616,0.34167224,0.51859254,1.0561113
271,0.30895978,0.22488438,0.3551635,0.49375966,1.0242903
272,0.31565586,0.2325984,0.35684788,0.50115997,1.0858893
273,0.2905213,0.22874984,0.33699515,0.51364154,1.0062339
274,0.2805827,0.22669744,0.35656685,0.49599627,1.025214
275,0.3131869,0.2201057,0.3511603,0.53523964,1.005582
276,0.2876517,0.22774324,0.35701126,0.5144162,0.97359234
277,0.27982345,0.22433835,0.35652116,0.4777595,1.0257279
278,0.3056537,0.22609709,0.3609882,0.50578326,1.0456214
279,0.29744548,0.2268124,0.35019135,0.5185104,1.1191547
280,0.30208874,0.22618468,0.352207,0.53341097,1.0627546
281,0.32048807,0.22699998,0.35725906,0.53758967,1.0161867
282,0.3132694,0.22906399,0.36549577,0.52185917,0.99724036
283,0.31225738,0.2165505,0.35685351,0.5033339,1.0377787
284,0.29894072,0.22031496,0.36335665,0.5310644,1.081576
285,0.2936019,0.22579892,0.357116,0.51742995,1.0534656
286,0.3306973,0.22343309,0.3548512,0.5129921,1.0003777
287,0.27666172,0.2210178,0.35907796,0.5188215,1.0295267
288,0.31810492,0.2220879,0.37126192,0.52767617,0.97973025
289,0.29731306,0.21702531,0.36492604,0.5377855,1.0304289
290,0.3092232,0.22468168,0.36136544,0.5491838,1.0601606
291,0.30540264,0.22523785,0.36403424,0.53198797,1.0933504
292,0.30743682,0.22205067,0.35662693,0.58025163,1.0203903
293,0.30568713,0.21506448,0.34368393,0.54749954,1.0828763
294,0.34998927,0.22175369,0.37394258,0.59216344,1.0243716
295,0.29866892,0.22483806,0.35172793,0.5681335,1.0236503
296,0.30795267,0.22647147,0.34667465,0.5248483,1.0666406
297,0.29337323,0.22101124,0.35302386,0.52451813,1.0441629
298,0.29945087,0.21879822,0.348625,0.5655949,1.0301862
299,0.28004286,0.21758257,0.36322442,0.51843584,1.0410364
300,0.29407245,0.22758982,0.36754474,0.5557618,1.0410305
301,0.30661497,0.21881926,0.34207928,0.5029656,1.0402366
302,0.310397,0.21881387,0.35537225,0.5035794,1.0088568
303,0.2852665,0.21658947,0.35065752,0.51512724,1.0225908
304,0.32000193,0.21958944,0.3431485,0.5494737,1.0639888
305,0.3459051,0.21673857,0.36376524,0.47061086,0.95335346
306,0.34071457,0.22112174,0.34285718,0.5216543,1.0278997
307,0.3212568,0.2248378,0.36484653,0.53329676,1.0308686
308,0.29210433,0.23209967,0.36677346,0.53460914,1.0284117
309,0.31212312,0.22379929,0.35723656,0.52512693,1.0062449
310,0.29595873,0.21817161,0.3587156,0.5117527,1.0031627
311,0.3156638,0.22527727,0.35495633,0.5373015,0.9524947
312,0.31392273,0.22408485,0.35208967,0.51711506,1.0418074
313,0.3054675,0.22757636,0.36119416,0.50064963,1.002229
314,0.28899097,0.22476126,0.363384,0.5290796,1.101924
315,0.29855973,0.2233428,0.36875367,0.52585644,0.9768046
316,0.2970743,0.22229117,0.34723285,0.5291597,1.0157064
317,0.27752832,0.22227268,0.3468218,0.49756804,1.0991696
318,0.28385842,0.22897129,0.35220626,0.5049778,1.0794245
319,0.30697903,0.22632343,0.35929585,0.51148635,1.0562047
320,0.28785604,0.22531995,0.35331348,0.5218493,1.0180883
321,0.29108694,0.22103101,0.35476533,0.543043,1.1110452
322,0.3229103,0.21795845,0.35787305,0.5430628,1.0651841
323,0.3216089,0.22610882,0.3638891,0.56114423,0.9935962
324,0.27299154,0.22353531,0.34911773,0.56265676,1.0435382
325,0.31198856,0.22218867,0.35558578,0.52161837,1.0198202
326,0.30992085,0.22944875,0.35992968,0.5323442,1.0647131
327,0.28228605,0.22733831,0.3542425,0.5275739,1.0542775
328,0.30682954,0.22165915,0.35107294,0.5319825,1.1175662
329,0.30326414,0.2215357,0.36521584,0.5001907,1.0544976
330,0.2770346,0.22594681,0.342153,0.5481641,1.0353805
331,0.31360772,0.22163202,0.36328906,0.50838435,0.9634214
332,0.2958925,0.22121032,0.34760916,0.55035526,1.0943701
333,0.3271818,0.21989606,0.36804107,0.5267318,1.061217
334,0.29055336,0.22218795,0.35522974,0.51424956,1.0559732
335,0.33501825,0.22459736,0.36211064,0.5224724,1.0482068
336,0.36464214,0.22695395,0.35600725,0.5280998,1.0232779
337,0.3116864,0.22307137,0.35590342,0.51104164,1.0919542
338,0.34054673,0.22154135,0.3639724,0.506923,1.0342485
339,0.32716224,0.22498834,0.37166065,0.5456052,1.0819869
340,0.3029475,0.22902572,0.35831508,0.5125051,1.051207
341,0.29230216,0.21924506,0.35720426,0.51420736,1.034511
342,0.304165,0.23425286,0.3657839,0.5255144,1.0311372
343,0.30291694,0.22016627,0.35922828,0.5217799,1.095708
344,0.32294983,0.22443627,0.358011,0.53213847,1.0335376
345,0.31118953,0.2201625,0.35497597,0.5053794,1.1169041
346,0.31273893,0.21657373,0.35395423,0.512226,1.0663496
347,0.3233435,0.22495867,0.34719044,0.49318856,1.0804869
348,0.34152734,0.22065295,0.3594332,0.49488845,1.043543
349,0.30721846,0.2243387,0.35808104,0.5115426,1.0237658
350,0.30527344,0.22339574,0.3568,0.5264632,1.0821024
351,0.3034438,0.22837721,0.35436952,0.47824278,1.0431669
352,0.31481165,0.24022609,0.34713045,0.46961233,1.1570319
353,0.31562153,0.2212974,0.3498857,0.51839346,1.0408889
354,0.30769134,0.2205535,0.35445675,0.5192165,1.0360639
355,0.33172765,0.22372541,0.352575,0.53165394,1.0184636
356,0.33857617,0.22385997,0.35591605,0.50078046,1.0039276
357,0.3572036,0.22578199,0.35694072,0.5354938,0.9789724
358,0.30886292,0.21449283,0.3571273,0.5470305,0.99400854
359,0.30164477,0.23062941,0.36160377,0.551811,0.9874244
360,0.30189502,0.22324568,0.3417108,0.5235062,0.9844807
361,0.3226228,0.23115605,0.35896698,0.5708575,0.94336116
362,0.31483796,0.21558318,0.36297926,0.56824577,0.99464446
363,0.31824848,0.22236471,0.362379,0.55537117,1.0439358
364,0.3211202,0.22771105,0.35634634,0.5326834,1.0155928
365,0.30990508,0.22263993,0.36605567,0.55165684,1.071462
366,0.29661793,0.2183425,0.3495379,0.5256858,1.0748519
367,0.29864758,0.22299209,0.35729584,0.5262244,1.052334
368,0.30475715,0.22003753,0.35090345,0.5347036,1.0192894
369,0.29126233,0.23123173,0.37131193,0.5278522,1.0348501
370,0.33635324,0.22337982,0.36559024,0.5054214,1.1209555
371,0.2824151,0.2166834,0.35433868,0.5477345,1.0424454
372,0.29372367,0.22070017,0.36035815,0.5354011,1.1003195
373,0.3047214,0.22088477,0.36545792,0.5260898,1.0780529
374,0.3186328,0.22235353,0.35670316,0.4911364,1.032797
375,0.3191852,0.22703913,0.36592975,0.54632217,1.0582994
376,0.29670045,0.21849287,0.356604,0.5703887,1.0728016
377,0.30317146,0.21903913,0.35305777,0.55169326,1.0774099
378,0.322964,0.22986117,0.36791596,0.50856483,1.0798061
379,0.30298197,0.23216179,0.35139817,0.5329018,1.1038463
380,0.29349363,0.23056297,0.3679911,0.54930377,1.0305284
381,0.3154446,0.22107917,0.37308604,0.556052,1.0109248
382,0.29536802,0.21747094,0.36181945,0.53514963,1.0771403
383,0.3046013,0.23093775,0.36643112,0.5506705,1.020076
384,0.32680804,0.22351131,0.35453564,0.48048133,1.1211877
385,0.31101286,0.21676615,0.35508788,0.48639444,1.1309533
386,0.30584586,0.22670272,0.34705848,0.5347394,1.066587
387,0.35009614,0.2284856,0.34523362,0.47949266,1.0511062
388,0.31868052,0.22165757,0.35030493,0.49535403,1.1259273
389,0.29879934,0.22845428,0.3541358,0.48788553,1.0792195
390,0.2869067,0.22327046,0.3551519,0.4864926,1.1520951
391,0.3184522,0.22079314,0.35113645,0.50837547,1.099386
392,0.31036854,0.22256128,0.34059542,0.46806568,1.0762118
393,0.33219874,0.22465204,0.3541918,0.4941137,1.0176222
394,0.3186456,0.22804816,0.35368347,0.51234066,1.0698165
395,0.29966542,0.22233441,0.3563689,0.4872808,1.0775013
396,0.3324771,0.22421525,0.34485593,0.539469,1.1066569
397,0.30981928,0.22612822,0.36099884,0.53976506,1.0795984
398,0.33026105,0.2201111,0.34992328,0.49999973,1.0797791
399,0.26766708,0.2233345,0.36214778,0.518899,1.0224625
400,0.31106207,0.22684108,0.34726274,0.50194293,1.0814497
401,0.344699,0.22547568,0.3539088,0.59190476,1.052101
402,0.29307082,0.21966228,0.35496113,0.5806835,1.1196859
403,0.32954732,0.22567539,0.35218015,0.5184882,1.1292399
404,0.3290629,0.22995298,0.34357533,0.4891858,1.1654967
405,0.302285,0.22114049,0.34679833,0.5123086,1.1546267
406,0.27592117,0.22794974,0.35401756,0.4989351,1.1687999
407,0.28818524,0.22058386,0.3434889,0.4968677,1.1348988
408,0.31436357,0.22289093,0.36091265,0.5182431,1.0193157
409,0.29916167,0.2179684,0.35886142,0.5120419,1.0807437
410,0.3316072,0.22307022,0.36157215,0.5353926,1.090122
411,0.27143705,0.2265772,0.36430597,0.50335574,1.1622431
412,0.3031811,0.22835718,0.35746628,0.4985449,1.1143875
413,0.30839938,0.22499181,0.35039577,0.5236144,1.0923167
414,0.31219712,0.23008236,0.3678464,0.56916916,1.0687313
415,0.32422677,0.22667785,0.34845933,0.573899,1.0886629
416,0.3019548,0.22816543,0.36727569,0.57367134,1.1273701
417,0.3178683,0.23055814,0.35585564,0.5743404,1.0912635
418,0.29748648,0.22619249,0.35307813,0.5612385,1.0839317
419,0.29838005,0.22716753,0.36828032,0.5664192,1.0617064
420,0.3020696,0.21973066,0.35340506,0.54245996,0.94901913
421,0.32010505,0.22033042,0.36254343,0.55244595,0.972639
422,0.32491335,0.21584739,0.3662937,0.57400954,0.9836151
423,0.3043292,0.22905105,0.34942046,0.53210545,0.92575413
424,0.28443944,0.22211981,0.35595432,0.5524501,1.0666518
425,0.3166103,0.22125195,0.3548335,0.52655673,1.1090342
426,0.32525647,0.22848654,0.35358158,0.5071164,1.0862969
427,0.3204323,0.22810192,0.36329684,0.5607839,0.979739
428,0.3349882,0.2212373,0.34629,0.5033516,1.0492004
429,0.29413715,0.2181439,0.34922108,0.5368889,1.0779462
430,0.32427466,0.22749923,0.34455907,0.51062965,1.1346684
431,0.3364892,0.23036557,0.34036854,0.48577076,1.0666484
432,0.3200441,0.22601965,0.34710237,0.5089027,1.0408309
433,0.33897302,0.22379796,0.3495586,0.5156606,1.0635172
434,0.32110077,0.22092587,0.346063,0.5270217,1.0174814
435,0.2985497,0.22577897,0.35350788,0.49132058,1.1005888
436,0.31823546,0.22501653,0.3405378,0.5028425,1.0514694
437,0.32513872,0.22065441,0.35021386,0.49971455,1.0981349
438,0.31883374,0.22090438,0.35624078,0.5040014,1.0697243
439,0.30098194,0.22541541,0.33216843,0.49925154,1.0636845
440,0.32798198,0.2259174,0.34328377,0.50596064,0.97808456
441,0.35169268,0.23202862,0.35272413,0.50289845,1.0784427
442,0.33290645,0.22168599,0.34918812,0.5123124,0.9860705
443,0.31650287,0.23170735,0.34129003,0.50628984,0.99517304
444,0.33742982,0.22609122,0.3504094,0.46028298,0.93438417
445,0.36855292,0.22921142,0.35909432,0.48813966,0.91047406
446,0.37829697,0.22226962,0.3453074,0.50421214,1.0308857
447,0.39653987,0.22435145,0.35480726,0.47444493,0.95677876
448,0.36568683,0.22207151,0.3567915,0.47371465,0.9960987
449,0.34448048,0.22081861,0.3488806,0.4750741,1.0537219
450,0.36961153,0.22255081,0.35230455,0.45459518,1.0707425
451,0.35022458,0.22814399,0.3531531,0.48413405,1.0278599
452,0.3837767,0.23220125,0.34923458,0.4654469,1.0311224
453,0.3863314,0.22555572,0.34683457,0.44971174,0.9678668
454,0.34186822,0.22317182,0.3515142,0.47903332,1.023107
455,0.40902233,0.22240554,0.33633476,0.4618877,0.97667354
456,0.37506318,0.2280059,0.3426569,0.5029132,1.0076106
457,0.4182959,0.21908772,0.35405943,0.45447698,1.0445902
458,0.3357456,0.21484211,0.34904343,0.48980743,0.963274
459,0.35424364,0.2290348,0.33299965,0.46128824,1.1033624
460,0.36690885,0.22315165,0.34728882,0.47023267,1.0625367
461,0.4489195,0.22294872,0.36129722,0.44880995,1.0313598
462,0.4165004,0.22677617,0.35264882,0.43543234,1.02667
463,0.4313681,0.22016035,0.35590702,0.44626114,1.1191074
464,0.36393362,0.22276233,0.3469115,0.41903824,1.1333729
465,0.42227104,0.21633047,0.35572755,0.4284937,1.1438444
466,0.4396661,0.22553822,0.3471994,0.4379072,1.1564338
467,0.41700014,0.22934377,0.35153022,0.408716,1.1347125
468,0.41860723,0.22434281,0.34910116,0.4561149,1.1699896
469,0.41325912,0.22741516,0.3595169,0.42635685,1.1589824
470,0.36989236,0.22811216,0.36327878,0.401465,1.1047077
471,0.35161486,0.22128402,0.36802596,0.44242972,1.1069702
472,0.35831293,0.22902893,0.37167743,0.4814629,0.95525455
473,0.3879596,0.22165544,0.35916206,0.4569125,1.0454587
474,0.34699273,0.22535667,0.3591128,0.43388188,1.0668749
475,0.34470493,0.22469817,0.35079667,0.38495407,1.0968392
476,0.31403264,0.22331567,0.3456921,0.47718066,1.0130787
477,0.35557175,0.22944291,0.33908278,0.42903748,1.003079
478,0.34148112,0.22428459,0.35047242,0.47283393,0.910065
479,0.31472504,0.22473396,0.3639686,0.49215657,0.961602
480,0.32629198,0.21880034,0.35160303,0.47078866,0.97386533
481,0.33127853,0.2245376,0.36578187,0.44726396,1.0244486
482,0.33068088,0.21582225,0.3494781,0.46608827,0.99006045
483,0.31554487,0.227969,0.35898796,0.43971995,0.9568331
484,0.33008817,0.2254511,0.37231895,0.44450936,0.945801
485,0.29842862,0.2247677,0.35218146,0.4374245,1.0381182
486,0.32755178,0.22995597,0.36438406,0.4403187,1.1207712
487,0.36216938,0.21733537,0.37831816,0.47284925,0.9995887
488,0.31207985,0.22624661,0.37287086,0.42482984,0.88591546
489,0.45462447,0.22051719,0.35693586,0.47361875,0.948658
490,0.43735173,0.22286059,0.36387312,0.41416863,0.90322423
491,0.46548718,0.22547467,0.36688927,0.42819995,0.9876154
492,0.37233847,0.2269961,0.35725987,0.44317678,0.9440271
493,0.35325354,0.22015882,0.363849,0.4161898,0.89676404
494,0.3645671,0.22291203,0.3665111,0.44039345,0.86146265
495,0.3868489,0.22721884,0.36525473,0.43737283,0.79787433
496,0.3485933,0.22207773,0.3616634,0.42006898,0.7769911
497,0.32951376,0.22458212,0.35057017,0.42336023,0.8323931
498,0.3611696,0.2253913,0.35667416,0.41768244,0.9882086
